0	36	104
1	130	162
2	273	289
3	324	442
4	523	635
5	700	806
6	881	993
7	1008	1025
8	1115	1153
9	1199	1246
10	1360	1408
11	1496	1631
12	1670	1765
13	1868	1961
14	2031	2062
15	2073	2171
16	2235	2282
17	2356	2408
18	2454	2522
19	2609	2711
20	2820	2995
21	3016	3071
22	3173	3216
23	3304	3435
24	3520	3536
25	3595	3669
26	3689	3773
27	3807	3852
28	3974	4119
29	4167	4261
30	4285	4347
31	4353	4421
32	4547	4638
33	4686	4723
34	4747	4797
35	4845	4880
36	4965	5046
37	5106	5133
38	5216	5233
39	5257	5352
40	5424	5494
41	5534	5559
42	5650	5765
43	5812	5855
44	5865	5882
45	5965	6049
46	6082	6169
47	6258	6352
48	6446	6469
49	6503	6552
50	6606	6622
51	6628	6661
52	6697	6818
53	6908	7034
54	7072	7115
55	7162	7195
56	7265	7292
57	7324	7373
58	7459	7522
59	7581	7704
60	7724	7809
61	7824	7925
62	7960	8052
63	8096	8191
64	8240	8306
65	8381	8440
66	8518	8536
67	8566	8621
68	8642	8671
69	8684	8779
70	8844	8874
71	8955	9048
72	9061	9158
73	9215	9264
74	9366	9389
75	9501	9558
76	9618	9716
77	9745	9807
78	9878	10007
79	10051	10122
80	10138	10164
81	10288	10325
82	10416	10430
83	10575	10659
84	10723	10766
85	10807	10824
86	10856	10954
87	11024	11129
88	11219	11300
89	11386	11411
90	11456	11497
91	11548	11558
92	11630	11655
93	11733	11757
94	11803	11816
95	11848	11907
96	11948	12009
97	12031	12085
98	12175	12252
99	12327	12367
100	12444	12527
101	12616	12642
102	12694	12806
103	12866	12896
104	12976	13017
105	13062	13152
106	13249	13277
107	13349	13369
108	13417	13496
109	13551	13663
110	13687	13701
111	13751	13821
112	13897	13952
113	14000	14062
114	14120	14186
115	14262	14379
116	14447	14574
117	14609	14679
118	14713	14741
119	14757	14834
120	14950	15025
121	15046	15056
122	15095	15112
123	15118	15204
124	15231	15300
125	15423	15523
126	15555	15604
127	15694	15732
128	15824	15893
129	15992	16026
130	16134	16206
131	16243	16300
132	16388	16417
133	16459	16551
134	16651	16662
135	16706	16810
136	16955	17020
137	17087	17154
138	17233	17254
139	17313	17347
140	17372	17434
141	17467	17519
142	17545	17560
143	17628	17700
144	17772	17835
145	17898	17930
146	17999	18010
147	18139	18190
148	18244	18272
149	18354	18364
150	18384	18458
151	18532	18557
152	18657	18709
153	18811	18863
154	18946	19043
155	19061	19156
156	19231	19248
157	19317	19351
158	19453	19544
159	19632	19641
160	19735	19826
161	19847	19903
162	19945	20050
163	20067	20106
164	20178	20237
165	20282	20346
166	20432	20547
167	20677	20726
168	20773	20800
169	20872	20946
170	21000	21055
171	21088	21105
172	21193	21207
173	21241	21339
174	21404	21476
175	21553	21596
176	21622	21747
177	21797	21901
178	22026	22085
179	22116	22186
180	22262	22315
181	22345	22381
182	22395	22493
183	22512	22532
184	22619	22672
185	22710	22807
186	22856	22893
187	22953	22993
188	23112	23130
189	23176	23223
190	23273	23304
191	23383	23427
192	23442	23507
193	23561	23570
194	23634	23693
195	23833	23885
196	23946	24053
197	24067	24086
198	24101	24170
199	24232	24250
200	24303	24315
201	24403	24412
202	24517	24528
203	24622	24684
204	24764	24780
205	24871	24930
206	24991	25101
207	25160	25190
208	25229	25280
209	25294	25341
210	25368	25416
211	25494	25555
212	25631	25791
213	25862	25884
214	25938	25974
215	26071	26123
216	26159	26263
217	26295	26350
218	26376	26387
219	26429	26445
220	26533	26633
221	26665	26705
222	26807	26872
223	26904	26989
224	27142	27184
225	27233	27279
226	27358	27393
227	27465	27517
228	27562	27699
229	27708	27748
230	27786	27859
231	27945	27996
232	28147	28168
233	28180	28254
234	28323	28409
235	28458	28509
236	28566	28582
237	28660	28733
238	28764	28800
239	28861	28949
240	28997	29094
241	29141	29158
242	29237	29379
243	29415	29544
244	29566	29648
245	29743	29877
246	29894	29968
247	30008	30171
248	30295	30343
249	30403	30440
250	30474	30616
251	30719	30733
252	30757	30781
253	30835	30869
254	30936	31010
255	31054	31064
256	31106	31192
257	31215	31336
258	31410	31422
259	31480	31565
260	31579	31666
261	31700	31709
262	31784	31827
263	31882	31935
264	32003	32035
265	32080	32172
266	32273	32280
267	32339	32350
268	32413	32466
269	32601	32640
270	32691	32706
271	32750	32780
272	32853	32879
273	32927	32941
274	33021	33088
275	33101	33188
276	33287	33328
277	33450	33489
278	33522	33563
279	33708	33734
280	33828	33892
281	33978	34018
282	34078	34130
283	34181	34217
284	34295	34320
285	34398	34463
286	34571	34596
287	34733	34779
288	34849	34896
289	34902	34956
290	35056	35079
291	35198	35265
292	35362	35372
293	35374	35444
294	35481	35503
295	35591	35700
296	35768	35837
297	35935	35975
298	36027	36055
299	36102	36149
300	36166	36203
301	36227	36291
302	36376	36483
303	36534	36620
304	36648	36743
305	36765	36877
306	36944	36969
307	37010	37026
308	37045	37082
309	37194	37257
310	37294	37385
311	37457	37490
312	37512	37537
313	37618	37659
314	37683	37824
315	37886	37913
316	37967	38058
317	38115	38199
318	38272	38326
319	38459	38532
320	38597	38688
321	38773	38814
322	38906	38944
323	38954	38992
324	39053	39147
325	39216	39243
326	39291	39338
327	39405	39451
328	39567	39585
329	39692	39749
330	39832	39856
331	39922	40021
332	40082	40157
333	40167	40213
334	40254	40277
335	40359	40452
336	40473	40536
337	40601	40728
338	40805	40843
339	40861	40921
340	40941	40960
341	40985	41027
342	41099	41121
343	41163	41244
344	41305	41332
345	41368	41401
346	41471	41565
347	41633	41669
348	41684	41707
349	41841	41896
350	41918	41990
351	42074	42093
352	42149	42258
353	42372	42422
354	42525	42554
355	42634	42742
356	42777	42896
357	43013	43067
358	43112	43263
359	43295	43337
360	43410	43446
361	43493	43543
362	43654	43674
363	43719	43798
364	43825	43863
365	44002	44027
366	44075	44107
367	44200	44247
368	44329	44381
369	44512	44547
370	44559	44650
371	44695	44827
372	44860	44913
373	44961	44994
374	45099	45179
375	45187	45238
376	45288	45397
377	45457	45473
378	45487	45555
379	45587	45596
380	45666	45696
381	45738	45762
382	45797	45866
383	45907	46000
384	46059	46120
385	46157	46222
386	46278	46339
387	46426	46463
388	46486	46603
389	46659	46669
390	46808	46897
391	47012	47141
392	47262	47286
393	47340	47369
394	47465	47488
395	47565	47616
396	47676	47766
397	47815	47868
398	47932	47983
399	48002	48123
400	48161	48176
401	48207	48224
402	48296	48345
403	48426	48441
404	48491	48582
405	48616	48692
406	48726	48850
407	48983	49026
408	49097	49134
409	49187	49277
410	49363	49401
411	49462	49469
412	49579	49641
413	49738	49833
414	49911	49937
415	50073	50181
416	50240	50398
417	50452	50498
418	50550	50611
419	50649	50713
420	50740	50806
421	50842	50965
422	51019	51044
423	51123	51167
424	51198	51257
425	51298	51334
426	51353	51442
427	51479	51510
428	51524	51599
429	51706	51842
430	51899	51971
431	52003	52089
432	52174	52217
433	52338	52384
434	52403	52497
435	52592	52653
436	52703	52736
437	52818	52885
438	52924	52936
439	53044	53116
440	53152	53240
441	53265	53353
442	53379	53486
443	53551	53573
444	53599	53659
445	53669	53744
446	53752	53781
447	53896	54023
448	54056	54112
449	54128	54176
450	54256	54413
451	54441	54522
452	54643	54762
453	54906	54924
454	55057	55127
455	55195	55230
456	55268	55300
457	55319	55332
458	55430	55540
459	55653	55766
460	55782	55890
461	56026	56098
462	56114	56172
463	56238	56316
464	56355	56401
465	56503	56635
466	56654	56710
467	56766	56817
468	56859	56926
469	56962	57045
470	57097	57131
471	57167	57255
472	57271	57313
473	57346	57415
474	57498	57510
475	57566	57586
476	57644	57671
477	57700	57787
478	57855	57887
479	57956	58063
480	58168	58236
481	58293	58352
482	58370	58434
483	58471	58537
484	58576	58647
485	58733	58786
486	58844	58874
487	58989	59089
488	59251	59286
489	59348	59424
490	59499	59607
491	59639	59721
492	59814	59938
493	59996	60041
494	60075	60149
495	60195	60253
496	60312	60365
497	60449	60518
498	60562	60617
499	60711	60792
500	60897	60948
501	61018	61094
502	61178	61231
503	61354	61395
504	61453	61535
505	61591	61607
506	61701	61713
507	61754	61784
508	61812	61871
509	61928	61984
510	62069	62139
511	62249	62292
512	62320	62379
513	62458	62559
514	62657	62697
515	62761	62785
516	62825	62914
517	63003	63036
518	63116	63126
519	63233	63255
520	63256	63398
521	63480	63533
522	63549	63600
523	63644	63681
524	63720	63804
525	63853	63884
526	63927	63987
527	64029	64138
528	64162	64220
529	64336	64363
530	64411	64478
531	64547	64615
532	64665	64780
533	64930	64997
534	65021	65049
535	65071	65148
536	65179	65280
537	65325	65365
538	65432	65499
539	65553	65638
540	65764	65831
541	65870	65952
542	66077	66222
543	66285	66317
544	66337	66353
545	66415	66495
546	66593	66649
547	66686	66762
548	66826	66948
549	67016	67046
550	67090	67214
551	67250	67353
552	67435	67532
553	67556	67653
554	67677	67800
555	67866	67879
556	67915	68038
557	68086	68149
558	68186	68199
559	68246	68276
560	68293	68399
561	68493	68593
562	68631	68682
563	68716	68788
564	68804	68819
565	68930	68941
566	68976	69120
567	69227	69290
568	69323	69368
569	69426	69506
570	69547	69573
571	69652	69774
572	69854	69935
573	70037	70102
574	70178	70241
575	70254	70313
576	70387	70486
577	70565	70585
578	70643	70664
579	70680	70742
580	70847	70897
581	70957	71037
582	71083	71108
583	71128	71186
584	71214	71340
585	71420	71450
586	71541	71592
587	71604	71678
588	71746	71842
589	71967	72067
590	72125	72233
591	72298	72423
592	72440	72481
593	72522	72572
594	72676	72724
595	72845	72890
596	72931	73004
597	73089	73111
598	73134	73155
599	73269	73279
600	73300	73386
601	73437	73468
602	73487	73507
603	73591	73645
604	73713	73751
605	73786	73812
606	73847	73912
607	73945	74074
608	74107	74147
609	74186	74245
610	74317	74416
611	74429	74454
612	74563	74579
613	74677	74694
614	74717	74813
615	74824	74966
616	75020	75058
617	75125	75216
618	75316	75400
619	75409	75459
620	75522	75589
621	75595	75663
622	75766	75776
623	75843	75896
624	75971	76054
625	76159	76189
626	76203	76247
627	76315	76371
628	76436	76446
629	76493	76509
630	76581	76664
631	76684	76753
632	76840	76886
633	76942	76998
634	77029	77081
635	77094	77163
636	77266	77328
637	77408	77484
638	77590	77663
639	77737	77799
640	77922	78032
641	78092	78202
642	78264	78342
643	78407	78473
644	78554	78596
645	78656	78716
646	78722	78744
647	78834	78952
648	79074	79204
649	79227	79258
650	79320	79367
651	79470	79548
652	79608	79633
653	79688	79708
654	79766	79816
655	79898	79989
656	79995	80094
657	80170	80245
658	80273	80362
659	80379	80433
660	80571	80622
661	80654	80795
662	80843	80858
663	80879	80990
664	81051	81074
665	81164	81191
666	81295	81307
667	81364	81423
668	81514	81564
669	81657	81734
670	81839	81907
671	81982	82029
672	82045	82078
673	82165	82268
674	82355	82419
675	82502	82508
676	82543	82578
677	82721	82760
678	82825	82880
679	82986	83045
680	83047	83102
681	83185	83205
682	83241	83279
683	83300	83408
684	83506	83565
685	83594	83660
686	83700	83757
687	83848	83893
688	83965	84002
689	84028	84122
690	84204	84240
691	84355	84386
692	84502	84554
693	84588	84636
694	84691	84775
695	84788	84818
696	84848	84948
697	85002	85068
698	85161	85193
699	85311	85351
700	85431	85497
701	85553	85622
702	85676	85772
703	85860	85902
704	85938	85947
705	85981	86130
706	86150	86232
707	86297	86347
708	86417	86445
709	86537	86619
710	86724	86790
711	86843	86885
712	86982	87063
713	87086	87177
714	87234	87318
715	87330	87349
716	87412	87442
717	87535	87584
718	87604	87655
719	87717	87779
720	87883	87923
721	87942	88056
722	88076	88117
723	88169	88235
724	88330	88393
725	88433	88434
726	88483	88546
727	88626	88652
728	88685	88711
729	88766	88827
730	88920	88980
731	89046	89082
732	89131	89175
733	89205	89224
734	89248	89307
735	89350	89376
736	89419	89442
737	89563	89688
738	89757	89804
739	89880	89922
740	89938	89964
741	90060	90109
742	90218	90336
743	90425	90455
744	90488	90525
745	90563	90612
746	90755	90812
747	90882	90973
748	91069	91122
749	91172	91183
750	91317	91354
751	91447	91491
752	91595	91612
753	91738	91778
754	91781	91836
755	91931	91985
756	91991	92042
757	92153	92170
758	92198	92262
759	92292	92331
760	92377	92472
761	92532	92593
762	92739	92830
763	92921	92967
764	93033	93120
765	93194	93238
766	93291	93388
767	93430	93564
768	93598	93706
769	93757	93793
770	93803	93900
771	93961	94031
772	94096	94111
773	94150	94175
774	94193	94227
775	94307	94345
776	94355	94454
777	94467	94490
778	94510	94620
779	94674	94738
780	94802	94924
781	94939	95074
782	95152	95241
783	95328	95371
784	95474	95519
785	95602	95660
786	95690	95732
787	95808	95853
788	95889	95947
789	96042	96111
790	96212	96334
791	96389	96420
792	96535	96554
793	96624	96664
794	96728	96860
795	96960	97007
796	97056	97095
797	97151	97187
798	97278	97389
799	97496	97584
800	97640	97666
801	97691	97718
802	97765	97861
803	97917	97987
804	98046	98105
805	98163	98187
806	98303	98355
807	98425	98485
808	98528	98537
809	98634	98763
810	98853	98945
811	99034	99152
812	99189	99255
813	99308	99396
814	99476	99550
815	99595	99633
816	99718	99783
817	99868	99886
818	99928	99966
819	100010	100037
820	100078	100161
821	100206	100294
822	100391	100487
823	100524	100535
824	100590	100634
825	100675	100714
826	100751	100841
827	100900	100945
828	100998	101064
829	101138	101191
830	101212	101239
831	101280	101328
832	101344	101384
833	101469	101486
834	101574	101630
835	101644	101700
836	101813	101822
837	101828	101923
838	101973	102050
839	102108	102201
840	102229	102307
841	102371	102429
842	102464	102577
843	102619	102722
844	102848	102931
845	102957	102981
846	103022	103086
847	103183	103267
848	103326	103341
849	103364	103401
850	103541	103549
851	103640	103690
852	103760	103772
853	103842	103897
854	103942	103971
855	103997	104078
856	104151	104168
857	104184	104260
858	104310	104400
859	104431	104443
860	104470	104492
861	104524	104568
862	104589	104682
863	104808	104897
864	104933	105039
865	105080	105153
866	105324	105419
867	105481	105524
868	105526	105567
869	105601	105636
870	105665	105705
871	105777	105876
872	105952	106031
873	106077	106145
874	106178	106263
875	106369	106398
876	106520	106535
877	106622	106745
878	106799	106829
879	106927	106955
880	106997	107006
881	107036	107088
882	107181	107215
883	107299	107401
884	107448	107531
885	107598	107631
886	107689	107743
887	107902	107913
888	108052	108104
889	108185	108242
890	108345	108388
891	108437	108532
892	108563	108608
893	108651	108676
894	108786	108845
895	108872	108908
896	108985	109055
897	109110	109240
898	109266	109415
899	109469	109536
900	109566	109621
901	109686	109727
902	109806	109867
903	109880	110002
904	110118	110167
905	110211	110259
906	110288	110338
907	110433	110459
908	110491	110516
909	110599	110616
910	110685	110728
911	110795	110851
912	110923	111033
913	111146	111184
914	111206	111306
915	111356	111373
916	111504	111584
917	111726	111814
918	111924	111952
919	112021	112074
920	112096	112131
921	112255	112346
922	112399	112406
923	112464	112562
924	112687	112788
925	112831	112916
926	112984	112997
927	113039	113199
928	113242	113297
929	113311	113407
930	113428	113536
931	113590	113683
932	113737	113872
933	113932	114011
934	114044	114156
935	114222	114280
936	114301	114402
937	114429	114542
938	114605	114744
939	114788	114885
940	114972	115039
941	115092	115167
942	115267	115311
943	115359	115468
944	115570	115584
945	115661	115676
946	115756	115822
947	115896	115948
948	116012	116083
949	116137	116180
950	116232	116265
951	116363	116416
952	116458	116498
953	116571	116580
954	116609	116679
955	116716	116782
956	116812	116860
957	116953	116987
958	117065	117163
959	117273	117372
960	117474	117549
961	117623	117640
962	117773	117863
963	117910	117928
964	118024	118063
965	118082	118123
966	118200	118243
967	118305	118396
968	118458	118532
969	118596	118628
970	118652	118722
971	118782	118867
972	118896	118952
973	119010	119089
974	119139	119191
975	119215	119262
976	119355	119450
977	119559	119635
978	119710	119827
979	119869	119880
980	119903	119979
981	120013	120108
982	120203	120281
983	120382	120433
984	120474	120514
985	120550	120663
986	120752	120773
987	120824	120854
988	120921	121013
989	121040	121074
990	121127	121145
991	121192	121286
992	121336	121384
993	121427	121437
994	121461	121552
995	121643	121677
996	121691	121763
997	121764	121861
998	121887	121952
999	121967	122063
1000	122086	122180
1001	122276	122312
1002	122371	122424
1003	122479	122529
1004	122545	122636
1005	122691	122723
1006	122809	122888
1007	122915	123015
1008	123153	123193
1009	123231	123279
1010	123361	123436
1011	123551	123643
1012	123663	123683
1013	123702	123776
1014	123830	123920
1015	123997	124034
1016	124074	124081
1017	124093	124132
1018	124233	124315
1019	124364	124427
1020	124481	124502
1021	124560	124613
1022	124653	124773
1023	124809	124855
1024	124894	124995
1025	125035	125085
1026	125167	125235
1027	125255	125340
1028	125435	125534
1029	125641	125697
1030	125725	125771
1031	125816	125880
1032	126009	126028
1033	126030	126074
1034	126099	126193
1035	126293	126320
1036	126426	126460
1037	126517	126532
1038	126603	126672
1039	126697	126753
1040	126849	126961
1041	127058	127147
1042	127253	127292
1043	127336	127390
1044	127508	127614
1045	127714	127805
1046	127863	127892
1047	127930	127984
1048	128042	128107
1049	128140	128229
1050	128259	128301
1051	128445	128568
1052	128585	128713
1053	128755	128794
1054	128900	128923
1055	129014	129088
1056	129139	129212
1057	129305	129344
1058	129400	129496
1059	129536	129620
1060	129722	129811
1061	129892	129969
1062	130037	130088
1063	130137	130158
1064	130227	130243
1065	130352	130451
1066	130530	130604
1067	130624	130698
1068	130708	130764
1069	130825	130851
1070	130900	130927
1071	130995	131047
1072	131063	131130
1073	131206	131223
1074	131258	131272
1075	131287	131373
1076	131405	131416
1077	131491	131531
1078	131557	131593
1079	131709	131794
1080	131824	131904
1081	131934	132015
1082	132056	132181
1083	132258	132342
1084	132433	132529
1085	132563	132594
1086	132672	132765
1087	132801	132808
1088	132816	132851
1089	132935	132991
1090	133028	133127
1091	133228	133260
1092	133340	133407
1093	133424	133452
1094	133521	133565
1095	133640	133665
1096	133714	133846
1097	133926	133956
1098	134066	134188
1099	134335	134435
1100	134446	134509
1101	134596	134612
1102	134715	134783
1103	134816	134904
1104	134959	134973
1105	135044	135092
1106	135101	135215
1107	135272	135323
1108	135409	135500
1109	135596	135641
1110	135642	135741
1111	135780	135845
1112	135869	135931
1113	135993	136037
1114	136051	136115
1115	136141	136213
1116	136223	136238
1117	136332	136434
1118	136450	136511
1119	136562	136591
1120	136727	136737
1121	136872	136991
1122	137069	137097
1123	137211	137291
1124	137346	137379
1125	137455	137513
1126	137603	137699
1127	137774	137855
1128	137939	137975
1129	137990	138034
1130	138137	138207
1131	138227	138254
1132	138325	138397
1133	138462	138539
1134	138634	138704
1135	138718	138733
1136	138763	138821
1137	138866	138898
1138	138940	139026
1139	139092	139215
1140	139291	139360
1141	139415	139497
1142	139515	139583
1143	139626	139632
1144	139743	139817
1145	139884	139923
1146	140019	140108
1147	140142	140201
1148	140321	140371
1149	140466	140561
1150	140614	140683
1151	140709	140737
1152	140792	140838
1153	140968	141027
1154	141053	141146
1155	141171	141198
1156	141239	141298
1157	141326	141432
1158	141533	141581
1159	141682	141723
1160	141734	141809
1161	141846	141932
1162	142021	142086
1163	142111	142162
1164	142186	142213
1165	142245	142325
1166	142436	142475
1167	142509	142533
1168	142587	142658
1169	142723	142791
1170	142881	142930
1171	143009	143092
1172	143187	143287
1173	143421	143488
1174	143555	143602
1175	143670	143780
1176	143794	143817
1177	143868	143981
1178	144006	144050
1179	144081	144142
1180	144263	144337
1181	144379	144470
1182	144524	144621
1183	144690	144759
1184	144826	144878
1185	144929	145046
1186	145108	145122
1187	145159	145230
1188	145309	145383
1189	145403	145444
1190	145555	145647
1191	145742	145845
1192	145923	146042
1193	146068	146105
1194	146163	146268
1195	146352	146369
1196	146441	146513
1197	146594	146662
1198	146774	146900
1199	146968	147084
1200	147126	147222
1201	147278	147341
1202	147417	147499
1203	147551	147570
1204	147595	147662
1205	147725	147857
1206	147871	147929
1207	148007	148052
1208	148134	148203
1209	148244	148317
1210	148433	148506
1211	148521	148553
1212	148555	148615
1213	148648	148668
1214	148682	148810
1215	148916	148972
1216	149020	149144
1217	149220	149325
1218	149359	149488
1219	149543	149591
1220	149670	149779
1221	149817	149842
1222	149872	149940
1223	149957	149985
1224	150042	150092
1225	150144	150214
1226	150244	150316
1227	150400	150509
1228	150539	150588
1229	150598	150695
1230	150746	150824
1231	150860	150866
1232	150894	150949
1233	151071	151168
1234	151198	151262
1235	151391	151432
1236	151494	151515
1237	151590	151620
1238	151690	151809
1239	151873	151965
1240	152067	152094
1241	152189	152260
1242	152347	152376
1243	152384	152398
1244	152430	152501
1245	152580	152735
1246	152820	152874
1247	152903	153003
1248	153023	153121
1249	153176	153270
1250	153327	153432
1251	153503	153581
1252	153629	153660
1253	153686	153762
1254	153812	153888
1255	153915	153952
1256	154001	154043
1257	154132	154188
1258	154280	154309
1259	154336	154371
1260	154378	154420
1261	154431	154552
1262	154574	154603
1263	154728	154776
1264	154829	154928
1265	154970	155053
1266	155108	155226
1267	155309	155355
1268	155456	155494
1269	155616	155654
1270	155753	155886
1271	155910	155963
1272	156057	156098
1273	156179	156213
1274	156253	156259
1275	156343	156422
1276	156555	156623
1277	156718	156747
1278	156832	156969
1279	157065	157127
1280	157175	157196
1281	157264	157350
1282	157407	157448
1283	157539	157626
1284	157690	157738
1285	157775	157801
1286	157811	157858
1287	157878	157926
1288	157977	158066
1289	158126	158185
1290	158192	158284
1291	158343	158351
1292	158492	158527
1293	158639	158761
1294	158837	158939
1295	158974	159025
1296	159076	159092
1297	159221	159303
1298	159400	159450
1299	159539	159589
1300	159660	159677
1301	159742	159844
1302	159901	160023
1303	160091	160124
1304	160141	160171
1305	160276	160339
1306	160445	160457
1307	160488	160507
1308	160575	160706
1309	160736	160830
1310	160862	160922
1311	160968	161022
1312	161095	161133
1313	161166	161214
1314	161252	161304
1315	161338	161466
1316	161524	161599
1317	161647	161728
1318	161855	161891
1319	161943	161992
1320	162064	162149
1321	162226	162286
1322	162354	162364
1323	162403	162456
1324	162534	162578
1325	162699	162816
1326	162931	162995
1327	163027	163113
1328	163177	163192
1329	163234	163250
1330	163388	163415
1331	163499	163539
1332	163624	163716
1333	163799	163899
1334	163922	164020
1335	164172	164252
1336	164274	164336
1337	164428	164511
1338	164623	164638
1339	164687	164762
1340	164799	164899
1341	164962	165038
1342	165156	165268
1343	165324	165418
1344	165444	165527
1345	165594	165617
1346	165640	165673
1347	165718	165817
1348	165829	165948
1349	165956	166035
1350	166106	166202
1351	166326	166424
1352	166437	166521
1353	166570	166596
1354	166659	166764
1355	166849	166859
1356	166924	166977
1357	167119	167153
1358	167251	167290
1359	167384	167435
1360	167472	167586
1361	167658	167698
1362	167792	167849
1363	167901	167988
1364	168030	168083
1365	168101	168135
1366	168228	168281
1367	168363	168382
1368	168417	168470
1369	168505	168575
1370	168665	168692
1371	168750	168763
1372	168871	168890
1373	169039	169087
1374	169117	169182
1375	169213	169311
1376	169353	169433
1377	169519	169591
1378	169730	169775
1379	169868	169908
1380	169958	170055
1381	170090	170196
1382	170203	170231
1383	170292	170330
1384	170338	170449
1385	170470	170495
1386	170527	170569
1387	170673	170703
1388	170831	170856
1389	170941	170953
1390	171050	171082
1391	171107	171133
1392	171243	171265
1393	171367	171403
1394	171486	171591
1395	171604	171657
1396	171689	171737
1397	171756	171814
1398	171880	171908
1399	171956	171970
1400	171996	172093
1401	172163	172206
1402	172242	172300
1403	172376	172462
1404	172535	172599
1405	172657	172744
1406	172834	172898
1407	172941	172977
1408	173028	173070
1409	173134	173162
1410	173229	173252
1411	173276	173292
1412	173382	173411
1413	173516	173571
1414	173598	173647
1415	173730	173773
1416	173903	173945
1417	174035	174089
1418	174143	174222
1419	174280	174329
1420	174411	174534
1421	174567	174679
1422	174693	174825
1423	174867	174945
1424	174989	175065
1425	175116	175153
1426	175228	175289
1427	175380	175396
1428	175476	175587
1429	175675	175765
1430	175835	175971
1431	175989	176058
1432	176136	176235
1433	176308	176414
1434	176484	176575
1435	176640	176708
1436	176785	176844
1437	176940	177030
1438	177093	177225
1439	177260	177386
1440	177418	177506
1441	177570	177617
1442	177675	177690
1443	177775	177932
1444	178079	178130
1445	178146	178159
1446	178239	178284
1447	178358	178455
1448	178474	178533
1449	178555	178606
1450	178620	178712
1451	178762	178861
1452	178926	178937
1453	178987	179014
1454	179127	179182
1455	179217	179263
1456	179298	179347
1457	179358	179407
1458	179454	179487
1459	179553	179569
1460	179744	179762
1461	179813	179877
1462	179915	179929
1463	179986	180084
1464	180165	180282
1465	180386	180540
1466	180620	180681
1467	180785	180838
1468	180906	181039
1469	181059	181162
1470	181267	181329
1471	181368	181406
1472	181432	181537
1473	181617	181710
1474	181765	181889
1475	181981	182054
1476	182100	182218
1477	182253	182326
1478	182425	182476
1479	182512	182584
1480	182667	182714
1481	182808	182884
1482	182896	182925
1483	183008	183033
1484	183120	183136
1485	183152	183244
1486	183305	183416
1487	183476	183565
1488	183614	183634
1489	183741	183805
1490	183845	183893
1491	183932	183988
1492	184096	184130
1493	184151	184162
1494	184199	184260
1495	184360	184470
1496	184537	184601
1497	184614	184643
1498	184675	184687
1499	184753	184772
1500	184815	184865
1501	184954	185035
1502	185211	185263
1503	185321	185411
1504	185513	185602
1505	185632	185702
1506	185744	185814
1507	185928	186011
1508	186069	186149
1509	186278	186323
1510	186369	186407
1511	186464	186484
1512	186543	186603
1513	186624	186674
1514	186695	186789
1515	186815	186841
1516	186884	186931
1517	186944	187061
1518	187156	187276
1519	187359	187408
1520	187442	187487
1521	187528	187571
1522	187695	187736
1523	187800	187806
1524	187928	188020
1525	188056	188084
1526	188128	188186
1527	188198	188255
1528	188323	188331
1529	188392	188500
1530	188548	188610
1531	188737	188854
1532	188980	189075
1533	189133	189173
1534	189192	189271
1535	189398	189468
1536	189526	189606
1537	189648	189720
1538	189819	189855
1539	189875	189907
1540	189970	190007
1541	190081	190145
1542	190190	190210
1543	190221	190259
1544	190312	190357
1545	190391	190464
1546	190497	190523
1547	190553	190658
1548	190734	190746
1549	190759	190845
1550	190872	190930
1551	191012	191037
1552	191068	191196
1553	191267	191372
1554	191425	191466
1555	191539	191578
1556	191630	191658
1557	191771	191881
1558	191990	192090
1559	192180	192212
1560	192293	192319
1561	192406	192522
1562	192622	192780
1563	192845	192929
1564	192967	193097
1565	193167	193233
1566	193349	193392
1567	193498	193534
1568	193616	193705
1569	193736	193799
1570	193938	194030
1571	194040	194115
1572	194212	194284
1573	194306	194423
1574	194534	194623
1575	194644	194707
1576	194806	194861
1577	194917	195025
1578	195094	195154
1579	195166	195220
1580	195311	195354
1581	195365	195410
1582	195484	195510
1583	195526	195691
1584	195736	195793
1585	195879	195933
1586	195976	196057
1587	196111	196147
1588	196249	196268
1589	196352	196439
1590	196536	196604
1591	196647	196668
1592	196698	196744
1593	196820	196839
1594	196903	196942
1595	196981	197005
1596	197059	197134
1597	197159	197257
1598	197293	197392
1599	197517	197550
1600	197579	197636
1601	197755	197817
1602	197869	197933
1603	197985	198082
1604	198121	198129
1605	198213	198291
1606	198420	198433
1607	198490	198532
1608	198557	198571
1609	198620	198668
1610	198749	198826
1611	198879	198893
1612	198922	198943
1613	199059	199163
1614	199230	199307
1615	199426	199472
1616	199516	199588
1617	199679	199727
1618	199766	199831
1619	199885	199935
1620	199995	200053
1621	200108	200136
1622	200221	200247
1623	200292	200335
1624	200382	200413
1625	200526	200640
1626	200754	200802
1627	200817	200818
1628	200955	201013
1629	201052	201053
1630	201097	201145
1631	201241	201313
1632	201362	201498
1633	201598	201646
1634	201648	201672
1635	201690	201698
1636	201772	201876
1637	201974	202025
1638	202069	202137
1639	202238	202309
1640	202347	202457
1641	202488	202571
1642	202675	202714
1643	202791	202864
1644	202907	203010
1645	203087	203174
1646	203252	203360
1647	203390	203450
1648	203553	203603
1649	203705	203839
1650	203970	204044
1651	204076	204175
1652	204213	204313
1653	204377	204421
1654	204449	204468
1655	204554	204647
1656	204673	204768
1657	204816	204889
1658	204918	204975
1659	205071	205111
1660	205197	205204
1661	205268	205390
1662	205423	205519
1663	205616	205696
1664	205745	205869
1665	205968	206073
1666	206144	206202
1667	206295	206334
1668	206368	206423
1669	206474	206526
1670	206582	206609
1671	206637	206749
1672	206809	206887
1673	206986	207027
1674	207059	207077
1675	207112	207161
1676	207233	207287
1677	207371	207452
1678	207484	207504
1679	207529	207544
1680	207595	207651
1681	207774	207896
1682	207971	208014
1683	208047	208183
1684	208233	208328
1685	208395	208527
1686	208569	208636
1687	208720	208783
1688	208808	208814
1689	208864	208945
1690	209055	209168
1691	209175	209201
1692	209342	209383
1693	209442	209509
1694	209588	209689
1695	209864	209882
1696	209920	210029
1697	210059	210099
1698	210152	210253
1699	210345	210383
1700	210522	210541
1701	210652	210744
1702	210781	210828
1703	210929	210988
1704	211112	211138
1705	211151	211203
1706	211319	211427
1707	211544	211607
1708	211651	211685
1709	211805	211859
1710	211870	211899
1711	211933	212001
1712	212012	212147
1713	212182	212271
1714	212314	212419
1715	212465	212496
1716	212545	212634
1717	212710	212742
1718	212801	212883
1719	212891	213000
1720	213014	213071
1721	213131	213189
1722	213294	213459
1723	213553	213583
1724	213616	213692
1725	213787	213900
1726	213937	213951
1727	214065	214163
1728	214259	214280
1729	214303	214371
1730	214419	214465
1731	214482	214550
1732	214601	214623
1733	214744	214788
1734	214819	214861
1735	214890	214964
1736	214991	215004
1737	215074	215132
1738	215243	215291
1739	215390	215412
1740	215574	215592
1741	215713	215726
1742	215749	215789
1743	215861	215897
1744	215950	216004
1745	216116	216143
1746	216260	216299
1747	216384	216421
1748	216474	216511
1749	216539	216632
1750	216726	216870
1751	216933	216975
1752	217045	217093
1753	217130	217202
1754	217251	217319
1755	217356	217366
1756	217469	217514
1757	217536	217605
1758	217687	217768
1759	217808	217849
1760	217876	217906
1761	217973	218040
1762	218118	218187
1763	218325	218383
1764	218427	218467
1765	218507	218527
1766	218648	218711
1767	218800	218852
1768	218900	218915
1769	219023	219125
1770	219151	219269
1771	219388	219434
1772	219511	219587
1773	219692	219768
1774	219847	219861
1775	219936	220034
1776	220157	220184
1777	220221	220256
1778	220307	220353
1779	220395	220416
1780	220444	220491
1781	220620	220698
1782	220776	220813
1783	220865	220889
1784	220955	220992
1785	221045	221158
1786	221178	221234
1787	221293	221366
1788	221440	221487
1789	221559	221583
1790	221624	221634
1791	221684	221805
1792	221833	221912
1793	221988	222030
1794	222148	222260
1795	222266	222303
1796	222360	222448
1797	222490	222539
1798	222571	222603
1799	222642	222668
1800	222719	222866
1801	222951	222963
1802	223014	223048
1803	223106	223183
1804	223218	223316
1805	223382	223487
1806	223550	223565
1807	223605	223695
1808	223767	223798
1809	223860	223908
1810	223989	224007
1811	224029	224061
1812	224159	224218
1813	224280	224370
1814	224447	224544
1815	224631	224711
1816	224794	224821
1817	224923	224990
1818	225055	225153
1819	225254	225294
1820	225440	225499
1821	225611	225619
1822	225685	225706
1823	225800	225934
1824	225966	226010
1825	226057	226140
1826	226177	226222
1827	226304	226424
1828	226487	226507
1829	226566	226658
1830	226715	226838
1831	226856	226949
1832	226997	227065
1833	227200	227279
1834	227374	227470
1835	227556	227592
1836	227672	227712
1837	227761	227860
1838	227899	227993
1839	228083	228146
1840	228184	228219
1841	228296	228351
1842	228441	228479
1843	228564	228653
1844	228680	228697
1845	228777	228852
1846	228928	228965
1847	228989	229046
1848	229101	229192
1849	229220	229272
1850	229391	229424
1851	229468	229554
1852	229628	229687
1853	229750	229798
1854	229916	229943
1855	229964	230040
1856	230089	230143
1857	230251	230332
1858	230365	230394
1859	230466	230534
1860	230579	230664
1861	230679	230751
1862	230768	230807
1863	230859	230899
1864	230940	230982
1865	231082	231177
1866	231255	231305
1867	231339	231397
1868	231480	231538
1869	231616	231677
1870	231707	231863
1871	231919	231977
1872	232047	232124
1873	232157	232286
1874	232349	232432
1875	232538	232546
1876	232576	232676
1877	232718	232773
1878	232841	232859
1879	232946	232962
1880	233034	233124
1881	233156	233217
1882	233276	233355
1883	233487	233533
1884	233609	233642
1885	233676	233712
1886	233826	233905
1887	233928	233980
1888	234022	234068
1889	234151	234206
1890	234247	234354
1891	234520	234586
1892	234606	234635
1893	234694	234786
1894	234843	234881
1895	234951	235060
1896	235081	235120
1897	235249	235356
1898	235393	235475
1899	235584	235629
1900	235655	235745
1901	235890	235973
1902	236059	236091
1903	236131	236183
1904	236241	236274
1905	236291	236360
1906	236384	236484
1907	236545	236602
1908	236756	236849
1909	236920	236978
1910	237074	237113
1911	237130	237173
1912	237225	237335
1913	237405	237466
1914	237528	237619
1915	237727	237767
1916	237828	237860
1917	237984	238049
1918	238072	238085
1919	238147	238148
1920	238176	238231
1921	238325	238377
1922	238442	238572
1923	238669	238689
1924	238736	238796
1925	238872	238996
1926	239046	239140
1927	239284	239374
1928	239448	239547
1929	239596	239633
1930	239694	239724
1931	239794	239835
1932	239847	239877
1933	239897	239982
1934	239997	240023
1935	240103	240173
1936	240214	240254
1937	240285	240405
1938	240523	240576
1939	240625	240729
1940	240817	240881
1941	240964	241027
1942	241045	241152
1943	241191	241271
1944	241310	241367
1945	241413	241492
1946	241579	241653
1947	241744	241779
1948	241802	241853
1949	241928	242034
1950	242120	242241
1951	242306	242353
1952	242449	242515
1953	242622	242708
1954	242829	242923
1955	243025	243074
1956	243107	243167
1957	243195	243244
1958	243265	243388
1959	243491	243560
1960	243650	243715
1961	243785	243837
1962	243906	244037
1963	244076	244131
1964	244207	244301
1965	244422	244532
1966	244623	244688
1967	244795	244896
1968	245003	245039
1969	245082	245141
1970	245191	245236
1971	245332	245362
1972	245414	245467
1973	245528	245652
1974	245664	245763
1975	245811	245823
1976	245893	245999
1977	246093	246136
1978	246210	246264
1979	246303	246378
1980	246416	246445
1981	246487	246539
1982	246561	246607
1983	246726	246791
1984	246902	246934
1985	247019	247030
1986	247083	247105
1987	247156	247185
1988	247234	247334
1989	247368	247448
1990	247575	247688
1991	247748	247782
1992	247803	247847
1993	247906	248011
1994	248086	248198
1995	248267	248333
1996	248376	248500
1997	248576	248595
1998	248627	248696
1999	248780	248801
2000	248855	248952
2001	249044	249196
2002	249246	249282
2003	249344	249432
2004	249454	249498
2005	249541	249643
2006	249667	249722
2007	249804	249842
2008	249952	250043
2009	250069	250108
2010	250197	250251
2011	250330	250361
2012	250420	250440
2013	250467	250528
2014	250614	250660
2015	250812	250837
2016	250852	250935
2017	250977	251053
2018	251169	251267
2019	251358	251472
2020	251524	251544
2021	251624	251632
2022	251702	251774
2023	251879	251946
2024	251983	252054
2025	252107	252216
2026	252238	252273
2027	252293	252419
2028	252461	252496
2029	252547	252610
2030	252701	252777
2031	252812	252917
2032	253015	253051
2033	253109	253127
2034	253151	253174
2035	253302	253360
2036	253390	253450
2037	253557	253642
2038	253693	253752
2039	253817	253855
2040	253972	254036
2041	254110	254151
2042	254183	254252
2043	254359	254465
2044	254571	254640
2045	254768	254860
2046	254944	255004
2047	255046	255076
2048	255208	255275
2049	255321	255347
2050	255408	255459
2051	255596	255633
2052	255685	255812
2053	255930	256004
2054	256018	256141
2055	256168	256204
2056	256241	256298
2057	256318	256389
2058	256403	256463
2059	256515	256565
2060	256618	256654
2061	256782	256867
2062	256960	256997
2063	257048	257182
2064	257203	257222
2065	257327	257408
2066	257498	257583
2067	257713	257775
2068	257821	257846
2069	257858	257936
2070	257972	258079
2071	258116	258168
2072	258196	258232
2073	258322	258343
2074	258458	258546
2075	258629	258714
2076	258858	258879
2077	258957	259051
2078	259076	259105
2079	259152	259260
2080	259339	259357
2081	259416	259446
2082	259561	259599
2083	259642	259752
2084	259794	259881
2085	259974	260098
2086	260106	260170
2087	260180	260219
2088	260270	260331
2089	260366	260374
2090	260432	260464
2091	260542	260633
2092	260678	260764
2093	260853	260881
2094	260922	260987
2095	261001	261029
2096	261048	261124
2097	261170	261259
2098	261273	261348
2099	261411	261466
2100	261533	261547
2101	261553	261583
2102	261600	261657
2103	261757	261859
2104	261967	262012
2105	262076	262164
2106	262204	262233
2107	262353	262392
2108	262418	262455
2109	262478	262599
2110	262662	262724
2111	262738	262778
2112	262897	262995
2113	263014	263096
2114	263136	263169
2115	263272	263334
2116	263386	263420
2117	263445	263560
2118	263660	263685
2119	263749	263774
2120	263843	263887
2121	263902	263935
2122	263998	264099
2123	264148	264231
2124	264338	264390
2125	264444	264464
2126	264473	264505
2127	264593	264709
2128	264727	264758
2129	264825	264857
2130	264892	264969
2131	264983	265022
2132	265078	265184
2133	265194	265213
2134	265281	265354
2135	265459	265482
2136	265539	265561
2137	265675	265686
2138	265749	265833
2139	265850	265895
2140	265932	266027
2141	266119	266164
2142	266228	266279
2143	266323	266427
2144	266507	266678
2145	266712	266784
2146	266812	266846
2147	266878	267019
2148	267030	267073
2149	267119	267166
2150	267172	267238
2151	267314	267368
2152	267431	267542
2153	267587	267638
2154	267711	267768
2155	267866	267936
2156	267967	267998
2157	268050	268125
2158	268222	268246
2159	268319	268379
2160	268415	268554
2161	268637	268654
2162	268780	268830
2163	268863	268938
2164	268946	269016
2165	269042	269119
2166	269150	269230
2167	269266	269364
2168	269447	269458
2169	269523	269566
2170	269592	269648
2171	269667	269685
2172	269701	269850
2173	269910	269988
2174	270022	270059
2175	270086	270119
2176	270243	270357
2177	270422	270457
2178	270576	270608
2179	270656	270770
2180	270867	270947
2181	270960	270974
2182	271064	271101
2183	271168	271189
2184	271265	271365
2185	271463	271532
2186	271579	271616
2187	271667	271734
2188	271791	271903
2189	271986	272004
2190	272018	272103
2191	272206	272281
2192	272338	272412
2193	272515	272529
2194	272581	272702
2195	272763	272803
2196	272889	272936
2197	272946	272994
2198	273056	273098
2199	273207	273243
2200	273364	273479
2201	273577	273646
2202	273775	273886
2203	273941	273972
2204	273983	274033
2205	274117	274189
2206	274202	274241
2207	274353	274471
2208	274497	274644
2209	274701	274773
2210	274880	274918
2211	274961	275048
2212	275141	275189
2213	275268	275335
2214	275433	275498
2215	275553	275622
2216	275718	275757
2217	275835	275851
2218	275921	276037
2219	276103	276202
2220	276274	276323
2221	276326	276391
2222	276496	276603
2223	276704	276726
2224	276823	276956
2225	277065	277109
2226	277231	277243
2227	277363	277407
2228	277516	277575
2229	277673	277699
2230	277738	277810
2231	277899	277959
2232	278074	278152
2233	278239	278254
2234	278283	278303
2235	278437	278488
2236	278535	278576
2237	278584	278671
2238	278805	278888
2239	278992	279089
2240	279146	279239
2241	279306	279382
2242	279489	279513
2243	279558	279655
2244	279718	279785
2245	279830	279876
2246	279896	280030
2247	280106	280216
2248	280260	280390
2249	280416	280487
2250	280574	280685
2251	280701	280858
2252	280886	280992
2253	281080	281135
2254	281168	281233
2255	281287	281335
2256	281415	281452
2257	281530	281573
2258	281593	281674
2259	281738	281849
2260	281859	281960
2261	282002	282061
2262	282116	282209
2263	282235	282306
2264	282344	282407
2265	282417	282440
2266	282499	282525
2267	282670	282753
2268	282782	282844
2269	282880	282927
2270	282980	283070
2271	283097	283183
2272	283276	283300
2273	283352	283438
2274	283518	283551
2275	283606	283708
2276	283734	283792
2277	283811	283825
2278	283897	283974
2279	284107	284155
2280	284241	284331
2281	284358	284384
2282	284416	284474
2283	284583	284706
2284	284772	284800
2285	284876	284923
2286	285040	285088
2287	285136	285245
2288	285344	285401
2289	285439	285531
2290	285586	285628
2291	285694	285716
2292	285750	285818
2293	285884	285985
2294	286088	286109
2295	286181	286238
2296	286376	286416
2297	286547	286578
2298	286675	286727
2299	286734	286778
2300	286800	286840
2301	286875	286991
2302	287083	287165
2303	287260	287330
2304	287419	287439
2305	287530	287627
2306	287659	287734
2307	287873	288013
2308	288050	288203
2309	288304	288441
2310	288506	288551
2311	288582	288653
2312	288724	288742
2313	288792	288816
2314	288884	288927
2315	288955	289001
2316	289013	289023
2317	289073	289152
2318	289179	289290
2319	289339	289446
2320	289558	289576
2321	289577	289664
2322	289748	289814
2323	289857	289886
2324	289887	289921
2325	289973	289981
2326	290049	290168
2327	290267	290404
2328	290455	290493
2329	290515	290576
2330	290614	290685
2331	290800	290848
2332	290907	290951
2333	290998	291094
2334	291149	291213
2335	291298	291382
2336	291442	291498
2337	291616	291706
2338	291758	291867
2339	291936	291989
2340	292031	292046
2341	292125	292176
2342	292284	292318
2343	292347	292447
2344	292511	292636
2345	292745	292887
2346	292897	292910
2347	292971	293051
2348	293114	293134
2349	293185	293232
2350	293256	293294
2351	293336	293411
2352	293442	293521
2353	293536	293667
2354	293776	293807
2355	293862	293940
2356	294001	294091
2357	294163	294204
2358	294298	294329
2359	294356	294390
2360	294479	294543
2361	294649	294705
2362	294726	294763
2363	294780	294814
2364	294868	294879
2365	294951	294999
2366	295011	295051
2367	295128	295194
2368	295210	295254
2369	295298	295308
2370	295433	295499
2371	295632	295712
2372	295797	295845
2373	295957	296049
2374	296162	296215
2375	296278	296297
2376	296311	296340
2377	296389	296491
2378	296540	296617
2379	296660	296668
2380	296775	296800
2381	296905	297010
2382	297059	297108
2383	297148	297197
2384	297266	297317
2385	297342	297378
2386	297430	297473
2387	297557	297567
2388	297607	297714
2389	297728	297775
2390	297841	297890
2391	297912	297989
2392	298107	298216
2393	298234	298304
2394	298360	298421
2395	298474	298544
2396	298600	298658
2397	298675	298739
2398	298769	298833
2399	298852	298921
2400	298964	299086
2401	299166	299223
2402	299266	299319
2403	299460	299515
2404	299561	299685
2405	299783	299819
2406	299910	300016
2407	300064	300091
2408	300213	300323
2409	300406	300438
2410	300534	300627
2411	300650	300663
2412	300682	300747
2413	300776	300879
2414	300990	301056
2415	301083	301121
2416	301127	301153
2417	301247	301320
2418	301348	301381
2419	301488	301613
2420	301681	301734
2421	301799	301910
2422	301981	302014
2423	302071	302114
2424	302148	302192
2425	302254	302362
2426	302447	302500
2427	302530	302666
2428	302686	302705
2429	302791	302893
2430	302951	303037
2431	303124	303232
2432	303257	303297
2433	303365	303383
2434	303449	303492
2435	303540	303599
2436	303668	303690
2437	303745	303801
2438	303895	303971
2439	304027	304141
2440	304151	304185
2441	304210	304321
2442	304376	304397
2443	304473	304563
2444	304576	304685
2445	304705	304733
2446	304903	304935
2447	305028	305075
2448	305100	305135
2449	305245	305275
2450	305308	305350
2451	305428	305462
2452	305527	305617
2453	305677	305724
2454	305810	305863
2455	305938	306072
2456	306172	306195
2457	306285	306326
2458	306434	306471
2459	306554	306594
2460	306634	306682
2461	306791	306848
2462	306923	306952
2463	307060	307113
2464	307168	307198
2465	307214	307341
2466	307374	307401
2467	307415	307441
2468	307522	307633
2469	307667	307785
2470	307908	307929
2471	307985	308065
2472	308119	308153
2473	308242	308319
2474	308354	308400
2475	308412	308514
2476	308629	308644
2477	308669	308708
2478	308759	308844
2479	308899	308922
2480	309055	309129
2481	309213	309237
2482	309291	309365
2483	309386	309427
2484	309447	309455
2485	309492	309553
2486	309561	309606
2487	309664	309744
2488	309861	309884
2489	309951	310036
2490	310096	310216
2491	310274	310336
2492	310366	310434
2493	310478	310502
2494	310520	310609
2495	310674	310711
2496	310822	310854
2497	310898	310953
2498	311043	311096
2499	311155	311191
2500	311310	311378
2501	311422	311468
2502	311572	311604
2503	311708	311744
2504	311783	311792
2505	311866	311921
2506	311985	312017
2507	312038	312069
2508	312126	312194
2509	312209	312280
2510	312338	312387
2511	312464	312493
2512	312575	312673
2513	312702	312750
2514	312809	312850
2515	312879	312941
2516	312956	313074
2517	313140	313191
2518	313221	313254
2519	313329	313419
2520	313487	313598
2521	313693	313842
2522	313911	313948
2523	313978	314059
2524	314126	314211
2525	314289	314309
2526	314369	314418
2527	314486	314563
2528	314600	314748
2529	314756	314767
2530	314841	314866
2531	314894	314926
2532	314967	314979
2533	315018	315058
2534	315088	315164
2535	315180	315251
2536	315319	315367
2537	315424	315535
2538	315553	315614
2539	315721	315791
2540	315911	315950
2541	316014	316113
2542	316171	316245
2543	316308	316344
2544	316449	316487
2545	316520	316553
2546	316642	316697
2547	316758	316828
2548	316848	316979
2549	317005	317022
2550	317057	317125
2551	317220	317254
2552	317331	317377
2553	317473	317559
2554	317644	317727
2555	317761	317809
2556	317899	317952
2557	318038	318123
2558	318186	318283
2559	318306	318329
2560	318367	318415
2561	318449	318572
2562	318622	318664
2563	318745	318801
2564	318909	318951
2565	318972	319113
2566	319194	319226
2567	319271	319349
2568	319429	319522
2569	319578	319605
2570	319627	319667
2571	319703	319785
2572	319877	319941
2573	319947	319960
2574	320020	320047
2575	320167	320256
2576	320297	320380
2577	320460	320550
2578	320599	320679
2579	320741	320757
2580	320838	320914
2581	320971	320997
2582	321100	321197
2583	321349	321361
2584	321440	321573
2585	321581	321618
2586	321674	321783
2587	321853	321875
2588	321887	321929
2589	321980	322043
2590	322053	322153
2591	322291	322332
2592	322398	322449
2593	322534	322592
2594	322628	322708
2595	322807	322893
2596	322961	322998
2597	323022	323038
2598	323061	323076
2599	323246	323261
2600	323297	323407
2601	323479	323560
2602	323631	323679
2603	323713	323725
2604	323764	323809
2605	323862	323906
2606	324016	324041
2607	324070	324138
2608	324200	324237
2609	324312	324415
2610	324505	324551
2611	324585	324633
2612	324666	324723
2613	324798	324807
2614	324865	324906
2615	324929	325002
2616	325040	325074
2617	325128	325229
2618	325239	325335
2619	325428	325503
2620	325528	325582
2621	325670	325775
2622	325871	325992
2623	326044	326093
2624	326198	326232
2625	326286	326292
2626	326317	326393
2627	326415	326452
2628	326518	326572
2629	326650	326676
2630	326738	326859
2631	326894	326949
2632	326989	327065
2633	327129	327135
2634	327218	327320
2635	327366	327447
2636	327541	327579
2637	327600	327668
2638	327733	327828
2639	327910	328055
2640	328093	328248
2641	328294	328315
2642	328339	328373
2643	328409	328523
2644	328649	328748
2645	328846	328916
2646	328945	329014
2647	329031	329076
2648	329131	329205
2649	329277	329383
2650	329394	329491
2651	329600	329654
2652	329716	329736
2653	329767	329867
2654	329944	330021
2655	330152	330167
2656	330302	330350
2657	330419	330534
2658	330623	330640
2659	330729	330847
2660	330866	330875
2661	330911	330944
2662	331015	331107
2663	331132	331189
2664	331226	331249
2665	331290	331340
2666	331356	331434
2667	331493	331611
2668	331735	331765
2669	331857	331919
2670	331958	332056
2671	332159	332225
2672	332266	332298
2673	332382	332432
2674	332467	332475
2675	332506	332600
2676	332690	332764
2677	332779	332854
2678	332866	332936
2679	332984	333088
2680	333149	333200
2681	333275	333309
2682	333345	333464
2683	333574	333632
2684	333663	333767
2685	333773	333776
2686	333865	333885
2687	333903	333988
2688	334037	334139
2689	334160	334235
2690	334257	334307
2691	334456	334555
2692	334663	334736
2693	334839	334901
2694	334931	335029
2695	335073	335126
2696	335198	335307
2697	335349	335462
2698	335526	335551
2699	335599	335686
2700	335702	335758
2701	335788	335851
2702	335862	335940
2703	336002	336049
2704	336163	336236
2705	336256	336303
2706	336430	336531
2707	336549	336628
2708	336679	336770
2709	336874	337001
2710	337049	337085
2711	337159	337200
2712	337275	337386
2713	337395	337416
2714	337443	337499
2715	337563	337704
2716	337743	337790
2717	337809	337820
2718	337871	337966
2719	338073	338119
2720	338173	338246
2721	338285	338343
2722	338410	338442
2723	338542	338569
2724	338614	338727
2725	338770	338832
2726	338855	338944
2727	339022	339032
2728	339077	339121
2729	339204	339215
2730	339263	339342
2731	339377	339487
2732	339500	339540
2733	339565	339581
2734	339647	339688
2735	339781	339808
2736	339879	339958
2737	340044	340158
2738	340211	340251
2739	340284	340358
2740	340379	340449
2741	340481	340560
2742	340591	340615
2743	340694	340817
2744	340864	340910
2745	340954	340978
2746	341022	341103
2747	341144	341195
2748	341254	341379
2749	341456	341482
2750	341594	341634
2751	341753	341772
2752	341800	341905
2753	342048	342049
2754	342100	342168
2755	342212	342291
2756	342373	342418
2757	342444	342526
2758	342579	342694
2759	342773	342852
2760	342968	343044
2761	343095	343249
2762	343324	343383
2763	343466	343521
2764	343571	343622
2765	343663	343682
2766	343735	343776
2767	343809	343829
2768	343932	344028
2769	344108	344236
2770	344373	344392
2771	344410	344458
2772	344522	344562
2773	344663	344742
2774	344879	344904
2775	345030	345091
2776	345164	345200
2777	345239	345284
2778	345323	345367
2779	345513	345548
2780	345618	345719
2781	345742	345756
2782	345819	345884
2783	345963	346013
2784	346070	346130
2785	346168	346239
2786	346329	346421
2787	346471	346501
2788	346637	346678
2789	346715	346742
2790	346794	346829
2791	346849	346896
2792	346991	347003
2793	347020	347091
2794	347124	347174
2795	347260	347296
2796	347397	347416
2797	347464	347495
2798	347562	347592
2799	347672	347724
2800	347739	347805
2801	347843	347889
2802	347940	348027
2803	348141	348213
2804	348284	348354
2805	348431	348555
2806	348638	348695
2807	348763	348775
2808	348797	348914
2809	348952	348953
2810	348988	349036
2811	349089	349140
2812	349177	349207
2813	349233	349286
2814	349412	349457
2815	349484	349563
2816	349669	349773
2817	349903	349975
2818	350009	350050
2819	350118	350210
2820	350326	350360
2821	350405	350523
2822	350559	350620
2823	350765	350838
2824	350944	351031
2825	351060	351192
2826	351223	351276
2827	351365	351425
2828	351462	351589
2829	351658	351705
2830	351723	351786
2831	351865	351983
2832	351995	352071
2833	352081	352103
2834	352131	352166
2835	352198	352293
2836	352321	352386
2837	352419	352514
2838	352550	352572
2839	352592	352599
2840	352679	352731
2841	352816	352853
2842	352884	352995
2843	353145	353163
2844	353218	353285
2845	353324	353458
2846	353477	353530
2847	353653	353746
2848	353867	353903
2849	353976	354082
2850	354139	354241
2851	354272	354294
2852	354416	354473
2853	354531	354588
2854	354642	354669
2855	354699	354786
2856	354831	354888
2857	354935	355018
2858	355092	355178
2859	355327	355393
2860	355516	355597
2861	355626	355657
2862	355765	355823
2863	355907	355960
2864	356000	356016
2865	356025	356119
2866	356160	356180
2867	356258	356283
2868	356291	356303
2869	356431	356485
2870	356523	356640
2871	356669	356765
2872	356785	356823
2873	356870	356923
2874	357000	357019
2875	357080	357203
2876	357297	357362
2877	357415	357448
2878	357524	357604
2879	357626	357639
2880	357675	357744
2881	357798	357876
2882	357957	358054
2883	358152	358209
2884	358286	358425
2885	358451	358516
2886	358575	358624
2887	358696	358760
2888	358817	358829
2889	358902	358998
2890	359078	359125
2891	359213	359234
2892	359314	359360
2893	359400	359511
2894	359562	359574
2895	359640	359724
2896	359767	359805
2897	359822	359840
2898	359962	360011
2899	360111	360138
2900	360196	360304
2901	360402	360437
2902	360506	360614
2903	360638	360659
2904	360691	360702
2905	360784	360862
2906	360969	360997
2907	361044	361079
2908	361161	361217
2909	361273	361287
2910	361307	361343
2911	361372	361385
2912	361406	361534
2913	361598	361730
2914	361805	361835
2915	361891	362033
2916	362062	362107
2917	362150	362229
2918	362294	362403
2919	362427	362485
2920	362593	362679
2921	362797	362923
2922	363000	363015
2923	363075	363118
2924	363178	363269
2925	363270	363375
2926	363443	363473
2927	363573	363631
2928	363647	363678
2929	363752	363778
2930	363794	363806
2931	363907	363946
2932	363978	364128
2933	364206	364273
2934	364312	364329
2935	364404	364512
2936	364535	364564
2937	364592	364611
2938	364663	364675
2939	364701	364799
2940	364844	364902
2941	364993	365023
2942	365079	365163
2943	365202	365257
2944	365279	365342
2945	365366	365426
2946	365445	365572
2947	365669	365747
2948	365801	365908
2949	366050	366061
2950	366079	366126
2951	366182	366306
2952	366372	366438
2953	366516	366596
2954	366698	366718
2955	366788	366855
2956	366949	367012
2957	367089	367141
2958	367206	367212
2959	367274	367318
2960	367342	367413
2961	367453	367466
2962	367491	367536
2963	367603	367717
2964	367718	367747
2965	367825	367913
2966	367948	368042
2967	368070	368170
2968	368233	368346
2969	368400	368479
2970	368557	368596
2971	368633	368706
2972	368763	368875
2973	368931	368970
2974	369051	369110
2975	369134	369278
2976	369315	369402
2977	369469	369506
2978	369545	369583
2979	369640	369750
2980	369823	369854
2981	369890	369923
2982	370032	370059
2983	370145	370174
2984	370226	370371
2985	370462	370571
2986	370691	370730
2987	370815	370910
2988	370977	370988
2989	371096	371134
2990	371247	371330
2991	371487	371551
2992	371604	371735
2993	371777	371862
2994	372001	372030
2995	372059	372149
2996	372206	372294
2997	372367	372433
2998	372536	372644
2999	372674	372684
3000	372733	372765
3001	372788	372952
3002	372998	373094
3003	373225	373281
3004	373345	373419
3005	373577	373629
3006	373699	373784
3007	373871	373889
3008	373970	374009
3009	374096	374211
3010	374262	374370
3011	374393	374510
3012	374569	374622
3013	374674	374706
3014	374847	374888
3015	375001	375053
3016	375102	375157
3017	375256	375321
3018	375415	375464
3019	375513	375544
3020	375620	375680
3021	375731	375843
3022	375875	375955
3023	375991	376079
3024	376163	376260
3025	376353	376441
3026	376533	376597
3027	376605	376733
3028	376767	376820
3029	376915	376973
3030	377072	377210
3031	377260	377354
3032	377362	377403
3033	377491	377576
3034	377693	377738
3035	377753	377802
3036	377831	377894
3037	378012	378055
3038	378210	378266
3039	378321	378353
3040	378382	378452
3041	378590	378613
3042	378658	378681
3043	378693	378785
3044	378862	378921
3045	378943	379055
3046	379142	379230
3047	379301	379379
3048	379490	379601
3049	379637	379691
3050	379816	379827
3051	379847	379901
3052	379912	379969
3053	380031	380055
3054	380101	380217
3055	380257	380289
3056	380304	380333
3057	380392	380408
3058	380507	380538
3059	380552	380639
3060	380727	380788
3061	380832	380866
3062	380978	381125
3063	381169	381283
3064	381313	381357
3065	381459	381596
3066	381646	381690
3067	381701	381797
3068	381904	381954
3069	382014	382052
3070	382151	382216
3071	382258	382310
3072	382394	382484
3073	382556	382642
3074	382733	382830
3075	382944	382986
3076	383008	383031
3077	383143	383200
3078	383253	383275
3079	383290	383309
3080	383362	383433
3081	383563	383634
3082	383666	383782
3083	383829	383875
3084	383949	384064
3085	384086	384175
3086	384237	384290
3087	384322	384364
3088	384422	384479
3089	384596	384672
3090	384705	384785
3091	384845	384952
3092	385041	385116
3093	385201	385243
3094	385276	385311
3095	385367	385410
3096	385427	385464
3097	385570	385668
3098	385682	385699
3099	385762	385772
3100	385845	385928
3101	386034	386097
3102	386146	386225
3103	386236	386291
3104	386334	386371
3105	386419	386477
3106	386551	386594
3107	386650	386705
3108	386712	386731
3109	386747	386825
3110	386927	387001
3111	387095	387102
3112	387160	387166
3113	387250	387281
3114	387394	387421
3115	387504	387586
3116	387682	387743
3117	387779	387854
3118	387879	387932
3119	387949	388026
3120	388090	388096
3121	388126	388140
3122	388154	388265
3123	388330	388395
3124	388440	388512
3125	388636	388701
3126	388787	388922
3127	389007	389035
3128	389117	389174
3129	389209	389248
3130	389330	389393
3131	389457	389496
3132	389570	389601
3133	389656	389759
3134	389796	389867
3135	389954	390030
3136	390056	390135
3137	390187	390227
3138	390262	390399
3139	390448	390493
3140	390593	390628
3141	390657	390769
3142	390860	390958
3143	390985	391125
3144	391177	391277
3145	391317	391362
3146	391401	391417
3147	391484	391538
3148	391562	391583
3149	391660	391791
3150	391835	391915
3151	391927	391934
3152	391975	392053
3153	392125	392194
3154	392277	392295
3155	392325	392423
3156	392465	392578
3157	392674	392751
3158	392800	392836
3159	392892	392915
3160	392953	393011
3161	393116	393126
3162	393249	393327
3163	393348	393386
3164	393442	393483
3165	393543	393558
3166	393586	393637
3167	393713	393786
3168	393897	393961
3169	394050	394168
3170	394237	394317
3171	394377	394479
3172	394532	394586
3173	394678	394723
3174	394773	394832
3175	394852	394885
3176	394967	395060
3177	395110	395132
3178	395197	395234
3179	395312	395395
3180	395429	395513
3181	395607	395619
3182	395678	395693
3183	395756	395854
3184	395978	396011
3185	396042	396048
3186	396150	396275
3187	396355	396422
3188	396476	396544
3189	396612	396664
3190	396744	396784
3191	396812	396851
3192	396898	396944
3193	396988	397015
3194	397167	397187
3195	397238	397345
3196	397403	397414
3197	397429	397494
3198	397597	397644
3199	397679	397713
3200	397768	397844
3201	397890	397908
3202	397954	398100
3203	398151	398211
3204	398339	398385
3205	398522	398582
3206	398597	398702
3207	398714	398761
3208	398790	398841
3209	398883	398963
3210	398973	399024
3211	399147	399212
3212	399246	399319
3213	399349	399392
3214	399472	399511
3215	399548	399650
3216	399670	399721
3217	399752	399792
3218	399850	399883
3219	399915	400029
3220	400152	400201
3221	400229	400268
3222	400283	400326
3223	400374	400466
3224	400561	400663
3225	400698	400737
3226	400841	400959
3227	401008	401047
3228	401080	401129
3229	401188	401270
3230	401349	401453
3231	401482	401602
3232	401710	401765
3233	401791	401851
3234	401893	401939
3235	402015	402028
3236	402063	402149
3237	402186	402197
3238	402211	402268
3239	402328	402384
3240	402436	402495
3241	402526	402605
3242	402677	402764
3243	402866	402943
3244	403020	403124
3245	403233	403257
3246	403288	403328
3247	403377	403439
3248	403467	403550
3249	403687	403756
3250	403774	403831
3251	403949	403992
3252	404057	404171
3253	404209	404253
3254	404336	404372
3255	404383	404416
3256	404436	404463
3257	404481	404526
3258	404577	404623
3259	404633	404660
3260	404714	404768
3261	404805	404890
3262	404922	404965
3263	405004	405098
3264	405176	405277
3265	405363	405403
3266	405466	405507
3267	405584	405623
3268	405727	405735
3269	405778	405967
3270	406044	406156
3271	406188	406196
3272	406226	406282
3273	406316	406337
3274	406351	406392
3275	406461	406550
3276	406598	406647
3277	406708	406756
3278	406808	406851
3279	406967	407072
3280	407104	407172
3281	407229	407247
3282	407360	407467
3283	407546	407564
3284	407650	407699
3285	407748	407801
3286	407877	407952
3287	408079	408170
3288	408199	408239
3289	408300	408363
3290	408473	408525
3291	408547	408597
3292	408693	408750
3293	408780	408828
3294	408902	409015
3295	409110	409188
3296	409299	409417
3297	409493	409589
3298	409653	409664
3299	409678	409769
3300	409810	409867
3301	409919	409993
3302	410055	410195
3303	410312	410344
3304	410382	410393
3305	410472	410556
3306	410652	410707
3307	410741	410814
3308	410848	410861
3309	410906	410939
3310	411006	411082
3311	411145	411220
3312	411277	411389
3313	411469	411548
3314	411636	411671
3315	411758	411829
3316	411848	411941
3317	412051	412062
3318	412223	412239
3319	412247	412343
3320	412363	412423
3321	412459	412553
3322	412590	412619
3323	412650	412718
3324	412773	412837
3325	412900	413037
3326	413068	413192
3327	413227	413233
3328	413273	413327
3329	413336	413377
3330	413417	413459
3331	413577	413596
3332	413663	413806
3333	413856	413905
3334	413966	414064
3335	414191	414252
3336	414266	414267
3337	414345	414365
3338	414408	414512
3339	414600	414643
3340	414665	414697
3341	414791	414828
3342	414964	414967
3343	415014	415066
3344	415117	415205
3345	415283	415320
3346	415328	415393
3347	415401	415428
3348	415476	415547
3349	415600	415652
3350	415763	415872
3351	415888	415966
3352	415986	415999
3353	416022	416067
3354	416164	416186
3355	416299	416375
3356	416468	416583
3357	416621	416653
3358	416678	416756
3359	416791	416803
3360	416883	416965
3361	417020	417118
3362	417189	417236
3363	417293	417368
3364	417515	417645
3365	417677	417717
3366	417738	417872
3367	417924	417956
3368	418041	418073
3369	418179	418239
3370	418305	418458
3371	418539	418547
3372	418602	418627
3373	418691	418741
3374	418869	418958
3375	418984	419061
3376	419102	419179
3377	419189	419326
3378	419478	419545
3379	419583	419677
3380	419723	419755
3381	419876	419944
3382	420026	420067
3383	420098	420146
3384	420189	420280
3385	420310	420342
3386	420382	420465
3387	420494	420570
3388	420635	420738
3389	420890	420929
3390	420977	421055
3391	421193	421232
3392	421241	421294
3393	421348	421451
3394	421497	421601
3395	421687	421713
3396	421723	421847
3397	421963	422046
3398	422119	422133
3399	422204	422269
3400	422322	422388
3401	422407	422475
3402	422528	422625
3403	422662	422725
3404	422835	422857
3405	422939	423034
3406	423071	423161
3407	423251	423339
3408	423432	423471
3409	423530	423615
3410	423653	423678
3411	423790	423823
3412	423830	423891
3413	423963	424067
3414	424203	424265
3415	424288	424409
3416	424491	424538
3417	424551	424584
3418	424660	424685
3419	424752	424847
3420	424936	425020
3421	425061	425110
3422	425180	425247
3423	425266	425276
3424	425300	425341
3425	425359	425381
3426	425432	425494
3427	425541	425635
3428	425750	425774
3429	425826	425933
3430	425980	426066
3431	426137	426182
3432	426208	426318
3433	426365	426485
3434	426519	426621
3435	426751	426799
3436	426869	426912
3437	426962	427023
3438	427036	427145
3439	427267	427315
3440	427362	427372
3441	427406	427530
3442	427612	427652
3443	427743	427781
3444	427855	427888
3445	428002	428101
3446	428141	428243
3447	428310	428354
3448	428432	428450
3449	428531	428558
3450	428631	428711
3451	428721	428799
3452	428863	428918
3453	428980	429119
3454	429257	429276
3455	429311	429328
3456	429404	429473
3457	429509	429586
3458	429640	429681
3459	429759	429872
3460	429888	429938
3461	429981	430112
3462	430148	430229
3463	430280	430368
3464	430477	430537
3465	430561	430647
3466	430743	430908
3467	430938	430993
3468	431068	431191
3469	431209	431339
3470	431362	431379
3471	431440	431518
3472	431541	431565
3473	431697	431738
3474	431810	431860
3475	431900	431950
3476	432032	432043
3477	432070	432149
3478	432221	432293
3479	432380	432426
3480	432483	432534
3481	432573	432612
3482	432620	432692
3483	432698	432787
3484	432891	433005
3485	433074	433096
3486	433177	433241
3487	433257	433293
3488	433368	433465
3489	433520	433639
3490	433704	433715
3491	433737	433795
3492	433868	434005
3493	434058	434149
3494	434263	434310
3495	434350	434363
3496	434400	434555
3497	434579	434685
3498	434829	434854
3499	434876	434998
3500	435080	435093
3501	435222	435286
3502	435345	435398
3503	435414	435509
3504	435552	435608
3505	435674	435707
3506	435779	435893
3507	435993	436052
3508	436098	436117
3509	436235	436338
3510	436377	436441
3511	436499	436519
3512	436593	436755
3513	436774	436869
3514	436891	436948
3515	437087	437177
3516	437216	437251
3517	437356	437417
3518	437432	437546
3519	437598	437688
3520	437727	437748
3521	437813	437863
3522	437953	437984
3523	438098	438118
3524	438149	438206
3525	438251	438336
3526	438436	438489
3527	438563	438595
3528	438635	438693
3529	438748	438819
3530	438885	438980
3531	439046	439098
3532	439155	439283
3533	439326	439340
3534	439350	439384
3535	439534	439706
3536	439795	439839
3537	439906	439971
3538	439993	440026
3539	440118	440188
3540	440212	440310
3541	440343	440407
3542	440442	440473
3543	440551	440619
3544	440738	440771
3545	440801	440929
3546	440987	441061
3547	441094	441138
3548	441188	441291
3549	441355	441373
3550	441450	441518
3551	441611	441714
3552	441820	441918
3553	441950	442047
3554	442095	442106
3555	442125	442169
3556	442208	442232
3557	442319	442394
3558	442493	442549
3559	442647	442698
3560	442729	442827
3561	442928	442980
3562	443052	443115
3563	443152	443247
3564	443337	443348
3565	443396	443481
3566	443492	443577
3567	443636	443731
3568	443776	443904
3569	443927	443947
3570	444008	444099
3571	444148	444186
3572	444250	444325
3573	444440	444503
3574	444625	444734
3575	444756	444875
3576	444921	444972
3577	444978	445022
3578	445094	445186
3579	445244	445305
3580	445359	445385
3581	445435	445454
3582	445517	445605
3583	445748	445785
3584	445797	445824
3585	445839	445858
3586	445933	445975
3587	446028	446053
3588	446115	446164
3589	446172	446223
3590	446256	446310
3591	446375	446419
3592	446524	446673
3593	446690	446792
3594	446859	446936
3595	446994	447074
3596	447085	447196
3597	447210	447258
3598	447298	447416
3599	447443	447476
3600	447506	447567
3601	447603	447720
3602	447795	447829
3603	447858	447900
3604	447980	448041
3605	448098	448172
3606	448243	448292
3607	448351	448419
3608	448446	448521
3609	448568	448670
3610	448706	448781
3611	448797	448814
3612	448885	448948
3613	449026	449128
3614	449139	449205
3615	449261	449345
3616	449418	449464
3617	449496	449606
3618	449686	449709
3619	449804	449817
3620	449912	449989
3621	450073	450089
3622	450204	450237
3623	450309	450332
3624	450386	450458
3625	450560	450581
3626	450637	450676
3627	450758	450788
3628	450831	450939
3629	451003	451031
3630	451132	451274
3631	451386	451469
3632	451516	451633
3633	451737	451766
3634	451862	451917
3635	451967	452095
3636	452141	452253
3637	452271	452308
3638	452437	452559
3639	452692	452767
3640	452844	452966
3641	453004	453016
3642	453039	453074
3643	453250	453327
3644	453409	453463
3645	453535	453578
3646	453586	453665
3647	453702	453777
3648	453887	454041
3649	454123	454160
3650	454221	454280
3651	454401	454475
3652	454489	454544
3653	454602	454670
3654	454704	454748
3655	454835	454875
3656	454932	454961
3657	455055	455091
3658	455221	455269
3659	455310	455321
3660	455363	455374
3661	455482	455492
3662	455553	455597
3663	455655	455717
3664	455773	455919
3665	455978	456032
3666	456043	456114
3667	456120	456168
3668	456205	456265
3669	456309	456342
3670	456380	456414
3671	456510	456566
3672	456658	456702
3673	456808	456845
3674	456901	456913
3675	456951	456999
3676	457102	457116
3677	457136	457254
3678	457279	457306
3679	457383	457488
3680	457594	457633
3681	457767	457790
3682	457826	457855
3683	457874	457938
3684	457999	458100
3685	458118	458146
3686	458233	458243
3687	458287	458293
3688	458350	458438
3689	458525	458603
3690	458734	458774
3691	458822	458917
3692	458990	459121
3693	459161	459249
3694	459328	459395
3695	459418	459446
3696	459467	459482
3697	459602	459660
3698	459755	459852
3699	459971	460031
3700	460089	460128
3701	460197	460324
3702	460377	460443
3703	460505	460563
3704	460594	460662
3705	460762	460776
3706	460799	460868
3707	460922	460999
3708	461059	461148
3709	461284	461366
3710	461444	461475
3711	461512	461607
3712	461677	461730
3713	461845	461936
3714	462006	462034
3715	462056	462142
3716	462226	462262
3717	462376	462420
3718	462494	462561
3719	462599	462689
3720	462768	462798
3721	462877	462919
3722	462941	462968
3723	463075	463103
3724	463130	463218
3725	463243	463306
3726	463396	463428
3727	463482	463553
3728	463588	463726
3729	463824	463894
3730	463919	463947
3731	463999	464088
3732	464125	464189
3733	464210	464216
3734	464328	464344
3735	464388	464464
3736	464545	464559
3737	464616	464654
3738	464773	464853
3739	464931	464996
3740	465026	465148
3741	465190	465269
3742	465334	465368
3743	465485	465539
3744	465601	465710
3745	465788	465835
3746	465888	465957
3747	465986	466028
3748	466154	466178
3749	466261	466294
3750	466355	466401
3751	466425	466428
3752	466469	466517
3753	466641	466710
3754	466763	466783
3755	466863	466926
3756	467031	467066
3757	467095	467219
3758	467343	467435
3759	467531	467590
3760	467598	467667
3761	467758	467779
3762	467810	467831
3763	467880	467897
3764	467936	468035
3765	468076	468110
3766	468149	468197
3767	468282	468333
3768	468375	468458
3769	468492	468558
3770	468654	468769
3771	468779	468864
3772	468913	468928
3773	469027	469100
3774	469142	469197
3775	469206	469318
3776	469341	469364
3777	469507	469614
3778	469730	469808
3779	469924	470028
3780	470043	470112
3781	470161	470212
3782	470304	470350
3783	470427	470532
3784	470559	470693
3785	470725	470770
3786	470830	470879
3787	470932	470996
3788	471092	471171
3789	471228	471323
3790	471346	471422
3791	471513	471554
3792	471592	471676
3793	471762	471810
3794	471897	471921
3795	472057	472133
3796	472192	472231
3797	472259	472324
3798	472411	472481
3799	472543	472655
3800	472705	472769
3801	472816	472880
3802	472929	473061
3803	473091	473154
3804	473234	473268
3805	473327	473390
3806	473416	473476
3807	473526	473549
3808	473574	473614
3809	473707	473808
3810	473837	473876
3811	473961	473979
3812	473999	474051
3813	474094	474149
3814	474211	474282
3815	474290	474348
3816	474377	474401
3817	474440	474513
3818	474532	474563
3819	474696	474797
3820	474873	474965
3821	475007	475058
3822	475103	475207
3823	475289	475415
3824	475450	475507
3825	475537	475560
3826	475597	475713
3827	475738	475772
3828	475852	475956
3829	476037	476084
3830	476120	476193
3831	476246	476316
3832	476400	476424
3833	476543	476584
3834	476668	476732
3835	476751	476846
3836	476880	476928
3837	477029	477073
3838	477144	477249
3839	477293	477416
3840	477477	477572
3841	477627	477707
3842	477731	477776
3843	477810	477848
3844	477932	477979
3845	478004	478028
3846	478082	478150
3847	478206	478267
3848	478334	478437
3849	478487	478510
3850	478628	478697
3851	478731	478862
3852	478930	478946
3853	479005	479046
3854	479132	479206
3855	479228	479327
3856	479340	479399
3857	479561	479640
3858	479696	479729
3859	479740	479770
3860	479861	479885
3861	479958	480024
3862	480036	480089
3863	480193	480254
3864	480289	480386
3865	480445	480517
3866	480577	480678
3867	480702	480781
3868	480804	480883
3869	481018	481087
3870	481188	481261
3871	481291	481378
3872	481427	481526
3873	481544	481631
3874	481718	481752
3875	481806	481825
3876	481848	481865
3877	481937	482009
3878	482078	482200
3879	482235	482270
3880	482357	482434
3881	482489	482582
3882	482706	482724
3883	482742	482784
3884	482816	482893
3885	482911	482963
3886	482984	483017
3887	483103	483195
3888	483242	483248
3889	483290	483383
3890	483467	483507
3891	483514	483611
3892	483681	483708
3893	483739	483790
3894	483838	483884
3895	483931	483955
3896	484070	484116
3897	484202	484242
3898	484313	484381
3899	484401	484427
3900	484446	484509
3901	484546	484612
3902	484656	484714
3903	484757	484791
3904	484808	484829
3905	484861	484935
3906	484954	485020
3907	485123	485217
3908	485279	485294
3909	485404	485456
3910	485465	485516
3911	485553	485571
3912	485680	485763
3913	485789	485835
3914	485860	485943
3915	485960	486062
3916	486093	486202
3917	486229	486278
3918	486286	486380
3919	486439	486501
3920	486536	486625
3921	486716	486745
3922	486838	486868
3923	486897	486948
3924	487026	487108
3925	487130	487215
3926	487269	487310
3927	487407	487424
3928	487443	487497
3929	487532	487553
3930	487585	487640
3931	487691	487718
3932	487732	487809
3933	487838	487846
3934	487909	488013
3935	488121	488159
3936	488171	488227
3937	488335	488367
3938	488430	488566
3939	488594	488596
3940	488631	488675
3941	488707	488751
3942	488868	488957
3943	488979	489023
3944	489071	489129
3945	489173	489250
3946	489257	489299
3947	489334	489414
3948	489559	489595
3949	489613	489715
3950	489740	489807
3951	489943	490028
3952	490065	490116
3953	490153	490190
3954	490230	490283
3955	490308	490322
3956	490336	490353
3957	490385	490418
3958	490478	490528
3959	490685	490789
3960	490937	490999
3961	491055	491077
3962	491122	491133
3963	491208	491216
3964	491308	491389
3965	491447	491467
3966	491549	491625
3967	491680	491701
3968	491800	491918
3969	491944	492003
3970	492043	492183
3971	492304	492364
3972	492478	492536
3973	492608	492639
3974	492688	492742
3975	492757	492834
3976	492883	492923
3977	493015	493064
3978	493135	493226
3979	493252	493296
3980	493339	493406
3981	493432	493472
3982	493524	493594
3983	493638	493694
3984	493759	493816
3985	493912	494029
3986	494126	494198
3987	494263	494320
3988	494373	494413
3989	494578	494710
3990	494729	494810
3991	494876	494947
3992	495030	495147
3993	495202	495274
3994	495340	495421
3995	495477	495487
3996	495656	495718
3997	495850	495924
3998	495936	495976
3999	496037	496046
4000	496123	496129
4001	496184	496240
4002	496309	496356
4003	496488	496522
4004	496563	496621
4005	496677	496815
4006	496948	496995
4007	497015	497040
4008	497156	497271
4009	497389	497431
4010	497467	497533
4011	497611	497629
4012	497711	497727
4013	497730	497824
4014	497908	497946
4015	498020	498051
4016	498085	498145
4017	498246	498333
4018	498341	498386
4019	498442	498480
4020	498546	498626
4021	498647	498675
4022	498772	498873
4023	498950	499061
4024	499144	499204
4025	499247	499359
4026	499397	499469
4027	499598	499628
4028	499667	499765
4029	499839	499949
4030	499991	500086
4031	500136	500249
4032	500281	500382
4033	500424	500454
4034	500478	500505
4035	500552	500609
4036	500684	500767
4037	500805	500842
4038	500904	501009
4039	501056	501098
4040	501143	501179
4041	501231	501329
4042	501346	501428
4043	501505	501565
4044	501598	501639
4045	501694	501719
4046	501774	501803
4047	501863	501875
4048	501951	502040
4049	502083	502165
4050	502204	502250
4051	502283	502340
4052	502441	502504
4053	502539	502659
4054	502754	502861
4055	502950	503029
4056	503077	503133
4057	503222	503302
4058	503367	503429
4059	503542	503602
4060	503664	503740
4061	503872	503942
4062	503969	504052
4063	504061	504068
4064	504111	504157
4065	504280	504343
4066	504439	504468
4067	504540	504590
4068	504747	504785
4069	504879	504890
4070	504933	504965
4071	505056	505067
4072	505143	505177
4073	505299	505357
4074	505406	505501
4075	505548	505636
4076	505704	505788
4077	505799	505819
4078	505856	505873
4079	505903	505961
4080	505982	505994
4081	506078	506102
4082	506225	506296
4083	506327	506377
4084	506427	506449
4085	506543	506608
4086	506652	506729
4087	506768	506886
4088	506970	507086
4089	507113	507124
4090	507164	507234
4091	507298	507312
4092	507369	507397
4093	507436	507532
4094	507570	507646
4095	507698	507725
4096	507762	507791
4097	507878	507910
4098	507932	508028
4099	508162	508239
4100	508272	508379
4101	508451	508554
4102	508614	508622
4103	508655	508754
4104	508833	508944
4105	509030	509078
4106	509143	509230
4107	509319	509381
4108	509467	509629
4109	509684	509738
4110	509753	509873
4111	509915	509945
4112	510037	510071
4113	510113	510131
4114	510187	510286
4115	510358	510446
4116	510536	510614
4117	510635	510667
4118	510719	510817
4119	510823	510885
4120	510925	511004
4121	511055	511089
4122	511130	511193
4123	511202	511277
4124	511391	511429
4125	511489	511529
4126	511633	511676
4127	511727	511781
4128	511882	511928
4129	511950	512063
4130	512082	512109
4131	512204	512228
4132	512290	512330
4133	512385	512512
4134	512570	512643
4135	512717	512801
4136	512819	512855
4137	512907	512961
4138	513000	513039
4139	513100	513202
4140	513313	513393
4141	513421	513460
4142	513586	513628
4143	513700	513706
4144	513749	513811
4145	513942	513966
4146	514017	514054
4147	514084	514121
4148	514271	514294
4149	514396	514431
4150	514489	514535
4151	514552	514699
4152	514760	514784
4153	514892	514934
4154	515008	515039
4155	515092	515147
4156	515206	515230
4157	515271	515336
4158	515394	515473
4159	515553	515609
4160	515686	515776
4161	515808	515966
4162	516033	516056
4163	516091	516116
4164	516153	516234
4165	516339	516366
4166	516407	516445
4167	516485	516520
4168	516560	516621
4169	516698	516759
4170	516784	516851
4171	516890	516939
4172	517025	517102
4173	517196	517234
4174	517310	517392
4175	517444	517542
4176	517594	517648
4177	517724	517791
4178	517847	517868
4179	517887	517958
4180	517975	517983
4181	518000	518095
4182	518106	518231
4183	518319	518423
4184	518494	518559
4185	518620	518723
4186	518762	518843
4187	518972	519001
4188	519057	519157
4189	519259	519277
4190	519395	519458
4191	519582	519603
4192	519636	519667
4193	519709	519726
4194	519793	519919
4195	519979	520034
4196	520035	520121
4197	520195	520243
4198	520324	520397
4199	520434	520468
4200	520529	520601
4201	520644	520701
4202	520777	520814
4203	520846	520899
4204	520959	521021
4205	521066	521094
4206	521162	521195
4207	521249	521309
4208	521430	521440
4209	521470	521492
4210	521577	521618
4211	521641	521711
4212	521731	521819
4213	521882	521976
4214	522123	522202
4215	522292	522306
4216	522398	522499
4217	522585	522638
4218	522705	522754
4219	522771	522803
4220	522896	522930
4221	522997	523005
4222	523059	523069
4223	523086	523177
4224	523262	523332
4225	523382	523468
4226	523482	523525
4227	523565	523607
4228	523664	523766
4229	523863	523957
4230	524030	524091
4231	524221	524311
4232	524367	524450
4233	524481	524529
4234	524616	524711
4235	524742	524825
4236	524877	524945
4237	525038	525101
4238	525158	525175
4239	525198	525262
4240	525372	525429
4241	525513	525548
4242	525665	525702
4243	525773	525814
4244	525914	526002
4245	526028	526074
4246	526105	526192
4247	526301	526397
4248	526425	526438
4249	526486	526517
4250	526629	526750
4251	526813	526874
4252	526945	526969
4253	526983	527072
4254	527104	527183
4255	527252	527284
4256	527363	527415
4257	527510	527579
4258	527679	527708
4259	527838	527903
4260	527926	527993
4261	528054	528123
4262	528220	528314
4263	528373	528387
4264	528486	528574
4265	528639	528662
4266	528694	528711
4267	528803	528888
4268	528953	529004
4269	529043	529164
4270	529198	529266
4271	529346	529374
4272	529474	529513
4273	529583	529610
4274	529669	529742
4275	529862	529911
4276	529945	529984
4277	530007	530118
4278	530143	530175
4279	530232	530248
4280	530344	530382
4281	530427	530458
4282	530531	530610
4283	530689	530700
4284	530781	530833
4285	530955	530994
4286	531015	531101
4287	531173	531256
4288	531277	531342
4289	531390	531434
4290	531452	531532
4291	531577	531633
4292	531703	531818
4293	531873	531946
4294	532067	532100
4295	532157	532240
4296	532287	532390
4297	532408	532525
4298	532653	532730
4299	532829	532849
4300	532923	532965
4301	533027	533135
4302	533197	533244
4303	533283	533306
4304	533315	533386
4305	533487	533500
4306	533551	533616
4307	533726	533759
4308	533788	533833
4309	533876	533909
4310	534001	534080
4311	534124	534230
4312	534278	534387
4313	534473	534506
4314	534549	534622
4315	534679	534726
4316	534741	534845
4317	534883	534910
4318	534982	534999
4319	535028	535048
4320	535203	535292
4321	535352	535453
4322	535470	535621
4323	535645	535705
4324	535730	535892
4325	535893	535964
4326	536038	536072
4327	536114	536191
4328	536216	536298
4329	536328	536365
4330	536491	536554
4331	536564	536625
4332	536641	536734
4333	536766	536809
4334	536839	536867
4335	536984	537042
4336	537054	537096
4337	537160	537250
4338	537311	537345
4339	537360	537430
4340	537546	537572
4341	537603	537650
4342	537724	537777
4343	537904	537990
4344	538079	538131
4345	538237	538316
4346	538328	538432
4347	538472	538512
4348	538614	538658
4349	538671	538704
4350	538776	538828
4351	538918	539037
4352	539116	539228
4353	539265	539277
4354	539350	539489
4355	539526	539608
4356	539691	539742
4357	539905	539938
4358	539995	540045
4359	540156	540244
4360	540334	540415
4361	540448	540480
4362	540593	540659
4363	540742	540846
4364	540965	540987
4365	541049	541148
4366	541246	541300
4367	541384	541507
4368	541566	541650
4369	541702	541724
4370	541744	541800
4371	541842	541897
4372	542041	542118
4373	542134	542277
4374	542291	542357
4375	542410	542478
4376	542509	542550
4377	542666	542777
4378	542876	542941
4379	543045	543111
4380	543135	543207
4381	543281	543303
4382	543348	543389
4383	543462	543569
4384	543633	543634
4385	543644	543657
4386	543753	543782
4387	543795	543850
4388	543861	543924
4389	543976	544097
4390	544180	544271
4391	544325	544384
4392	544500	544561
4393	544610	544675
4394	544771	544880
4395	544948	545014
4396	545101	545223
4397	545344	545381
4398	545422	545480
4399	545507	545555
4400	545639	545686
4401	545814	545940
4402	546031	546140
4403	546165	546273
4404	546397	546462
4405	546520	546598
4406	546703	546736
4407	546819	546887
4408	546921	546972
4409	547030	547073
4410	547130	547185
4411	547328	547355
4412	547436	547517
4413	547589	547633
4414	547705	547821
4415	547866	547885
4416	547941	548060
4417	548080	548140
4418	548169	548244
4419	548266	548349
4420	548362	548427
4421	548582	548657
4422	548672	548756
4423	548852	548929
4424	549028	549113
4425	549129	549221
4426	549342	549425
4427	549475	549524
4428	549552	549620
4429	549722	549854
4430	549896	549965
4431	549973	550040
4432	550107	550169
4433	550223	550286
4434	550358	550467
4435	550568	550619
4436	550731	550813
4437	550887	550928
4438	551003	551073
4439	551153	551185
4440	551218	551281
4441	551352	551424
4442	551450	551582
4443	551655	551717
4444	551767	551836
4445	551868	551895
4446	551979	552055
4447	552130	552182
4448	552242	552374
4449	552409	552510
4450	552608	552682
4451	552768	552854
4452	552901	552946
4453	553003	553039
4454	553146	553266
4455	553332	553394
4456	553450	553514
4457	553557	553611
4458	553667	553708
4459	553803	553885
4460	554008	554033
4461	554110	554148
4462	554258	554279
4463	554346	554408
4464	554470	554521
4465	554535	554541
4466	554683	554750
4467	554797	554830
4468	554908	554945
4469	554965	555016
4470	555097	555182
4471	555262	555270
4472	555301	555378
4473	555454	555518
4474	555618	555633
4475	555675	555769
4476	555792	555873
4477	555938	555960
4478	556011	556099
4479	556147	556206
4480	556262	556304
4481	556378	556432
4482	556468	556514
4483	556561	556579
4484	556627	556674
4485	556692	556788
4486	556831	556853
4487	556871	556945
4488	556974	556987
4489	557027	557099
4490	557170	557264
4491	557275	557308
4492	557328	557430
4493	557473	557608
4494	557644	557701
4495	557798	557867
4496	557944	557969
4497	558032	558085
4498	558160	558243
4499	558264	558316
4500	558370	558443
4501	558493	558533
4502	558592	558663
4503	558759	558852
4504	558894	558947
4505	559013	559020
4506	559090	559131
4507	559244	559271
4508	559316	559374
4509	559470	559505
4510	559555	559659
4511	559702	559752
4512	559763	559780
4513	559855	559918
4514	559929	559954
4515	559990	560009
4516	560055	560081
4517	560213	560320
4518	560352	560414
4519	560505	560582
4520	560683	560708
4521	560715	560780
4522	560818	560906
4523	560978	561108
4524	561191	561252
4525	561297	561359
4526	561387	561431
4527	561505	561564
4528	561645	561708
4529	561797	561835
4530	561863	561951
4531	562034	562063
4532	562104	562124
4533	562175	562285
4534	562357	562378
4535	562498	562512
4536	562619	562689
4537	562774	562835
4538	562856	562934
4539	563043	563154
4540	563195	563250
4541	563284	563309
4542	563338	563403
4543	563531	563562
4544	563599	563638
4545	563660	563722
4546	563808	563892
4547	563992	564033
4548	564143	564234
4549	564250	564278
4550	564345	564434
4551	564518	564587
4552	564602	564687
4553	564736	564777
4554	564860	564888
4555	564989	565081
4556	565123	565206
4557	565281	565317
4558	565344	565406
4559	565456	565505
4560	565609	565688
4561	565730	565758
4562	565808	565884
4563	565944	566015
4564	566111	566130
4565	566199	566268
4566	566358	566455
4567	566533	566564
4568	566707	566713
4569	566766	566788
4570	566880	566970
4571	567046	567084
4572	567148	567249
4573	567328	567370
4574	567428	567484
4575	567599	567673
4576	567731	567863
4577	567935	567970
4578	567996	568054
4579	568204	568260
4580	568305	568320
4581	568481	568520
4582	568609	568670
4583	568777	568850
4584	568864	568910
4585	568980	569003
4586	569084	569162
4587	569217	569247
4588	569361	569431
4589	569527	569624
4590	569646	569699
4591	569806	569893
4592	569981	570005
4593	570048	570134
4594	570208	570235
4595	570251	570326
4596	570439	570465
4597	570491	570513
4598	570560	570692
4599	570738	570818
4600	570889	570926
4601	571012	571042
4602	571059	571213
4603	571313	571324
4604	571405	571437
4605	571503	571548
4606	571643	571708
4607	571799	571899
4608	572000	572066
4609	572083	572112
4610	572167	572210
4611	572290	572320
4612	572347	572355
4613	572364	572407
4614	572440	572521
4615	572571	572653
4616	572785	572818
4617	572829	572904
4618	572984	573025
4619	573046	573190
4620	573306	573356
4621	573457	573548
4622	573618	573671
4623	573725	573801
4624	573868	574017
4625	574058	574108
4626	574203	574337
4627	574431	574483
4628	574538	574665
4629	574737	574757
4630	574859	574890
4631	574991	575085
4632	575100	575128
4633	575284	575355
4634	575424	575484
4635	575535	575562
4636	575568	575652
4637	575683	575731
4638	575774	575792
4639	575936	575985
4640	576011	576109
4641	576211	576239
4642	576326	576403
4643	576419	576426
4644	576483	576577
4645	576613	576638
4646	576746	576812
4647	576885	577008
4648	577096	577201
4649	577254	577271
4650	577335	577356
4651	577467	577483
4652	577589	577668
4653	577718	577767
4654	577788	577854
4655	577939	578007
4656	578062	578156
4657	578237	578291
4658	578391	578478
4659	578559	578671
4660	578740	578810
4661	578900	578919
4662	578976	579043
4663	579057	579101
4664	579162	579261
4665	579325	579403
4666	579543	579632
4667	579756	579843
4668	579885	579955
4669	580115	580137
4670	580243	580273
4671	580354	580459
4672	580574	580696
4673	580776	580810
4674	580857	580993
4675	581006	581084
4676	581189	581212
4677	581298	581388
4678	581427	581548
4679	581585	581619
4680	581671	581726
4681	581820	581827
4682	581873	582010
4683	582068	582122
4684	582208	582256
4685	582310	582374
4686	582385	582547
4687	582560	582618
4688	582687	582831
4689	582873	582989
4690	583027	583069
4691	583081	583121
4692	583150	583200
4693	583288	583308
4694	583381	583419
4695	583524	583628
4696	583684	583757
4697	583855	583931
4698	583991	584071
4699	584087	584130
4700	584148	584207
4701	584289	584408
4702	584455	584542
4703	584586	584646
4704	584764	584782
4705	584930	584977
4706	584985	585037
4707	585082	585161
4708	585238	585290
4709	585410	585483
4710	585504	585530
4711	585591	585713
4712	585866	585890
4713	585927	586052
4714	586143	586255
4715	586318	586360
4716	586383	586481
4717	586504	586583
4718	586618	586703
4719	586719	586763
4720	586790	586838
4721	586873	586916
4722	586949	587045
4723	587075	587089
4724	587177	587270
4725	587348	587393
4726	587494	587596
4727	587661	587715
4728	587772	587792
4729	587850	587905
4730	588011	588103
4731	588169	588193
4732	588283	588308
4733	588346	588498
4734	588512	588553
4735	588613	588670
4736	588695	588741
4737	588770	588877
4738	588946	588983
4739	589114	589152
4740	589195	589259
4741	589275	589312
4742	589358	589440
4743	589571	589631
4744	589666	589735
4745	589791	589862
4746	589908	589945
4747	589951	590085
4748	590141	590190
4749	590227	590273
4750	590309	590387
4751	590453	590454
4752	590551	590601
4753	590637	590651
4754	590685	590752
4755	590857	590919
4756	590951	590973
4757	590993	591050
4758	591161	591273
4759	591371	591406
4760	591454	591507
4761	591621	591718
4762	591806	591942
4763	591964	592000
4764	592075	592162
4765	592260	592294
4766	592347	592440
4767	592477	592567
4768	592617	592624
4769	592659	592687
4770	592744	592789
4771	592837	592857
4772	592902	593020
4773	593026	593051
4774	593156	593249
4775	593309	593345
4776	593374	593381
4777	593443	593487
4778	593521	593632
4779	593696	593745
4780	593766	593808
4781	593900	593977
4782	593984	594084
4783	594163	594205
4784	594225	594291
4785	594314	594350
4786	594438	594531
4787	594578	594648
4788	594678	594806
4789	594854	594887
4790	594977	595059
4791	595072	595192
4792	595300	595353
4793	595414	595461
4794	595468	595579
4795	595601	595705
4796	595813	595844
4797	595883	595924
4798	596004	596039
4799	596115	596144
4800	596208	596286
4801	596312	596372
4802	596434	596495
4803	596590	596700
4804	596744	596861
4805	596894	596931
4806	596986	597070
4807	597093	597135
4808	597159	597264
4809	597279	597299
4810	597449	597469
4811	597507	597593
4812	597694	597758
4813	597819	597894
4814	597986	597999
4815	598029	598140
4816	598214	598238
4817	598302	598345
4818	598377	598411
4819	598455	598517
4820	598551	598578
4821	598654	598683
4822	598719	598743
4823	598837	598930
4824	599004	599061
4825	599139	599203
4826	599260	599325
4827	599431	599469
4828	599503	599590
4829	599684	599719
4830	599811	599896
4831	599959	600009
4832	600034	600071
4833	600108	600171
4834	600231	600274
4835	600345	600365
4836	600471	600521
4837	600548	600560
4838	600634	600755
4839	600800	600960
4840	601078	601169
4841	601186	601259
4842	601335	601421
4843	601492	601528
4844	601558	601698
4845	601713	601738
4846	601756	601844
4847	601973	602089
4848	602177	602247
4849	602336	602384
4850	602468	602554
4851	602669	602773
4852	602855	602927
4853	603067	603166
4854	603233	603268
4855	603327	603423
4856	603437	603530
4857	603579	603598
4858	603625	603669
4859	603754	603774
4860	603816	603880
4861	603953	604014
4862	604104	604114
4863	604195	604269
4864	604303	604425
4865	604499	604573
4866	604600	604679
4867	604725	604781
4868	604834	604908
4869	604960	605015
4870	605120	605183
4871	605227	605331
4872	605413	605528
4873	605578	605707
4874	605749	605801
4875	605829	605877
4876	605928	606005
4877	606075	606163
4878	606258	606308
4879	606342	606359
4880	606451	606556
4881	606641	606657
4882	606745	606783
4883	606869	606885
4884	606942	607061
4885	607152	607182
4886	607275	607308
4887	607376	607427
4888	607524	607643
4889	607688	607696
4890	607773	607817
4891	607852	607878
4892	607980	608033
4893	608049	608155
4894	608202	608337
4895	608354	608429
4896	608483	608544
4897	608556	608581
4898	608686	608735
4899	608808	608870
4900	608970	609008
4901	609056	609098
4902	609121	609181
4903	609237	609266
4904	609315	609427
4905	609483	609565
4906	609611	609666
4907	609732	609742
4908	609815	609823
4909	609840	609857
4910	609922	609941
4911	609952	610017
4912	610074	610136
4913	610218	610302
4914	610350	610428
4915	610488	610515
4916	610638	610685
4917	610814	610826
4918	610849	610901
4919	611014	611051
4920	611164	611221
4921	611269	611329
4922	611386	611420
4923	611494	611561
4924	611709	611717
4925	611751	611833
4926	611844	611891
4927	611941	611965
4928	612006	612109
4929	612190	612268
4930	612299	612439
4931	612481	612508
4932	612644	612681
4933	612725	612843
4934	612895	612964
4935	613045	613063
4936	613085	613171
4937	613232	613318
4938	613385	613400
4939	613452	613493
4940	613563	613615
4941	613693	613818
4942	613893	613993
4943	614093	614198
4944	614241	614341
4945	614412	614425
4946	614463	614528
4947	614577	614595
4948	614678	614684
4949	614747	614871
4950	614905	614966
4951	615052	615124
4952	615158	615223
4953	615355	615409
4954	615430	615538
4955	615611	615659
4956	615707	615810
4957	615880	615907
4958	615991	616014
4959	616100	616112
4960	616180	616201
4961	616312	616372
4962	616446	616529
4963	616623	616664
4964	616679	616704
4965	616777	616798
4966	616835	616893
4967	616999	617085
4968	617098	617147
4969	617197	617228
4970	617306	617379
4971	617482	617528
4972	617613	617683
4973	617689	617766
4974	617821	617895
4975	617972	618097
4976	618120	618181
4977	618287	618350
4978	618408	618511
4979	618541	618640
4980	618694	618701
4981	618750	618794
4982	618826	618835
4983	618881	618893
4984	618972	618998
4985	619081	619097
4986	619143	619170
4987	619195	619264
4988	619276	619352
4989	619367	619392
4990	619507	619529
4991	619646	619788
4992	619824	619855
4993	619862	619941
4994	620070	620157
4995	620181	620226
4996	620243	620280
4997	620368	620421
4998	620447	620564
4999	620691	620701
5000	620786	620869
5001	621015	621071
5002	621110	621162
5003	621245	621301
5004	621346	621375
5005	621416	621469
5006	621526	621565
5007	621657	621693
5008	621753	621786
5009	621822	621898
5010	622022	622092
5011	622169	622250
5012	622329	622432
5013	622490	622526
5014	622579	622647
5015	622742	622768
5016	622809	622895
5017	622931	622949
5018	622982	623011
5019	623050	623136
5020	623181	623287
5021	623394	623466
5022	623533	623545
5023	623591	623617
5024	623735	623738
5025	623808	623889
5026	623956	623998
5027	624101	624136
5028	624163	624209
5029	624294	624305
5030	624342	624460
5031	624471	624521
5032	624591	624661
5033	624734	624806
5034	624874	624992
5035	625045	625072
5036	625148	625221
5037	625347	625409
5038	625518	625595
5039	625609	625656
5040	625750	625788
5041	625807	625861
5042	625924	625949
5043	626026	626077
5044	626110	626145
5045	626246	626330
5046	626491	626595
5047	626625	626706
5048	626742	626795
5049	626900	627052
5050	627143	627218
5051	627275	627330
5052	627425	627477
5053	627537	627634
5054	627678	627709
5055	627787	627848
5056	627944	627958
5057	628030	628085
5058	628152	628225
5059	628265	628273
5060	628313	628368
5061	628431	628521
5062	628659	628725
5063	628836	628940
5064	628966	629000
5065	629028	629049
5066	629076	629150
5067	629170	629234
5068	629331	629401
5069	629548	629586
5070	629593	629644
5071	629666	629737
5072	629769	629822
5073	629857	629885
5074	629918	629944
5075	629997	630033
5076	630102	630215
5077	630287	630362
5078	630383	630414
5079	630549	630602
5080	630708	630752
5081	630825	630923
5082	631044	631086
5083	631141	631206
5084	631245	631336
5085	631453	631464
5086	631568	631630
5087	631716	631738
5088	631764	631819
5089	631904	632010
5090	632048	632140
5091	632177	632249
5092	632318	632419
5093	632434	632503
5094	632565	632634
5095	632673	632753
5096	632809	632839
5097	632884	632934
5098	632977	633049
5099	633136	633160
5100	633252	633340
5101	633450	633499
5102	633579	633626
5103	633660	633743
5104	633760	633806
5105	633865	633937
5106	633961	633971
5107	634056	634122
5108	634166	634175
5109	634206	634315
5110	634436	634510
5111	634622	634688
5112	634737	634776
5113	634904	634926
5114	634974	634985
5115	635029	635113
5116	635163	635239
5117	635255	635321
5118	635359	635410
5119	635520	635543
5120	635609	635696
5121	635768	635793
5122	635891	635989
5123	636012	636091
5124	636142	636248
5125	636283	636398
5126	636445	636552
5127	636650	636757
5128	636811	636836
5129	636873	636922
5130	637017	637074
5131	637140	637184
5132	637253	637277
5133	637346	637407
5134	637437	637477
5135	637541	637583
5136	637627	637702
5137	637723	637776
5138	637895	637921
5139	638003	638097
5140	638180	638205
5141	638273	638317
5142	638324	638400
5143	638452	638477
5144	638542	638568
5145	638703	638795
5146	638839	638958
5147	639003	639034
5148	639150	639163
5149	639205	639307
5150	639374	639390
5151	639484	639551
5152	639577	639625
5153	639754	639820
5154	639887	639984
5155	640024	640141
5156	640213	640281
5157	640301	640317
5158	640387	640421
5159	640432	640479
5160	640520	640583
5161	640601	640684
5162	640789	640875
5163	640939	640972
5164	641013	641028
5165	641095	641213
5166	641235	641314
5167	641352	641428
5168	641455	641499
5169	641525	641576
5170	641623	641668
5171	641718	641793
5172	641885	641979
5173	642039	642123
5174	642219	642309
5175	642395	642427
5176	642506	642561
5177	642625	642683
5178	642779	642826
5179	642949	643047
5180	643079	643129
5181	643196	643307
5182	643427	643495
5183	643548	643642
5184	643671	643689
5185	643720	643763
5186	643904	643988
5187	644040	644140
5188	644268	644365
5189	644439	644520
5190	644553	644613
5191	644663	644728
5192	644783	644799
5193	644851	644897
5194	644978	645011
5195	645118	645145
5196	645237	645320
5197	645375	645398
5198	645432	645451
5199	645509	645614
5200	645653	645696
5201	645775	645784
5202	645842	645850
5203	645932	645973
5204	646060	646130
5205	646189	646251
5206	646276	646332
5207	646344	646365
5208	646414	646500
5209	646651	646758
5210	646866	646893
5211	646941	647010
5212	647071	647150
5213	647162	647197
5214	647278	647344
5215	647354	647361
5216	647428	647477
5217	647511	647555
5218	647597	647683
5219	647741	647785
5220	647882	647976
5221	648035	648073
5222	648187	648245
5223	648306	648324
5224	648413	648466
5225	648522	648652
5226	648744	648857
5227	648916	648955
5228	649010	649120
5229	649226	649325
5230	649424	649532
5231	649556	649601
5232	649740	649751
5233	649803	649844
5234	649951	650012
5235	650090	650231
5236	650340	650462
5237	650511	650533
5238	650577	650602
5239	650685	650791
5240	650904	650916
5241	650945	651021
5242	651063	651154
5243	651197	651245
5244	651266	651293
5245	651338	651376
5246	651458	651559
5247	651595	651712
5248	651789	651834
5249	651873	651966
5250	652019	652122
5251	652176	652263
5252	652273	652330
5253	652382	652429
5254	652459	652553
5255	652639	652701
5256	652741	652833
5257	652847	652927
5258	652993	653083
5259	653108	653187
5260	653266	653374
5261	653397	653496
5262	653531	653565
5263	653613	653651
5264	653753	653832
5265	653843	653933
5266	653970	654042
5267	654095	654150
5268	654261	654281
5269	654327	654422
5270	654451	654514
5271	654608	654673
5272	654804	654827
5273	654844	654945
5274	655006	655102
5275	655187	655203
5276	655300	655401
5277	655440	655513
5278	655579	655647
5279	655679	655761
5280	655788	655897
5281	655945	656003
5282	656023	656064
5283	656087	656206
5284	656214	656267
5285	656375	656440
5286	656485	656618
5287	656660	656772
5288	656834	656894
5289	656976	657007
5290	657077	657107
5291	657169	657233
5292	657289	657351
5293	657409	657458
5294	657483	657553
5295	657635	657679
5296	657752	657839
5297	657884	657989
5298	658041	658084
5299	658124	658143
5300	658150	658249
5301	658297	658348
5302	658474	658521
5303	658588	658703
5304	658723	658806
5305	658889	658919
5306	659010	659064
5307	659139	659195
5308	659288	659314
5309	659391	659475
5310	659498	659619
5311	659639	659667
5312	659814	659908
5313	659953	660058
5314	660202	660237
5315	660243	660283
5316	660355	660454
5317	660510	660594
5318	660622	660666
5319	660761	660808
5320	660925	660962
5321	661050	661083
5322	661122	661138
5323	661195	661292
5324	661330	661388
5325	661447	661554
5326	661585	661661
5327	661738	661788
5328	661845	661879
5329	661940	661979
5330	662051	662093
5331	662154	662179
5332	662273	662347
5333	662426	662538
5334	662556	662625
5335	662707	662823
5336	662912	663027
5337	663067	663133
5338	663177	663202
5339	663303	663392
5340	663466	663506
5341	663630	663682
5342	663699	663774
5343	663820	663855
5344	663934	664005
5345	664120	664147
5346	664189	664271
5347	664351	664397
5348	664521	664602
5349	664672	664741
5350	664762	664839
5351	664900	664955
5352	665055	665090
5353	665179	665261
5354	665298	665345
5355	665452	665609
5356	665637	665682
5357	665713	665748
5358	665831	665940
5359	665997	666098
5360	666153	666208
5361	666251	666276
5362	666334	666455
5363	666475	666519
5364	666575	666645
5365	666713	666777
5366	666861	666987
5367	667011	667104
5368	667194	667254
5369	667333	667365
5370	667455	667526
5371	667623	667738
5372	667772	667818
5373	667895	667905
5374	667945	668072
5375	668133	668186
5376	668255	668270
5377	668369	668505
5378	668637	668679
5379	668731	668783
5380	668826	668927
5381	668976	669014
5382	669106	669161
5383	669247	669282
5384	669308	669398
5385	669482	669529
5386	669569	669606
5387	669689	669779
5388	669826	669869
5389	669965	670009
5390	670067	670184
5391	670261	670293
5392	670367	670422
5393	670496	670529
5394	670613	670716
5395	670727	670822
5396	670940	670977
5397	671044	671108
5398	671176	671285
5399	671341	671457
5400	671563	671583
5401	671613	671657
5402	671748	671791
5403	671845	671929
5404	671995	672035
5405	672044	672171
5406	672252	672322
5407	672323	672383
5408	672419	672473
5409	672529	672544
5410	672578	672607
5411	672661	672725
5412	672824	672844
5413	672904	672945
5414	673035	673067
5415	673158	673190
5416	673237	673365
5417	673406	673432
5418	673519	673532
5419	673568	673671
5420	673722	673767
5421	673818	673886
5422	673947	674065
5423	674128	674171
5424	674225	674288
5425	674394	674479
5426	674573	674624
5427	674655	674675
5428	674734	674790
5429	674816	674869
5430	674882	674971
5431	675049	675131
5432	675244	675270
5433	675340	675391
5434	675433	675501
5435	675591	675624
5436	675670	675750
5437	675815	675871
5438	676004	676048
5439	676074	676105
5440	676164	676216
5441	676258	676322
5442	676335	676347
5443	676366	676388
5444	676441	676493
5445	676548	676572
5446	676605	676645
5447	676750	676774
5448	676806	676882
5449	677010	677060
5450	677090	677149
5451	677190	677260
5452	677298	677390
5453	677421	677475
5454	677510	677581
5455	677655	677668
5456	677745	677798
5457	677904	677923
5458	677983	678064
5459	678129	678206
5460	678270	678361
5461	678444	678552
5462	678644	678720
5463	678805	678887
5464	678907	678962
5465	678991	679073
5466	679119	679135
5467	679221	679273
5468	679322	679336
5469	679384	679408
5470	679492	679587
5471	679632	679733
5472	679787	679858
5473	679969	680012
5474	680045	680114
5475	680175	680199
5476	680264	680300
5477	680355	680431
5478	680555	680618
5479	680664	680806
5480	680831	680880
5481	680914	680953
5482	680964	680981
5483	681046	681096
5484	681110	681256
5485	681344	681436
5486	681507	681527
5487	681578	681613
5488	681652	681703
5489	681759	681800
5490	681819	681918
5491	681995	682044
5492	682057	682123
5493	682140	682245
5494	682354	682398
5495	682440	682523
5496	682546	682598
5497	682625	682714
5498	682789	682873
5499	682952	683078
5500	683156	683173
5501	683252	683287
5502	683318	683357
5503	683477	683525
5504	683542	683586
5505	683627	683715
5506	683759	683765
5507	683841	683873
5508	683927	683974
5509	684038	684126
5510	684185	684203
5511	684222	684300
5512	684368	684476
5513	684488	684549
5514	684646	684683
5515	684710	684726
5516	684758	684858
5517	684957	684976
5518	685005	685118
5519	685181	685201
5520	685252	685324
5521	685382	685457
5522	685549	685582
5523	685618	685654
5524	685690	685722
5525	685752	685867
5526	685939	686016
5527	686093	686147
5528	686209	686277
5529	686292	686323
5530	686343	686409
5531	686462	686516
5532	686566	686596
5533	686720	686758
5534	686779	686873
5535	686931	686989
5536	687083	687105
5537	687153	687256
5538	687283	687369
5539	687443	687543
5540	687603	687666
5541	687719	687768
5542	687819	687892
5543	687900	687933
5544	688065	688207
5545	688300	688343
5546	688408	688497
5547	688582	688650
5548	688719	688785
5549	688842	688927
5550	689068	689115
5551	689183	689239
5552	689260	689389
5553	689496	689514
5554	689524	689566
5555	689600	689678
5556	689738	689813
5557	689862	689905
5558	689931	689960
5559	689983	690027
5560	690135	690181
5561	690298	690399
5562	690491	690543
5563	690553	690590
5564	690669	690697
5565	690801	690859
5566	690918	690930
5567	691023	691106
5568	691212	691319
5569	691366	691376
5570	691503	691559
5571	691578	691643
5572	691735	691795
5573	691832	691902
5574	691945	691968
5575	692067	692108
5576	692219	692294
5577	692373	692401
5578	692460	692498
5579	692511	692612
5580	692703	692771
5581	692813	692866
5582	692914	692972
5583	693032	693115
5584	693193	693275
5585	693364	693414
5586	693490	693564
5587	693591	693673
5588	693685	693756
5589	693828	693882
5590	693959	694003
5591	694086	694212
5592	694226	694279
5593	694389	694434
5594	694568	694611
5595	694708	694737
5596	694758	694770
5597	694859	694897
5598	694912	694951
5599	695019	695033
5600	695136	695162
5601	695185	695272
5602	695319	695394
5603	695413	695470
5604	695559	695612
5605	695685	695726
5606	695813	695845
5607	695909	695961
5608	696013	696129
5609	696158	696201
5610	696246	696362
5611	696488	696497
5612	696549	696599
5613	696605	696679
5614	696709	696766
5615	696792	696851
5616	696863	696968
5617	696998	697107
5618	697132	697154
5619	697192	697264
5620	697325	697423
5621	697455	697580
5622	697642	697756
5623	697770	697778
5624	697801	697908
5625	697926	698026
5626	698041	698171
5627	698190	698214
5628	698309	698352
5629	698495	698531
5630	698588	698607
5631	698656	698709
5632	698799	698853
5633	698888	698967
5634	699022	699073
5635	699118	699255
5636	699301	699356
5637	699383	699442
5638	699523	699555
5639	699684	699706
5640	699769	699815
5641	699833	699921
5642	699953	699973
5643	700071	700112
5644	700151	700183
5645	700277	700367
5646	700479	700559
5647	700602	700669
5648	700705	700749
5649	700844	700871
5650	700891	700924
5651	700959	700982
5652	701092	701158
5653	701195	701278
5654	701309	701362
5655	701434	701472
5656	701487	701576
5657	701606	701638
5658	701652	701715
5659	701765	701824
5660	701850	701908
5661	702008	702118
5662	702187	702289
5663	702329	702367
5664	702402	702438
5665	702496	702525
5666	702592	702623
5667	702666	702745
5668	702816	702843
5669	702919	702992
5670	703047	703113
5671	703177	703201
5672	703249	703264
5673	703276	703342
5674	703368	703462
5675	703520	703576
5676	703646	703704
5677	703725	703780
5678	703875	703925
5679	703960	704007
5680	704110	704180
5681	704241	704321
5682	704392	704433
5683	704570	704587
5684	704608	704655
5685	704699	704783
5686	704863	705022
5687	705106	705154
5688	705248	705314
5689	705435	705569
5690	705654	705697
5691	705774	705829
5692	705854	705936
5693	706011	706044
5694	706153	706175
5695	706224	706283
5696	706357	706400
5697	706433	706505
5698	706605	706636
5699	706657	706708
5700	706748	706846
5701	706920	706997
5702	707091	707184
5703	707241	707317
5704	707354	707362
5705	707420	707479
5706	707511	707545
5707	707673	707701
5708	707770	707807
5709	707896	707967
5710	708043	708132
5711	708165	708182
5712	708204	708243
5713	708269	708350
5714	708384	708417
5715	708458	708469
5716	708524	708563
5717	708645	708756
5718	708838	708870
5719	708895	708964
5720	709079	709137
5721	709194	709297
5722	709379	709483
5723	709519	709607
5724	709718	709777
5725	709882	710019
5726	710075	710159
5727	710220	710325
5728	710413	710436
5729	710496	710613
5730	710673	710734
5731	710844	710950
5732	711001	711073
5733	711123	711191
5734	711240	711252
5735	711279	711361
5736	711443	711486
5737	711574	711619
5738	711652	711738
5739	711795	711860
5740	711896	712002
5741	712075	712089
5742	712154	712268
5743	712313	712342
5744	712398	712502
5745	712560	712625
5746	712676	712772
5747	712808	712846
5748	712939	713007
5749	713056	713144
5750	713215	713305
5751	713341	713365
5752	713410	713491
5753	713514	713539
5754	713635	713728
5755	713814	713834
5756	713886	713930
5757	713987	714029
5758	714098	714196
5759	714231	714294
5760	714340	714406
5761	714432	714482
5762	714553	714620
5763	714699	714730
5764	714819	714835
5765	714909	714936
5766	714973	715004
5767	715054	715132
5768	715140	715237
5769	715356	715441
5770	715487	715566
5771	715613	715685
5772	715748	715788
5773	715805	715914
5774	716005	716026
5775	716099	716172
5776	716265	716346
5777	716411	716480
5778	716551	716592
5779	716624	716637
5780	716648	716721
5781	716759	716858
5782	716899	716973
5783	717037	717133
5784	717264	717333
5785	717430	717488
5786	717580	717686
5787	717758	717790
5788	717869	717896
5789	717910	717921
5790	717985	718036
5791	718125	718226
5792	718277	718333
5793	718372	718447
5794	718495	718559
5795	718647	718769
5796	718869	718949
5797	719047	719148
5798	719160	719274
5799	719298	719325
5800	719419	719456
5801	719523	719615
5802	719699	719805
5803	719911	720006
5804	720028	720129
5805	720187	720259
5806	720335	720373
5807	720449	720493
5808	720536	720588
5809	720659	720688
5810	720777	720870
5811	721000	721017
5812	721044	721137
5813	721202	721265
5814	721331	721416
5815	721466	721480
5816	721534	721566
5817	721586	721695
5818	721705	721749
5819	721790	721910
5820	721927	721987
5821	722019	722031
5822	722047	722115
5823	722235	722277
5824	722326	722391
5825	722398	722527
5826	722561	722580
5827	722660	722698
5828	722748	722798
5829	722823	722968
5830	723057	723132
5831	723174	723196
5832	723270	723341
5833	723383	723393
5834	723432	723525
5835	723568	723624
5836	723763	723805
5837	723843	723882
5838	723919	723982
5839	724036	724071
5840	724161	724281
5841	724371	724414
5842	724459	724485
5843	724571	724602
5844	724708	724815
5845	724921	725043
5846	725060	725122
5847	725142	725220
5848	725260	725356
5849	725441	725512
5850	725531	725564
5851	725642	725687
5852	725734	725805
5853	725825	725857
5854	725888	726009
5855	726107	726139
5856	726166	726199
5857	726268	726318
5858	726383	726435
5859	726501	726612
5860	726643	726780
5861	726827	726930
5862	726973	727013
5863	727079	727177
5864	727215	727301
5865	727410	727523
5866	727562	727641
5867	727726	727747
5868	727793	727865
5869	728002	728056
5870	728099	728134
5871	728158	728200
5872	728284	728377
5873	728444	728532
5874	728627	728715
5875	728772	728815
5876	728888	728940
5877	728991	729029
5878	729132	729164
5879	729189	729229
5880	729360	729432
5881	729443	729477
5882	729494	729526
5883	729644	729706
5884	729729	729755
5885	729823	729899
5886	730006	730054
5887	730093	730176
5888	730206	730297
5889	730324	730376
5890	730429	730466
5891	730505	730562
5892	730631	730682
5893	730715	730747
5894	730822	730868
5895	730935	730953
5896	731065	731135
5897	731212	731239
5898	731337	731399
5899	731486	731518
5900	731611	731658
5901	731738	731759
5902	731823	731895
5903	731975	732092
5904	732198	732288
5905	732397	732425
5906	732468	732542
5907	732587	732649
5908	732689	732839
5909	732987	733104
5910	733174	733232
5911	733243	733285
5912	733332	733418
5913	733504	733569
5914	733660	733735
5915	733747	733773
5916	733788	733881
5917	733953	734017
5918	734037	734102
5919	734180	734299
5920	734395	734435
5921	734545	734625
5922	734658	734688
5923	734836	734885
5924	734925	734971
5925	735053	735099
5926	735133	735212
5927	735302	735383
5928	735434	735497
5929	735549	735597
5930	735698	735739
5931	735788	735829
5932	735865	735925
5933	735966	736004
5934	736116	736126
5935	736140	736206
5936	736245	736357
5937	736411	736442
5938	736523	736532
5939	736548	736635
5940	736771	736847
5941	736935	736978
5942	737057	737172
5943	737189	737284
5944	737306	737412
5945	737505	737523
5946	737585	737692
5947	737773	737846
5948	737895	737981
5949	738033	738130
5950	738198	738222
5951	738291	738408
5952	738478	738643
5953	738750	738840
5954	738893	738939
5955	739054	739094
5956	739139	739174
5957	739255	739294
5958	739367	739378
5959	739477	739576
5960	739607	739685
5961	739757	739833
5962	739905	740019
5963	740045	740056
5964	740111	740199
5965	740263	740336
5966	740378	740404
5967	740425	740533
5968	740585	740650
5969	740712	740792
5970	740825	740914
5971	740978	741095
5972	741142	741230
5973	741258	741359
5974	741410	741546
5975	741615	741668
5976	741718	741736
5977	741787	741837
5978	741936	741998
5979	742067	742136
5980	742146	742227
5981	742301	742356
5982	742428	742463
5983	742474	742545
5984	742658	742716
5985	742799	742906
5986	742969	743062
5987	743103	743119
5988	743204	743272
5989	743323	743415
5990	743467	743580
5991	743590	743668
5992	743756	743853
5993	743865	743986
5994	744009	744058
5995	744102	744193
5996	744290	744338
5997	744414	744448
5998	744460	744473
5999	744521	744583
6000	744614	744674
6001	744713	744841
6002	744860	744940
6003	745047	745070
6004	745145	745183
6005	745302	745446
6006	745484	745566
6007	745612	745690
6008	745743	745801
6009	745865	745991
6010	746060	746161
6011	746209	746217
6012	746251	746320
6013	746341	746446
6014	746551	746615
6015	746668	746724
6016	746813	746911
6017	747027	747099
6018	747148	747217
6019	747282	747320
6020	747375	747446
6021	747568	747651
6022	747679	747721
6023	747747	747787
6024	747846	747977
6025	747993	748084
6026	748131	748196
6027	748248	748346
6028	748444	748571
6029	748633	748714
6030	748750	748757
6031	748769	748831
6032	748893	748970
6033	749031	749068
6034	749112	749187
6035	749268	749285
6036	749319	749415
6037	749509	749548
6038	749616	749685
6039	749811	749920
6040	749999	750067
6041	750127	750144
6042	750201	750232
6043	750265	750317
6044	750370	750433
6045	750516	750544
6046	750600	750613
6047	750641	750704
6048	750741	750790
6049	750851	750934
6050	750965	751010
6051	751017	751042
6052	751071	751084
6053	751145	751235
6054	751277	751308
6055	751349	751430
6056	751478	751531
6057	751591	751613
6058	751683	751743
6059	751808	751912
6060	751963	752109
6061	752156	752222
6062	752326	752337
6063	752454	752500
6064	752537	752599
6065	752723	752781
6066	752859	752956
6067	752979	753054
6068	753142	753157
6069	753204	753290
6070	753406	753471
6071	753530	753654
6072	753772	753818
6073	753901	754005
6074	754082	754143
6075	754235	754258
6076	754329	754450
6077	754516	754617
6078	754710	754742
6079	754846	754930
6080	754985	755127
6081	755134	755220
6082	755246	755363
6083	755420	755545
6084	755557	755594
6085	755642	755687
6086	755695	755826
6087	755868	755898
6088	755941	756031
6089	756097	756149
6090	756196	756260
6091	756307	756344
6092	756375	756413
6093	756493	756522
6094	756549	756557
6095	756596	756657
6096	756718	756751
6097	756767	756783
6098	756903	756986
6099	757015	757079
6100	757104	757178
6101	757297	757337
6102	757400	757437
6103	757578	757626
6104	757703	757747
6105	757792	757878
6106	757921	757950
6107	757987	758063
6108	758088	758109
6109	758149	758180
6110	758195	758264
6111	758386	758442
6112	758469	758570
6113	758588	758694
6114	758755	758826
6115	758854	758911
6116	758961	758990
6117	759039	759096
6118	759117	759188
6119	759333	759387
6120	759499	759519
6121	759532	759617
6122	759649	759669
6123	759675	759770
6124	759869	759926
6125	759996	760036
6126	760186	760286
6127	760314	760367
6128	760507	760554
6129	760613	760684
6130	760728	760832
6131	760910	760989
6132	761057	761167
6133	761191	761249
6134	761324	761359
6135	761378	761458
6136	761516	761569
6137	761655	761774
6138	761801	761810
6139	761883	761980
6140	762026	762147
6141	762181	762259
6142	762287	762359
6143	762459	762529
6144	762591	762611
6145	762638	762687
6146	762773	762834
6147	762931	762973
6148	763065	763122
6149	763229	763328
6150	763386	763473
6151	763526	763614
6152	763694	763770
6153	763812	763860
6154	763936	763957
6155	764025	764135
6156	764194	764251
6157	764328	764412
6158	764467	764508
6159	764551	764626
6160	764673	764730
6161	764784	764808
6162	764875	764995
6163	765003	765061
6164	765160	765221
6165	765245	765273
6166	765314	765392
6167	765531	765532
6168	765555	765674
6169	765772	765877
6170	765974	766002
6171	766045	766136
6172	766179	766326
6173	766367	766450
6174	766504	766579
6175	766608	766686
6176	766710	766767
6177	766809	766929
6178	767008	767083
6179	767196	767230
6180	767330	767388
6181	767427	767477
6182	767511	767584
6183	767612	767684
6184	767775	767861
6185	767956	767973
6186	767997	768123
6187	768166	768258
6188	768280	768378
6189	768475	768540
6190	768569	768704
6191	768733	768746
6192	768772	768884
6193	768921	769000
6194	769018	769093
6195	769142	769170
6196	769329	769367
6197	769402	769469
6198	769498	769557
6199	769592	769710
6200	769789	769813
6201	769866	769922
6202	769951	769969
6203	770029	770121
6204	770245	770305
6205	770334	770439
6206	770522	770567
6207	770609	770717
6208	770788	770863
6209	770900	771042
6210	771050	771123
6211	771167	771210
6212	771296	771402
6213	771433	771518
6214	771576	771595
6215	771744	771774
6216	771809	771904
6217	771996	772098
6218	772161	772205
6219	772241	772271
6220	772315	772415
6221	772512	772600
6222	772688	772787
6223	772833	772918
6224	772970	773025
6225	773110	773173
6226	773222	773301
6227	773358	773461
6228	773484	773539
6229	773551	773575
6230	773630	773645
6231	773660	773751
6232	773811	773876
6233	773977	774041
6234	774067	774214
6235	774311	774368
6236	774369	774473
6237	774575	774601
6238	774688	774793
6239	774883	774931
6240	775036	775064
6241	775138	775163
6242	775252	775265
6243	775378	775389
6244	775497	775594
6245	775659	775753
6246	775834	775859
6247	775945	776021
6248	776055	776094
6249	776132	776218
6250	776303	776415
6251	776509	776567
6252	776593	776669
6253	776753	776808
6254	776907	776963
6255	777045	777128
6256	777155	777183
6257	777280	777302
6258	777360	777437
6259	777503	777521
6260	777584	777618
6261	777628	777680
6262	777725	777773
6263	777824	777868
6264	777925	777957
6265	778075	778145
6266	778290	778341
6267	778383	778407
6268	778445	778488
6269	778562	778618
6270	778691	778776
6271	778838	778870
6272	778899	778927
6273	779001	779042
6274	779069	779100
6275	779198	779268
6276	779334	779432
6277	779541	779693
6278	779723	779870
6279	779901	779939
6280	779969	780041
6281	780125	780225
6282	780247	780271
6283	780359	780394
6284	780413	780429
6285	780486	780544
6286	780582	780728
6287	780767	780806
6288	780821	780848
6289	780929	780959
6290	781080	781117
6291	781163	781212
6292	781270	781300
6293	781346	781446
6294	781548	781593
6295	781653	781671
6296	781777	781841
6297	781922	782006
6298	782081	782135
6299	782190	782281
6300	782375	782439
6301	782484	782532
6302	782585	782680
6303	782760	782857
6304	782876	782943
6305	782971	783069
6306	783089	783122
6307	783164	783178
6308	783226	783270
6309	783347	783453
6310	783541	783606
6311	783669	783755
6312	783826	783889
6313	784049	784084
6314	784102	784175
6315	784294	784308
6316	784462	784512
6317	784609	784674
6318	784719	784735
6319	784855	784990
6320	785082	785175
6321	785260	785376
6322	785406	785441
6323	785512	785602
6324	785664	785687
6325	785732	785852
6326	785897	785995
6327	786001	786028
6328	786105	786161
6329	786274	786349
6330	786372	786423
6331	786479	786519
6332	786583	786633
6333	786696	786764
6334	786837	786901
6335	786947	786979
6336	787085	787091
6337	787139	787210
6338	787266	787344
6339	787398	787465
6340	787527	787596
6341	787652	787691
6342	787738	787797
6343	787907	787963
6344	788025	788094
6345	788166	788274
6346	788375	788425
6347	788508	788563
6348	788605	788647
6349	788682	788727
6350	788780	788833
6351	788911	788948
6352	788985	789004
6353	789092	789171
6354	789233	789244
6355	789339	789399
6356	789407	789553
6357	789644	789764
6358	789781	789818
6359	789909	789977
6360	790069	790123
6361	790152	790203
6362	790226	790308
6363	790343	790432
6364	790495	790593
6365	790627	790738
6366	790760	790908
6367	791001	791056
6368	791119	791153
6369	791206	791220
6370	791280	791326
6371	791427	791513
6372	791571	791632
6373	791712	791824
6374	791852	791907
6375	792002	792020
6376	792073	792140
6377	792166	792212
6378	792258	792336
6379	792378	792413
6380	792457	792573
6381	792701	792823
6382	792900	793002
6383	793026	793061
6384	793125	793145
6385	793179	793195
6386	793231	793277
6387	793316	793344
6388	793429	793560
6389	793634	793677
6390	793769	793813
6391	793844	793936
6392	793994	794066
6393	794160	794223
6394	794286	794375
6395	794408	794571
6396	794656	794708
6397	794753	794791
6398	794877	794956
6399	795034	795169
6400	795201	795285
6401	795323	795345
6402	795373	795429
6403	795475	795538
6404	795588	795658
6405	795725	795767
6406	795798	795887
6407	795982	796050
6408	796102	796162
6409	796199	796248
6410	796315	796361
6411	796396	796513
6412	796593	796641
6413	796745	796780
6414	796851	796890
6415	796977	796993
6416	797016	797070
6417	797131	797138
6418	797201	797293
6419	797336	797357
6420	797454	797489
6421	797578	797640
6422	797707	797825
6423	797934	798046
6424	798112	798134
6425	798264	798411
6426	798475	798582
6427	798632	798747
6428	798835	798917
6429	798975	799037
6430	799141	799207
6431	799226	799313
6432	799415	799452
6433	799459	799525
6434	799620	799684
6435	799747	799817
6436	799826	799848
6437	799935	800042
6438	800128	800185
6439	800213	800326
6440	800402	800487
6441	800577	800649
6442	800685	800693
6443	800740	800840
6444	800914	800951
6445	800982	801054
6446	801149	801299
6447	801359	801445
6448	801586	801608
6449	801676	801742
6450	801811	801930
6451	801968	802032
6452	802113	802132
6453	802212	802224
6454	802300	802446
6455	802503	802542
6456	802551	802625
6457	802721	802751
6458	802798	802851
6459	802874	802920
6460	803021	803041
6461	803090	803191
6462	803281	803302
6463	803382	803458
6464	803489	803651
6465	803683	803820
6466	803891	803935
6467	803943	803976
6468	804019	804086
6469	804141	804158
6470	804228	804260
6471	804353	804376
6472	804432	804477
6473	804488	804617
6474	804664	804703
6475	804720	804772
6476	804830	804885
6477	804894	804920
6478	804979	805047
6479	805149	805208
6480	805327	805364
6481	805458	805597
6482	805624	805643
6483	805751	805850
6484	805907	806006
6485	806101	806247
6486	806343	806469
6487	806516	806674
6488	806713	806749
6489	806811	806855
6490	806923	807007
6491	807040	807074
6492	807128	807149
6493	807219	807292
6494	807353	807427
6495	807485	807559
6496	807667	807718
6497	807796	807839
6498	807883	807983
6499	808022	808057
6500	808072	808100
6501	808122	808155
6502	808202	808311
6503	808362	808437
6504	808449	808479
6505	808530	808558
6506	808573	808612
6507	808712	808811
6508	808911	808954
6509	809019	809048
6510	809130	809184
6511	809292	809371
6512	809499	809565
6513	809597	809688
6514	809742	809789
6515	809837	809866
6516	809955	809987
6517	810048	810054
6518	810089	810181
6519	810273	810302
6520	810376	810437
6521	810564	810618
6522	810720	810790
6523	810867	810903
6524	810955	811011
6525	811020	811059
6526	811101	811135
6527	811218	811314
6528	811330	811409
6529	811494	811536
6530	811551	811628
6531	811702	811828
6532	811870	811972
6533	812098	812148
6534	812197	812279
6535	812361	812459
6536	812544	812563
6537	812575	812711
6538	812764	812815
6539	812851	812963
6540	813020	813134
6541	813146	813250
6542	813269	813349
6543	813396	813452
6544	813476	813529
6545	813558	813675
6546	813725	813781
6547	813816	813839
6548	813941	813951
6549	813979	813987
6550	814056	814120
6551	814171	814215
6552	814323	814368
6553	814423	814491
6554	814543	814620
6555	814706	814790
6556	814837	814948
6557	815021	815058
6558	815102	815168
6559	815217	815321
6560	815395	815469
6561	815553	815568
6562	815658	815748
6563	815826	815868
6564	815915	815993
6565	816056	816097
6566	816183	816233
6567	816305	816366
6568	816408	816466
6569	816516	816576
6570	816749	816871
6571	816885	817005
6572	817058	817143
6573	817174	817247
6574	817270	817375
6575	817462	817516
6576	817611	817670
6577	817747	817779
6578	817805	817890
6579	817969	818038
6580	818160	818263
6581	818330	818439
6582	818483	818534
6583	818617	818684
6584	818746	818871
6585	818976	819047
6586	819065	819200
6587	819229	819285
6588	819300	819348
6589	819380	819398
6590	819445	819620
6591	819744	819837
6592	819902	819966
6593	820008	820068
6594	820167	820177
6595	820258	820320
6596	820344	820409
6597	820470	820584
6598	820622	820708
6599	820764	820876
6600	820914	820994
6601	821024	821098
6602	821144	821231
6603	821298	821318
6604	821349	821412
6605	821430	821500
6606	821554	821610
6607	821703	821733
6608	821847	821926
6609	822006	822056
6610	822084	822108
6611	822137	822233
6612	822277	822300
6613	822406	822536
6614	822563	822615
6615	822659	822698
6616	822817	822896
6617	823012	823035
6618	823079	823103
6619	823131	823170
6620	823229	823253
6621	823270	823359
6622	823448	823549
6623	823599	823718
6624	823795	823860
6625	823982	824012
6626	824056	824105
6627	824230	824306
6628	824340	824402
6629	824405	824449
6630	824520	824601
6631	824672	824743
6632	824802	824879
6633	824997	825068
6634	825205	825251
6635	825290	825388
6636	825423	825481
6637	825575	825614
6638	825651	825749
6639	825768	825787
6640	825873	825978
6641	826032	826092
6642	826137	826169
6643	826195	826273
6644	826399	826462
6645	826510	826568
6646	826631	826683
6647	826786	826810
6648	826839	826894
6649	826996	827076
6650	827112	827199
6651	827256	827282
6652	827308	827338
6653	827406	827492
6654	827553	827622
6655	827678	827699
6656	827705	827799
6657	827832	827949
6658	828019	828084
6659	828163	828266
6660	828371	828427
6661	828474	828522
6662	828620	828659
6663	828743	828802
6664	828873	828937
6665	829021	829087
6666	829173	829197
6667	829264	829339
6668	829372	829401
6669	829505	829637
6670	829665	829696
6671	829788	829901
6672	829913	829937
6673	829992	830031
6674	830063	830122
6675	830167	830324
6676	830435	830481
6677	830545	830623
6678	830666	830751
6679	830788	830841
6680	830904	831003
6681	831043	831094
6682	831133	831184
6683	831257	831293
6684	831416	831440
6685	831495	831518
6686	831563	831602
6687	831633	831794
6688	831845	831871
6689	831996	832087
6690	832162	832313
6691	832353	832431
6692	832490	832528
6693	832630	832644
6694	832709	832752
6695	832800	832873
6696	832917	832941
6697	832980	833050
6698	833072	833173
6699	833184	833211
6700	833252	833298
6701	833336	833364
6702	833378	833457
6703	833526	833605
6704	833681	833802
6705	833818	833897
6706	833968	834044
6707	834181	834243
6708	834303	834339
6709	834477	834555
6710	834642	834692
6711	834776	834800
6712	834869	834904
6713	835017	835028
6714	835115	835137
6715	835170	835260
6716	835286	835312
6717	835380	835390
6718	835415	835521
6719	835574	835607
6720	835651	835732
6721	835794	835854
6722	835925	835933
6723	836002	836056
6724	836127	836215
6725	836235	836264
6726	836286	836373
6727	836413	836445
6728	836505	836537
6729	836619	836694
6730	836740	836769
6731	836817	836848
6732	836966	837014
6733	837102	837190
6734	837264	837326
6735	837453	837504
6736	837617	837643
6737	837720	837750
6738	837849	837940
6739	837994	838010
6740	838017	838128
6741	838155	838170
6742	838214	838328
6743	838349	838384
6744	838482	838516
6745	838595	838668
6746	838747	838801
6747	838852	838878
6748	838932	838965
6749	839034	839095
6750	839117	839182
6751	839212	839275
6752	839329	839428
6753	839438	839475
6754	839499	839536
6755	839643	839681
6756	839726	839850
6757	839876	839911
6758	839924	840017
6759	840134	840154
6760	840211	840226
6761	840300	840379
6762	840395	840424
6763	840445	840475
6764	840489	840542
6765	840550	840630
6766	840739	840810
6767	840878	840898
6768	840989	841091
6769	841114	841178
6770	841270	841343
6771	841396	841441
6772	841464	841557
6773	841629	841681
6774	841711	841768
6775	841888	841953
6776	842028	842083
6777	842101	842125
6778	842263	842287
6779	842378	842385
6780	842408	842448
6781	842464	842525
6782	842561	842598
6783	842654	842705
6784	842753	842776
6785	842833	842846
6786	842899	842944
6787	842956	843052
6788	843125	843206
6789	843280	843341
6790	843359	843432
6791	843548	843559
6792	843658	843736
6793	843812	843834
6794	843910	843944
6795	843954	844004
6796	844084	844160
6797	844196	844299
6798	844378	844459
6799	844540	844547
6800	844616	844632
6801	844668	844789
6802	844832	844890
6803	844949	844988
6804	845028	845114
6805	845189	845268
6806	845349	845379
6807	845440	845499
6808	845544	845583
6809	845680	845687
6810	845748	845826
6811	845892	845956
6812	846058	846137
6813	846176	846204
6814	846258	846322
6815	846410	846432
6816	846554	846595
6817	846620	846635
6818	846757	846798
6819	846832	846856
6820	846891	846940
6821	846981	847007
6822	847049	847074
6823	847104	847106
6824	847166	847231
6825	847342	847385
6826	847432	847461
6827	847556	847660
6828	847725	847761
6829	847804	847879
6830	847932	847997
6831	848081	848184
6832	848316	848377
6833	848450	848514
6834	848585	848656
6835	848727	848799
6836	848906	849010
6837	849092	849140
6838	849228	849327
6839	849434	849476
6840	849571	849579
6841	849635	849711
6842	849763	849795
6843	849820	849872
6844	849884	850001
6845	850017	850044
6846	850085	850127
6847	850190	850235
6848	850288	850310
6849	850399	850434
6850	850498	850530
6851	850611	850728
6852	850776	850789
6853	850811	850821
6854	850872	850928
6855	850985	851071
6856	851086	851107
6857	851160	851208
6858	851240	851248
6859	851304	851376
6860	851414	851433
6861	851517	851599
6862	851695	851839
6863	851943	851986
6864	852018	852131
6865	852241	852325
6866	852399	852466
6867	852472	852474
6868	852527	852637
6869	852667	852754
6870	852826	852861
6871	852890	853022
6872	853140	853175
6873	853243	853355
6874	853409	853450
6875	853533	853554
6876	853632	853682
6877	853713	853756
6878	853835	853871
6879	853987	854090
6880	854199	854255
6881	854313	854343
6882	854453	854485
6883	854501	854548
6884	854606	854629
6885	854684	854726
6886	854772	854835
6887	854880	854926
6888	855031	855110
6889	855191	855224
6890	855257	855275
6891	855318	855361
6892	855389	855434
6893	855472	855559
6894	855599	855662
6895	855673	855801
6896	855856	855995
6897	856072	856159
6898	856316	856338
6899	856364	856426
6900	856534	856567
6901	856681	856741
6902	856809	856902
6903	856970	856989
6904	857061	857076
6905	857146	857161
6906	857241	857307
6907	857416	857500
6908	857611	857662
6909	857768	857816
6910	857825	857833
6911	857921	857979
6912	858062	858074
6913	858104	858178
6914	858235	858371
6915	858478	858535
6916	858580	858639
6917	858667	858758
6918	858845	858877
6919	858952	858964
6920	859014	859077
6921	859130	859174
6922	859211	859221
6923	859293	859316
6924	859339	859452
6925	859541	859579
6926	859685	859763
6927	859816	859858
6928	859881	859983
6929	860053	860148
6930	860175	860201
6931	860288	860337
6932	860406	860432
6933	860486	860534
6934	860591	860722
6935	860843	860931
6936	860946	860960
6937	861071	861134
6938	861146	861253
6939	861363	861422
6940	861484	861557
6941	861627	861722
6942	861790	861849
6943	861913	861980
6944	862089	862104
6945	862191	862259
6946	862292	862366
6947	862412	862530
6948	862623	862675
6949	862711	862843
6950	862994	863034
6951	863076	863117
6952	863168	863315
6953	863356	863384
6954	863427	863497
6955	863575	863664
6956	863714	863765
6957	863782	863828
6958	863871	863931
6959	864016	864070
6960	864092	864111
6961	864205	864275
6962	864317	864355
6963	864492	864536
6964	864596	864687
6965	864767	864833
6966	864901	864934
6967	865013	865114
6968	865154	865285
6969	865362	865381
6970	865400	865507
6971	865517	865610
6972	865703	865766
6973	865885	865934
6974	865978	866058
6975	866117	866167
6976	866178	866314
6977	866335	866435
6978	866532	866577
6979	866612	866679
6980	866749	866795
6981	866864	866924
6982	867010	867042
6983	867160	867294
6984	867334	867422
6985	867466	867511
6986	867576	867637
6987	867737	867782
6988	867839	867865
6989	867964	868060
6990	868129	868249
6991	868278	868290
6992	868425	868484
6993	868588	868632
6994	868677	868794
6995	868838	868970
6996	869019	869107
6997	869131	869202
6998	869314	869344
6999	869388	869433
7000	869509	869627
7001	869703	869717
7002	869838	869900
7003	869984	870003
7004	870070	870228
7005	870240	870309
7006	870368	870442
7007	870487	870567
7008	870664	870687
7009	870697	870802
7010	870907	870939
7011	871038	871091
7012	871179	871263
7013	871412	871436
7014	871448	871543
7015	871559	871648
7016	871700	871768
7017	871882	871947
7018	872012	872085
7019	872124	872176
7020	872190	872287
7021	872359	872398
7022	872510	872585
7023	872722	872811
7024	872843	872906
7025	872918	873049
7026	873065	873111
7027	873224	873315
7028	873383	873463
7029	873524	873591
7030	873621	873647
7031	873753	873780
7032	873859	873902
7033	873965	873983
7034	873998	874153
7035	874189	874249
7036	874277	874351
7037	874446	874495
7038	874547	874646
7039	874704	874805
7040	874892	874934
7041	874984	875006
7042	875079	875176
7043	875191	875208
7044	875276	875355
7045	875394	875436
7046	875474	875578
7047	875658	875742
7048	875776	875810
7049	875874	875964
7050	876009	876024
7051	876039	876121
7052	876136	876301
7053	876302	876409
7054	876496	876636
7055	876655	876749
7056	876842	876893
7057	876961	877003
7058	877038	877107
7059	877262	877300
7060	877341	877353
7061	877397	877462
7062	877531	877565
7063	877596	877619
7064	877656	877731
7065	877811	877918
7066	877942	877996
7067	878003	878020
7068	878069	878119
7069	878218	878278
7070	878341	878423
7071	878559	878598
7072	878636	878698
7073	878761	878859
7074	878895	878940
7075	878986	879037
7076	879103	879196
7077	879292	879343
7078	879349	879412
7079	879507	879623
7080	879720	879853
7081	879951	880004
7082	880033	880062
7083	880103	880150
7084	880226	880263
7085	880290	880345
7086	880414	880472
7087	880520	880545
7088	880566	880598
7089	880656	880787
7090	880830	880836
7091	880925	880978
7092	881039	881129
7093	881185	881269
7094	881324	881424
7095	881457	881490
7096	881534	881562
7097	881643	881708
7098	881844	881885
7099	881958	881998
7100	882012	882021
7101	882084	882112
7102	882143	882220
7103	882255	882320
7104	882342	882373
7105	882474	882595
7106	882606	882664
7107	882715	882846
7108	882907	882972
7109	883022	883051
7110	883113	883220
7111	883306	883326
7112	883421	883441
7113	883568	883643
7114	883700	883729
7115	883837	883846
7116	883934	884039
7117	884068	884160
7118	884207	884321
7119	884382	884509
7120	884525	884568
7121	884570	884586
7122	884664	884680
7123	884758	884841
7124	884904	884976
7125	884995	885044
7126	885145	885180
7127	885239	885290
7128	885389	885453
7129	885534	885617
7130	885685	885736
7131	885847	885910
7132	886006	886078
7133	886155	886252
7134	886323	886386
7135	886456	886529
7136	886567	886654
7137	886730	886763
7138	886785	886841
7139	886923	887003
7140	887022	887083
7141	887208	887239
7142	887298	887361
7143	887450	887528
7144	887566	887689
7145	887726	887754
7146	887800	887862
7147	887952	888009
7148	888043	888121
7149	888168	888198
7150	888215	888240
7151	888324	888427
7152	888514	888598
7153	888658	888735
7154	888833	888908
7155	888958	889012
7156	889036	889152
7157	889175	889197
7158	889320	889382
7159	889396	889460
7160	889541	889611
7161	889667	889750
7162	889787	889860
7163	889984	890063
7164	890115	890187
7165	890249	890284
7166	890375	890390
7167	890430	890566
7168	890676	890710
7169	890758	890795
7170	890845	890978
7171	891016	891064
7172	891115	891132
7173	891227	891273
7174	891379	891418
7175	891501	891607
7176	891628	891674
7177	891693	891711
7178	891792	891819
7179	891913	891932
7180	892013	892103
7181	892221	892260
7182	892359	892407
7183	892467	892500
7184	892579	892621
7185	892680	892740
7186	892770	892818
7187	892917	893018
7188	893135	893189
7189	893305	893405
7190	893469	893569
7191	893655	893712
7192	893741	893877
7193	893926	894002
7194	894034	894099
7195	894246	894266
7196	894373	894505
7197	894595	894649
7198	894712	894741
7199	894820	894831
7200	894838	894925
7201	894982	895091
7202	895104	895148
7203	895209	895296
7204	895362	895428
7205	895488	895520
7206	895585	895596
7207	895643	895722
7208	895753	895880
7209	896034	896125
7210	896200	896246
7211	896298	896315
7212	896390	896419
7213	896520	896565
7214	896622	896667
7215	896740	896782
7216	896814	896911
7217	897015	897130
7218	897150	897177
7219	897188	897264
7220	897331	897406
7221	897434	897481
7222	897530	897562
7223	897600	897690
7224	897727	897810
7225	897842	897993
7226	898099	898220
7227	898280	898326
7228	898384	898400
7229	898457	898576
7230	898606	898715
7231	898796	898842
7232	898990	899060
7233	899143	899205
7234	899230	899335
7235	899396	899460
7236	899470	899570
7237	899592	899632
7238	899676	899729
7239	899781	899795
7240	899948	899966
7241	900011	900083
7242	900106	900138
7243	900174	900208
7244	900280	900326
7245	900358	900450
7246	900475	900524
7247	900598	900615
7248	900640	900661
7249	900677	900812
7250	900887	900913
7251	900983	901046
7252	901067	901214
7253	901331	901415
7254	901463	901561
7255	901633	901702
7256	901755	901795
7257	901876	901991
7258	902044	902079
7259	902156	902197
7260	902236	902291
7261	902301	902373
7262	902480	902551
7263	902571	902667
7264	902760	902854
7265	902877	902899
7266	902941	903030
7267	903063	903087
7268	903144	903168
7269	903246	903304
7270	903369	903413
7271	903465	903539
7272	903562	903630
7273	903698	903715
7274	903774	903821
7275	903904	903968
7276	904019	904035
7277	904055	904149
7278	904215	904298
7279	904325	904374
7280	904391	904404
7281	904427	904473
7282	904521	904597
7283	904629	904660
7284	904679	904781
7285	904898	904932
7286	904953	905055
7287	905067	905075
7288	905123	905205
7289	905260	905326
7290	905344	905414
7291	905468	905478
7292	905574	905624
7293	905702	905743
7294	905772	905827
7295	905934	905976
7296	906065	906098
7297	906173	906231
7298	906286	906297
7299	906389	906434
7300	906474	906621
7301	906630	906675
7302	906722	906774
7303	906789	906819
7304	906911	906953
7305	907038	907109
7306	907244	907306
7307	907330	907373
7308	907476	907601
7309	907626	907720
7310	907752	907816
7311	907888	907925
7312	907952	907986
7313	908071	908108
7314	908181	908249
7315	908312	908330
7316	908450	908480
7317	908511	908630
7318	908656	908732
7319	908743	908791
7320	908807	908901
7321	908981	909074
7322	909167	909216
7323	909225	909247
7324	909282	909295
7325	909307	909366
7326	909425	909589
7327	909683	909738
7328	909752	909854
7329	909926	909980
7330	910003	910100
7331	910176	910233
7332	910328	910414
7333	910448	910513
7334	910583	910648
7335	910688	910725
7336	910795	910844
7337	910917	910963
7338	910985	911065
7339	911089	911154
7340	911184	911247
7341	911305	911323
7342	911351	911395
7343	911517	911574
7344	911625	911639
7345	911698	911795
7346	911805	911844
7347	911925	911983
7348	912022	912054
7349	912103	912168
7350	912234	912310
7351	912411	912509
7352	912541	912682
7353	912776	912893
7354	912913	912969
7355	913060	913226
7356	913266	913299
7357	913341	913366
7358	913436	913448
7359	913516	913618
7360	913754	913824
7361	913954	914076
7362	914107	914165
7363	914199	914221
7364	914271	914364
7365	914437	914453
7366	914563	914619
7367	914696	914737
7368	914805	914976
7369	915000	915065
7370	915112	915159
7371	915261	915279
7372	915328	915360
7373	915383	915454
7374	915506	915555
7375	915590	915649
7376	915730	915814
7377	915899	915942
7378	916007	916037
7379	916130	916187
7380	916254	916379
7381	916410	916422
7382	916450	916488
7383	916501	916588
7384	916636	916678
7385	916820	916951
7386	917010	917021
7387	917055	917108
7388	917152	917184
7389	917203	917224
7390	917250	917341
7391	917362	917498
7392	917565	917641
7393	917686	917762
7394	917795	917835
7395	917948	918035
7396	918096	918114
7397	918208	918256
7398	918284	918338
7399	918439	918461
7400	918473	918523
7401	918579	918663
7402	918752	918804
7403	918851	918903
7404	918946	918971
7405	919063	919172
7406	919276	919294
7407	919346	919426
7408	919513	919588
7409	919660	919714
7410	919822	919946
7411	919980	919998
7412	920083	920134
7413	920165	920264
7414	920343	920389
7415	920476	920566
7416	920634	920673
7417	920709	920751
7418	920766	920870
7419	920991	921071
7420	921192	921333
7421	921460	921520
7422	921638	921716
7423	921736	921794
7424	921815	921894
7425	921988	922037
7426	922128	922167
7427	922216	922271
7428	922307	922387
7429	922413	922441
7430	922509	922538
7431	922604	922715
7432	922795	922814
7433	922851	922926
7434	923010	923126
7435	923208	923274
7436	923360	923409
7437	923415	923426
7438	923551	923581
7439	923617	923719
7440	923802	923934
7441	923956	924017
7442	924067	924132
7443	924162	924183
7444	924198	924240
7445	924344	924371
7446	924461	924471
7447	924538	924582
7448	924608	924659
7449	924718	924768
7450	924796	924838
7451	924986	925033
7452	925119	925223
7453	925349	925481
7454	925561	925621
7455	925681	925792
7456	925832	925925
7457	925960	925972
7458	926072	926130
7459	926186	926245
7460	926328	926389
7461	926419	926474
7462	926507	926558
7463	926616	926696
7464	926762	926800
7465	926863	926924
7466	926970	927055
7467	927122	927154
7468	927241	927279
7469	927296	927346
7470	927468	927522
7471	927592	927668
7472	927708	927776
7473	927846	927926
7474	927961	928060
7475	928168	928219
7476	928245	928315
7477	928387	928474
7478	928549	928580
7479	928673	928691
7480	928733	928788
7481	928812	928827
7482	928889	928900
7483	928952	928984
7484	929051	929120
7485	929175	929216
7486	929331	929367
7487	929418	929472
7488	929534	929608
7489	929651	929711
7490	929727	929799
7491	929855	929953
7492	930085	930205
7493	930246	930360
7494	930471	930512
7495	930633	930748
7496	930791	930832
7497	930873	930954
7498	931076	931158
7499	931237	931268
7500	931297	931342
7501	931476	931600
7502	931648	931746
7503	931831	931968
7504	932012	932064
7505	932157	932196
7506	932321	932443
7507	932494	932530
7508	932536	932605
7509	932670	932714
7510	932750	932829
7511	932938	932975
7512	933029	933083
7513	933146	933227
7514	933254	933302
7515	933338	933377
7516	933496	933527
7517	933566	933611
7518	933652	933738
7519	933766	933817
7520	933899	933970
7521	934083	934132
7522	934184	934233
7523	934310	934396
7524	934416	934447
7525	934527	934584
7526	934662	934717
7527	934851	934974
7528	935004	935058
7529	935147	935234
7530	935269	935360
7531	935451	935487
7532	935562	935607
7533	935726	935801
7534	935833	935925
7535	936022	936053
7536	936151	936295
7537	936322	936440
7538	936512	936533
7539	936574	936650
7540	936659	936716
7541	936767	936853
7542	936944	936979
7543	937065	937136
7544	937172	937208
7545	937282	937437
7546	937453	937463
7547	937572	937705
7548	937763	937859
7549	937897	937931
7550	938042	938131
7551	938171	938232
7552	938240	938354
7553	938370	938388
7554	938414	938548
7555	938609	938678
7556	938745	938801
7557	938832	938906
7558	938960	939011
7559	939024	939122
7560	939230	939313
7561	939446	939522
7562	939561	939663
7563	939693	939814
7564	939866	939911
7565	939993	940043
7566	940105	940212
7567	940287	940325
7568	940349	940398
7569	940450	940532
7570	940587	940672
7571	940749	940845
7572	940978	941026
7573	941106	941275
7574	941380	941455
7575	941511	941592
7576	941683	941769
7577	941805	941851
7578	941934	942007
7579	942072	942103
7580	942182	942276
7581	942369	942397
7582	942432	942476
7583	942542	942626
7584	942641	942665
7585	942814	942882
7586	942937	943047
7587	943070	943077
7588	943117	943169
7589	943244	943324
7590	943438	943541
7591	943556	943598
7592	943697	943753
7593	943857	943960
7594	944035	944084
7595	944124	944218
7596	944264	944351
7597	944461	944483
7598	944585	944691
7599	944845	944914
7600	945019	945067
7601	945132	945178
7602	945292	945368
7603	945398	945462
7604	945506	945601
7605	945647	945691
7606	945724	945804
7607	945856	945955
7608	946044	946158
7609	946207	946316
7610	946345	946414
7611	946448	946503
7612	946609	946690
7613	946748	946873
7614	946904	946982
7615	947005	947035
7616	947105	947141
7617	947181	947335
7618	947461	947498
7619	947542	947615
7620	947743	947766
7621	947797	947870
7622	947896	947991
7623	948048	948120
7624	948174	948238
7625	948297	948363
7626	948393	948440
7627	948569	948630
7628	948672	948753
7629	948869	948949
7630	948975	948986
7631	949088	949162
7632	949181	949242
7633	949266	949390
7634	949472	949571
7635	949634	949740
7636	949816	949901
7637	950041	950106
7638	950158	950207
7639	950227	950350
7640	950425	950458
7641	950518	950600
7642	950625	950660
7643	950717	950770
7644	950817	950905
7645	950919	950938
7646	950992	951126
7647	951179	951265
7648	951314	951425
7649	951526	951541
7650	951658	951712
7651	951739	951843
7652	951885	951920
7653	951963	951981
7654	952110	952179
7655	952272	952367
7656	952467	952492
7657	952530	952565
7658	952607	952715
7659	952742	952752
7660	952814	952833
7661	952930	952974
7662	953054	953117
7663	953203	953268
7664	953400	953420
7665	953452	953502
7666	953516	953552
7667	953566	953607
7668	953691	953716
7669	953750	953802
7670	953884	953970
7671	954014	954064
7672	954131	954181
7673	954212	954280
7674	954401	954517
7675	954573	954642
7676	954735	954748
7677	954826	954877
7678	954938	954976
7679	955013	955076
7680	955133	955174
7681	955247	955269
7682	955345	955449
7683	955489	955514
7684	955553	955605
7685	955677	955781
7686	955843	955922
7687	955977	956058
7688	956084	956110
7689	956173	956237
7690	956307	956378
7691	956420	956473
7692	956486	956515
7693	956593	956678
7694	956742	956879
7695	956895	957011
7696	957035	957083
7697	957147	957165
7698	957247	957298
7699	957402	957489
7700	957517	957610
7701	957660	957717
7702	957793	957888
7703	958008	958058
7704	958134	958140
7705	958202	958265
7706	958387	958461
7707	958522	958598
7708	958627	958681
7709	958784	958796
7710	958813	958890
7711	958915	958977
7712	959018	959057
7713	959141	959187
7714	959248	959320
7715	959421	959449
7716	959572	959601
7717	959681	959709
7718	959769	959863
7719	959958	959980
7720	959998	960049
7721	960099	960235
7722	960298	960423
7723	960447	960559
7724	960653	960742
7725	960817	960866
7726	960967	960981
7727	961040	961158
7728	961206	961243
7729	961362	961405
7730	961477	961527
7731	961663	961806
7732	961834	961959
7733	961984	962045
7734	962094	962154
7735	962207	962240
7736	962355	962443
7737	962476	962618
7738	962743	962789
7739	962826	962898
7740	962996	963072
7741	963156	963251
7742	963328	963400
7743	963435	963461
7744	963487	963514
7745	963560	963637
7746	963650	963679
7747	963731	963770
7748	963872	963920
7749	963993	964046
7750	964090	964149
7751	964194	964216
7752	964286	964359
7753	964470	964489
7754	964566	964668
7755	964745	964751
7756	964825	964877
7757	964916	965017
7758	965096	965167
7759	965314	965420
7760	965492	965567
7761	965608	965674
7762	965713	965724
7763	965771	965913
7764	965932	966039
7765	966103	966163
7766	966214	966287
7767	966363	966375
7768	966394	966464
7769	966531	966554
7770	966606	966623
7771	966654	966714
7772	966775	966859
7773	966937	966990
7774	967029	967115
7775	967148	967212
7776	967281	967361
7777	967375	967439
7778	967522	967601
7779	967666	967728
7780	967740	967834
7781	967851	967908
7782	967941	967973
7783	968060	968111
7784	968194	968219
7785	968243	968244
7786	968395	968420
7787	968481	968526
7788	968605	968641
7789	968686	968718
7790	968823	968858
7791	968859	968947
7792	968995	969044
7793	969152	969271
7794	969309	969336
7795	969374	969433
7796	969504	969593
7797	969643	969720
7798	969782	969918
7799	969957	970078
7800	970159	970170
7801	970196	970269
7802	970311	970319
7803	970414	970422
7804	970471	970541
7805	970625	970713
7806	970751	970871
7807	970991	971057
7808	971088	971117
7809	971142	971194
7810	971241	971352
7811	971370	971427
7812	971517	971531
7813	971592	971626
7814	971714	971782
7815	971846	971933
7816	972025	972057
7817	972105	972128
7818	972254	972260
7819	972315	972415
7820	972469	972490
7821	972569	972577
7822	972598	972620
7823	972739	972787
7824	972848	972904
7825	972990	973085
7826	973107	973156
7827	973222	973301
7828	973344	973370
7829	973413	973509
7830	973577	973678
7831	973706	973817
7832	973888	973902
7833	973957	973980
7834	974103	974155
7835	974177	974218
7836	974244	974312
7837	974409	974483
7838	974559	974584
7839	974644	974673
7840	974712	974759
7841	974837	974905
7842	974948	974988
7843	975046	975107
7844	975164	975193
7845	975244	975324
7846	975350	975441
7847	975507	975549
7848	975597	975667
7849	975708	975819
7850	975889	975915
7851	976006	976012
7852	976120	976129
7853	976186	976248
7854	976347	976436
7855	976549	976598
7856	976614	976666
7857	976777	976836
7858	976866	976903
7859	976941	977066
7860	977075	977089
7861	977183	977292
7862	977398	977452
7863	977526	977580
7864	977624	977659
7865	977787	977805
7866	977850	977905
7867	977953	978007
7868	978142	978184
7869	978193	978263
7870	978275	978356
7871	978468	978599
7872	978669	978694
7873	978736	978843
7874	978975	979008
7875	979046	979118
7876	979206	979360
7877	979396	979456
7878	979476	979507
7879	979555	979659
7880	979721	979785
7881	979893	979937
7882	980042	980076
7883	980180	980220
7884	980236	980307
7885	980357	980407
7886	980423	980503
7887	980537	980574
7888	980662	980734
7889	980789	980811
7890	980837	980853
7891	980879	980970
7892	980999	981092
7893	981138	981181
7894	981248	981291
7895	981318	981380
7896	981423	981513
7897	981552	981638
7898	981709	981763
7899	981772	981790
7900	981894	981961
7901	982059	982140
7902	982147	982183
7903	982227	982283
7904	982354	982362
7905	982405	982494
7906	982599	982621
7907	982658	982752
7908	982793	982919
7909	982972	983013
7910	983041	983058
7911	983128	983169
7912	983219	983255
7913	983328	983445
7914	983507	983547
7915	983604	983674
7916	983729	983818
7917	983835	983860
7918	983930	983970
7919	984086	984149
7920	984204	984211
7921	984280	984418
7922	984485	984486
7923	984514	984601
7924	984726	984751
7925	984798	984833
7926	984908	984965
7927	985000	985061
7928	985084	985184
7929	985195	985300
7930	985384	985471
7931	985537	985592
7932	985661	985728
7933	985801	985842
7934	985912	985984
7935	986036	986086
7936	986102	986203
7937	986244	986296
7938	986412	986512
7939	986602	986665
7940	986751	986847
7941	986927	986959
7942	987062	987083
7943	987137	987147
7944	987191	987222
7945	987274	987363
7946	987469	987629
7947	987694	987774
7948	987874	987984
7949	988103	988160
7950	988277	988304
7951	988336	988432
7952	988480	988545
7953	988610	988646
7954	988754	988796
7955	988933	988983
7956	989023	989068
7957	989114	989145
7958	989214	989331
7959	989429	989463
7960	989470	989528
7961	989552	989642
7962	989707	989735
7963	989782	989882
7964	989904	989943
7965	990020	990071
7966	990127	990177
7967	990209	990287
7968	990363	990398
7969	990446	990523
7970	990631	990708
7971	990727	990823
7972	990861	990951
7973	991040	991101
7974	991214	991312
7975	991403	991436
7976	991513	991540
7977	991569	991583
7978	991642	991663
7979	991710	991763
7980	991869	991921
7981	991972	992123
7982	992199	992318
7983	992408	992459
7984	992582	992616
7985	992653	992722
7986	992786	992898
7987	992944	992996
7988	993018	993070
7989	993083	993160
7990	993243	993267
7991	993350	993403
7992	993483	993553
7993	993666	993718
7994	993751	993802
7995	993810	993830
7996	993895	993920
7997	993937	993952
7998	994105	994178
7999	994209	994271
8000	994309	994394
8001	994480	994520
8002	994649	994711
8003	994804	994843
8004	994920	995039
8005	995119	995256
8006	995352	995418
8007	995537	995598
8008	995676	995688
8009	995747	995808
8010	995858	995874
8011	995932	995993
8012	996070	996129
8013	996191	996241
8014	996373	996442
8015	996448	996481
8016	996487	996534
8017	996543	996587
8018	996620	996710
8019	996767	996875
8020	997005	997102
8021	997233	997257
8022	997272	997403
8023	997463	997555
8024	997625	997681
8025	997707	997728
8026	997814	997894
8027	998032	998058
8028	998070	998113
8029	998183	998259
8030	998281	998309
8031	998374	998422
8032	998487	998506
8033	998622	998640
8034	998722	998799
8035	998861	998878
8036	998911	998936
8037	999018	999129
8038	999173	999258
8039	999307	999388
8040	999402	999453
8041	999500	999560
8042	999619	999658
8043	999675	999725
8044	999779	999872
8045	999958	1000066
8046	1000124	1000198
8047	1000261	1000279
8048	1000326	1000400
8049	1000510	1000560
8050	1000606	1000655
8051	1000684	1000768
8052	1000806	1000865
8053	1000882	1000936
8054	1000972	1001056
8055	1001157	1001225
8056	1001259	1001297
8057	1001304	1001316
8058	1001337	1001398
8059	1001471	1001531
8060	1001636	1001666
8061	1001704	1001751
8062	1001832	1001924
8063	1001977	1002014
8064	1002138	1002199
8065	1002272	1002320
8066	1002333	1002419
8067	1002466	1002564
8068	1002623	1002704
8069	1002734	1002752
8070	1002780	1002843
8071	1002949	1003021
8072	1003129	1003248
8073	1003320	1003418
8074	1003517	1003568
8075	1003714	1003775
8076	1003832	1003929
8077	1003948	1004003
8078	1004067	1004094
8079	1004125	1004188
8080	1004236	1004355
8081	1004380	1004431
8082	1004438	1004496
8083	1004531	1004580
8084	1004626	1004688
8085	1004780	1004880
8086	1004973	1005017
8087	1005078	1005169
8088	1005188	1005236
8089	1005267	1005314
8090	1005369	1005434
8091	1005499	1005557
8092	1005600	1005643
8093	1005681	1005732
8094	1005755	1005852
8095	1005934	1005981
8096	1006069	1006187
8097	1006276	1006333
8098	1006401	1006475
8099	1006577	1006673
8100	1006710	1006787
8101	1006844	1006858
8102	1006900	1006965
8103	1007017	1007105
8104	1007157	1007283
8105	1007299	1007404
8106	1007435	1007522
8107	1007610	1007707
8108	1007777	1007803
8109	1007899	1008016
8110	1008112	1008138
8111	1008186	1008301
8112	1008368	1008454
8113	1008557	1008681
8114	1008760	1008842
8115	1008912	1008976
8116	1009003	1009071
8117	1009082	1009181
8118	1009208	1009239
8119	1009267	1009290
8120	1009396	1009447
8121	1009526	1009650
8122	1009712	1009734
8123	1009776	1009849
8124	1009897	1009949
8125	1010032	1010089
8126	1010201	1010303
8127	1010378	1010454
8128	1010509	1010517
8129	1010532	1010624
8130	1010652	1010790
8131	1010868	1010932
8132	1011084	1011186
8133	1011222	1011265
8134	1011287	1011337
8135	1011348	1011364
8136	1011414	1011443
8137	1011513	1011588
8138	1011634	1011680
8139	1011707	1011778
8140	1011829	1011889
8141	1011915	1012044
8142	1012066	1012089
8143	1012149	1012217
8144	1012341	1012399
8145	1012482	1012595
8146	1012698	1012858
8147	1012875	1012940
8148	1012960	1013062
8149	1013157	1013234
8150	1013314	1013393
8151	1013473	1013595
8152	1013606	1013682
8153	1013791	1013832
8154	1013887	1013958
8155	1013998	1014091
8156	1014133	1014165
8157	1014308	1014345
8158	1014358	1014377
8159	1014454	1014576
8160	1014636	1014685
8161	1014751	1014864
8162	1014898	1014942
8163	1014979	1015054
8164	1015152	1015187
8165	1015215	1015241
8166	1015298	1015444
8167	1015536	1015591
8168	1015636	1015734
8169	1015742	1015775
8170	1015814	1015858
8171	1015902	1015959
8172	1016067	1016183
8173	1016208	1016219
8174	1016233	1016335
8175	1016433	1016507
8176	1016554	1016555
8177	1016658	1016667
8178	1016685	1016726
8179	1016805	1016861
8180	1016868	1016957
8181	1016983	1017015
8182	1017050	1017176
8183	1017252	1017363
8184	1017449	1017596
8185	1017645	1017664
8186	1017780	1017814
8187	1017925	1018002
8188	1018032	1018078
8189	1018100	1018126
8190	1018178	1018236
8191	1018296	1018337
8192	1018357	1018412
8193	1018484	1018590
8194	1018648	1018657
8195	1018690	1018762
8196	1018852	1018940
8197	1019014	1019042
8198	1019079	1019140
8199	1019215	1019227
8200	1019288	1019358
8201	1019469	1019526
8202	1019574	1019645
8203	1019773	1019874
8204	1019970	1020051
8205	1020147	1020169
8206	1020190	1020206
8207	1020319	1020376
8208	1020382	1020500
8209	1020574	1020649
8210	1020695	1020769
8211	1020780	1020863
8212	1020993	1021011
8213	1021052	1021147
8214	1021160	1021278
8215	1021364	1021385
8216	1021518	1021597
8217	1021640	1021740
8218	1021804	1021852
8219	1021860	1021951
8220	1022080	1022121
8221	1022192	1022305
8222	1022383	1022420
8223	1022486	1022544
8224	1022592	1022691
8225	1022808	1022847
8226	1022912	1023027
8227	1023124	1023190
8228	1023240	1023280
8229	1023299	1023319
8230	1023389	1023552
8231	1023677	1023712
8232	1023801	1023808
8233	1023870	1023910
8234	1023937	1023998
8235	1024042	1024067
8236	1024156	1024186
8237	1024246	1024261
8238	1024327	1024432
8239	1024511	1024608
8240	1024700	1024720
8241	1024761	1024781
8242	1024835	1024938
8243	1025039	1025057
8244	1025101	1025133
8245	1025207	1025293
8246	1025353	1025422
8247	1025476	1025552
8248	1025599	1025697
8249	1025733	1025753
8250	1025804	1025816
8251	1025850	1025886
8252	1025940	1025965
8253	1026047	1026097
8254	1026145	1026227
8255	1026325	1026357
8256	1026376	1026413
8257	1026524	1026553
8258	1026610	1026674
8259	1026784	1026827
8260	1026936	1026963
8261	1027075	1027156
8262	1027178	1027237
8263	1027306	1027375
8264	1027392	1027461
8265	1027569	1027615
8266	1027624	1027697
8267	1027707	1027732
8268	1027749	1027815
8269	1027874	1027915
8270	1028023	1028148
8271	1028217	1028287
8272	1028383	1028484
8273	1028505	1028527
8274	1028663	1028706
8275	1028742	1028791
8276	1028891	1028962
8277	1029023	1029057
8278	1029080	1029132
8279	1029169	1029213
8280	1029290	1029337
8281	1029451	1029483
8282	1029582	1029620
8283	1029669	1029768
8284	1029812	1029883
8285	1029989	1030035
8286	1030096	1030139
8287	1030183	1030257
8288	1030307	1030417
8289	1030536	1030629
8290	1030669	1030699
8291	1030728	1030840
8292	1030962	1030982
8293	1031081	1031235
8294	1031236	1031342
8295	1031395	1031513
8296	1031597	1031679
8297	1031706	1031713
8298	1031746	1031868
8299	1031893	1031988
8300	1032016	1032075
8301	1032199	1032301
8302	1032386	1032420
8303	1032525	1032600
8304	1032621	1032636
8305	1032662	1032678
8306	1032756	1032878
8307	1032906	1032991
8308	1033097	1033173
8309	1033251	1033376
8310	1033437	1033525
8311	1033536	1033562
8312	1033676	1033774
8313	1033851	1033866
8314	1033898	1033912
8315	1033965	1034002
8316	1034058	1034079
8317	1034231	1034319
8318	1034375	1034414
8319	1034524	1034567
8320	1034689	1034772
8321	1034867	1034952
8322	1035098	1035172
8323	1035207	1035237
8324	1035308	1035340
8325	1035393	1035440
8326	1035515	1035577
8327	1035635	1035660
8328	1035777	1035923
8329	1036024	1036113
8330	1036166	1036188
8331	1036317	1036401
8332	1036447	1036510
8333	1036636	1036770
8334	1036834	1036948
8335	1036963	1037020
8336	1037038	1037087
8337	1037119	1037188
8338	1037254	1037295
8339	1037311	1037398
8340	1037503	1037572
8341	1037643	1037649
8342	1037671	1037763
8343	1037805	1037872
8344	1038005	1038011
8345	1038132	1038197
8346	1038251	1038303
8347	1038322	1038383
8348	1038464	1038506
8349	1038615	1038690
8350	1038702	1038724
8351	1038791	1038850
8352	1038909	1039031
8353	1039079	1039131
8354	1039217	1039353
8355	1039421	1039479
8356	1039516	1039585
8357	1039630	1039700
8358	1039724	1039757
8359	1039768	1039796
8360	1039841	1039857
8361	1039981	1040026
8362	1040098	1040108
8363	1040138	1040182
8364	1040232	1040285
8365	1040325	1040404
8366	1040434	1040493
8367	1040527	1040598
8368	1040631	1040708
8369	1040736	1040859
8370	1040873	1040919
8371	1040996	1041017
8372	1041150	1041181
8373	1041295	1041342
8374	1041456	1041529
8375	1041592	1041662
8376	1041740	1041792
8377	1041805	1041926
8378	1042002	1042019
8379	1042124	1042194
8380	1042269	1042320
8381	1042388	1042457
8382	1042515	1042527
8383	1042582	1042707
8384	1042750	1042812
8385	1042825	1042880
8386	1042909	1042994
8387	1043042	1043122
8388	1043204	1043304
8389	1043333	1043400
8390	1043499	1043588
8391	1043730	1043742
8392	1043796	1043857
8393	1043880	1043990
8394	1044008	1044123
8395	1044157	1044227
8396	1044252	1044348
8397	1044440	1044459
8398	1044501	1044620
8399	1044680	1044776
8400	1044827	1044866
8401	1044887	1044967
8402	1045076	1045088
8403	1045208	1045232
8404	1045302	1045335
8405	1045366	1045417
8406	1045491	1045516
8407	1045604	1045649
8408	1045687	1045742
8409	1045893	1045990
8410	1046024	1046088
8411	1046168	1046212
8412	1046245	1046264
8413	1046278	1046346
8414	1046443	1046558
8415	1046584	1046619
8416	1046765	1046911
8417	1046945	1046968
8418	1046981	1047070
8419	1047109	1047151
8420	1047213	1047272
8421	1047353	1047443
8422	1047493	1047505
8423	1047632	1047717
8424	1047822	1047875
8425	1047923	1047944
8426	1047977	1048011
8427	1048119	1048145
8428	1048230	1048271
8429	1048335	1048392
8430	1048458	1048493
8431	1048550	1048551
8432	1048596	1048671
8433	1048775	1048868
8434	1048917	1048995
8435	1049034	1049074
8436	1049113	1049136
8437	1049184	1049205
8438	1049256	1049284
8439	1049358	1049397
8440	1049430	1049465
8441	1049505	1049622
8442	1049658	1049713
8443	1049814	1049868
8444	1049909	1049933
8445	1050033	1050127
8446	1050217	1050317
8447	1050393	1050427
8448	1050492	1050499
8449	1050524	1050608
8450	1050683	1050720
8451	1050823	1050933
8452	1050967	1051009
8453	1051075	1051165
8454	1051176	1051262
8455	1051327	1051369
8456	1051424	1051517
8457	1051533	1051647
8458	1051750	1051856
8459	1051921	1051941
8460	1052026	1052112
8461	1052124	1052158
8462	1052233	1052257
8463	1052287	1052352
8464	1052443	1052539
8465	1052570	1052681
8466	1052823	1052875
8467	1052978	1053059
8468	1053166	1053198
8469	1053269	1053290
8470	1053308	1053331
8471	1053444	1053524
8472	1053621	1053657
8473	1053684	1053791
8474	1053863	1053898
8475	1053956	1054026
8476	1054073	1054092
8477	1054140	1054192
8478	1054215	1054227
8479	1054240	1054283
8480	1054313	1054404
8481	1054445	1054465
8482	1054539	1054584
8483	1054651	1054715
8484	1054723	1054782
8485	1054879	1055001
8486	1055070	1055083
8487	1055192	1055264
8488	1055359	1055409
8489	1055433	1055500
8490	1055534	1055632
8491	1055727	1055857
8492	1055906	1055986
8493	1056016	1056053
8494	1056111	1056164
8495	1056211	1056330
8496	1056393	1056504
8497	1056569	1056658
8498	1056748	1056828
8499	1056855	1056945
8500	1056995	1057020
8501	1057069	1057155
8502	1057182	1057313
8503	1057360	1057408
8504	1057491	1057503
8505	1057552	1057579
8506	1057625	1057697
8507	1057731	1057838
8508	1057911	1057989
8509	1058058	1058144
8510	1058223	1058290
8511	1058313	1058360
8512	1058429	1058509
8513	1058527	1058612
8514	1058628	1058723
8515	1058784	1058917
8516	1058964	1059017
8517	1059043	1059124
8518	1059149	1059214
8519	1059254	1059338
8520	1059369	1059407
8521	1059486	1059520
8522	1059559	1059662
8523	1059690	1059756
8524	1059792	1059867
8525	1059882	1059932
8526	1059957	1059998
8527	1060111	1060192
8528	1060251	1060367
8529	1060455	1060474
8530	1060546	1060571
8531	1060620	1060640
8532	1060674	1060774
8533	1060888	1061044
8534	1061148	1061239
8535	1061392	1061453
8536	1061577	1061641
8537	1061741	1061771
8538	1061821	1061877
8539	1061924	1061959
8540	1062039	1062108
8541	1062127	1062173
8542	1062204	1062266
8543	1062332	1062502
8544	1062541	1062582
8545	1062597	1062632
8546	1062679	1062785
8547	1062847	1062886
8548	1062962	1063053
8549	1063065	1063126
8550	1063187	1063212
8551	1063306	1063320
8552	1063442	1063551
8553	1063602	1063689
8554	1063794	1063817
8555	1063847	1063995
8556	1064035	1064078
8557	1064155	1064255
8558	1064338	1064455
8559	1064539	1064592
8560	1064631	1064756
8561	1064812	1064855
8562	1064923	1065005
8563	1065081	1065112
8564	1065133	1065214
8565	1065271	1065346
8566	1065384	1065445
8567	1065486	1065555
8568	1065617	1065706
8569	1065828	1065913
8570	1066065	1066168
8571	1066227	1066262
8572	1066354	1066426
8573	1066515	1066608
8574	1066664	1066819
8575	1066831	1066874
8576	1066919	1066988
8577	1067087	1067206
8578	1067370	1067433
8579	1067471	1067568
8580	1067589	1067602
8581	1067776	1067822
8582	1067931	1067984
8583	1068128	1068183
8584	1068253	1068276
8585	1068365	1068448
8586	1068528	1068619
8587	1068681	1068766
8588	1068838	1068869
8589	1068954	1069018
8590	1069064	1069174
8591	1069248	1069269
8592	1069364	1069423
8593	1069450	1069506
8594	1069554	1069646
8595	1069714	1069797
8596	1069836	1069994
8597	1070073	1070103
8598	1070204	1070306
8599	1070385	1070486
8600	1070572	1070665
8601	1070695	1070772
8602	1070815	1070867
8603	1070974	1071000
8604	1071062	1071089
8605	1071152	1071223
8606	1071275	1071290
8607	1071327	1071431
8608	1071476	1071567
8609	1071699	1071727
8610	1071830	1071866
8611	1071888	1071929
8612	1072008	1072091
8613	1072142	1072173
8614	1072196	1072263
8615	1072351	1072364
8616	1072401	1072513
8617	1072531	1072633
8618	1072732	1072850
8619	1072898	1072942
8620	1073009	1073064
8621	1073095	1073131
8622	1073251	1073287
8623	1073341	1073384
8624	1073511	1073611
8625	1073628	1073707
8626	1073832	1073841
8627	1073973	1074000
8628	1074020	1074071
8629	1074116	1074233
8630	1074239	1074353
8631	1074382	1074408
8632	1074456	1074552
8633	1074616	1074629
8634	1074682	1074765
8635	1074861	1074922
8636	1075056	1075166
8637	1075248	1075310
8638	1075342	1075414
8639	1075473	1075554
8640	1075642	1075671
8641	1075749	1075776
8642	1075879	1075928
8643	1076071	1076110
8644	1076243	1076390
8645	1076480	1076541
8646	1076580	1076699
8647	1076749	1076865
8648	1076940	1077023
8649	1077088	1077107
8650	1077271	1077360
8651	1077372	1077395
8652	1077484	1077505
8653	1077576	1077601
8654	1077613	1077660
8655	1077731	1077751
8656	1077890	1077907
8657	1077973	1078072
8658	1078120	1078226
8659	1078251	1078307
8660	1078341	1078371
8661	1078407	1078432
8662	1078522	1078554
8663	1078668	1078739
8664	1078842	1078862
8665	1078877	1078938
8666	1078995	1079089
8667	1079197	1079273
8668	1079317	1079384
8669	1079409	1079435
8670	1079475	1079513
8671	1079592	1079665
8672	1079721	1079735
8673	1079821	1079867
8674	1079914	1080032
8675	1080156	1080243
8676	1080313	1080325
8677	1080358	1080408
8678	1080446	1080503
8679	1080607	1080671
8680	1080741	1080822
8681	1080882	1080901
8682	1080936	1080964
8683	1081061	1081173
8684	1081222	1081298
8685	1081451	1081570
8686	1081668	1081720
8687	1081831	1081934
8688	1082008	1082105
8689	1082192	1082239
8690	1082337	1082484
8691	1082524	1082540
8692	1082567	1082631
8693	1082665	1082747
8694	1082764	1082817
8695	1082885	1082971
8696	1083104	1083189
8697	1083280	1083338
8698	1083409	1083488
8699	1083585	1083659
8700	1083768	1083871
8701	1083935	1084040
8702	1084098	1084211
8703	1084241	1084253
8704	1084293	1084391
8705	1084397	1084460
8706	1084487	1084585
8707	1084684	1084743
8708	1084865	1084934
8709	1084969	1085070
8710	1085126	1085178
8711	1085234	1085308
8712	1085341	1085420
8713	1085437	1085498
8714	1085584	1085592
8715	1085710	1085783
8716	1085814	1085823
8717	1085831	1085865
8718	1085910	1086010
8719	1086123	1086184
8720	1086244	1086313
8721	1086369	1086467
8722	1086497	1086599
8723	1086683	1086716
8724	1086792	1086822
8725	1086886	1086923
8726	1086946	1086976
8727	1087029	1087053
8728	1087171	1087227
8729	1087256	1087266
8730	1087348	1087367
8731	1087410	1087465
8732	1087497	1087587
8733	1087621	1087721
8734	1087803	1087988
8735	1088036	1088057
8736	1088179	1088265
8737	1088332	1088360
8738	1088442	1088481
8739	1088547	1088587
8740	1088652	1088670
8741	1088748	1088858
8742	1089002	1089084
8743	1089105	1089128
8744	1089171	1089241
8745	1089350	1089406
8746	1089430	1089529
8747	1089587	1089629
8748	1089729	1089748
8749	1089811	1089846
8750	1089927	1089968
8751	1090031	1090095
8752	1090137	1090197
8753	1090311	1090388
8754	1090408	1090471
8755	1090514	1090544
8756	1090564	1090585
8757	1090692	1090728
8758	1090778	1090849
8759	1090909	1090974
8760	1091012	1091022
8761	1091095	1091197
8762	1091256	1091266
8763	1091383	1091474
8764	1091492	1091551
8765	1091623	1091709
8766	1091794	1091874
8767	1091910	1092031
8768	1092070	1092136
8769	1092222	1092244
8770	1092275	1092309
8771	1092375	1092404
8772	1092430	1092494
8773	1092598	1092706
8774	1092752	1092788
8775	1092825	1092881
8776	1092996	1093070
8777	1093144	1093262
8778	1093322	1093376
8779	1093440	1093507
8780	1093533	1093554
8781	1093647	1093697
8782	1093778	1093811
8783	1093915	1094019
8784	1094088	1094089
8785	1094172	1094206
8786	1094328	1094396
8787	1094421	1094455
8788	1094541	1094640
8789	1094800	1094825
8790	1094939	1095031
8791	1095137	1095200
8792	1095216	1095260
8793	1095349	1095396
8794	1095479	1095511
8795	1095568	1095662
8796	1095776	1095811
8797	1095915	1095946
8798	1095979	1096044
8799	1096084	1096097
8800	1096118	1096146
8801	1096161	1096217
8802	1096275	1096377
8803	1096442	1096484
8804	1096527	1096572
8805	1096626	1096680
8806	1096777	1096826
8807	1096928	1096955
8808	1097063	1097086
8809	1097105	1097139
8810	1097236	1097295
8811	1097316	1097417
8812	1097455	1097504
8813	1097557	1097606
8814	1097715	1097832
8815	1097904	1097996
8816	1098084	1098131
8817	1098160	1098205
8818	1098248	1098343
8819	1098411	1098459
8820	1098522	1098545
8821	1098590	1098683
8822	1098737	1098788
8823	1098846	1098947
8824	1099024	1099121
8825	1099144	1099245
8826	1099308	1099449
8827	1099504	1099606
8828	1099649	1099695
8829	1099734	1099755
8830	1099787	1099858
8831	1099894	1099987
8832	1100097	1100167
8833	1100177	1100219
8834	1100227	1100318
8835	1100364	1100394
8836	1100444	1100555
8837	1100635	1100720
8838	1100735	1100775
8839	1100805	1100935
8840	1101034	1101119
8841	1101209	1101366
8842	1101425	1101527
8843	1101594	1101656
8844	1101721	1101838
8845	1101897	1101987
8846	1102111	1102164
8847	1102225	1102258
8848	1102359	1102419
8849	1102476	1102587
8850	1102669	1102794
8851	1102815	1102843
8852	1102856	1102954
8853	1103020	1103081
8854	1103119	1103166
8855	1103238	1103279
8856	1103350	1103400
8857	1103443	1103531
8858	1103539	1103604
8859	1103713	1103791
8860	1103891	1103927
8861	1103989	1104121
8862	1104201	1104280
8863	1104294	1104443
8864	1104541	1104626
8865	1104714	1104742
8866	1104859	1104928
8867	1105040	1105073
8868	1105084	1105129
8869	1105199	1105317
8870	1105368	1105483
8871	1105523	1105529
8872	1105578	1105604
8873	1105635	1105712
8874	1105783	1105835
8875	1105878	1105885
8876	1105947	1105974
8877	1106050	1106141
8878	1106163	1106166
8879	1106172	1106264
8880	1106341	1106356
8881	1106454	1106557
8882	1106605	1106677
8883	1106760	1106837
8884	1106901	1107006
8885	1107099	1107175
8886	1107217	1107231
8887	1107309	1107361
8888	1107390	1107463
8889	1107576	1107635
8890	1107676	1107722
8891	1107774	1107805
8892	1107845	1107918
8893	1107955	1107978
8894	1108035	1108063
8895	1108158	1108211
8896	1108237	1108298
8897	1108365	1108439
8898	1108510	1108582
8899	1108711	1108817
8900	1108879	1108961
8901	1108969	1109088
8902	1109163	1109221
8903	1109255	1109295
8904	1109397	1109495
8905	1109509	1109603
8906	1109682	1109774
8907	1109835	1109935
8908	1110074	1110136
8909	1110221	1110237
8910	1110294	1110342
8911	1110430	1110441
8912	1110461	1110535
8913	1110573	1110692
8914	1110723	1110745
8915	1110900	1110966
8916	1111040	1111109
8917	1111173	1111229
8918	1111300	1111309
8919	1111362	1111457
8920	1111499	1111611
8921	1111688	1111783
8922	1111801	1111803
8923	1111884	1112004
8924	1112035	1112114
8925	1112182	1112220
8926	1112322	1112387
8927	1112468	1112493
8928	1112585	1112624
8929	1112671	1112797
8930	1112896	1112951
8931	1112965	1113049
8932	1113100	1113113
8933	1113127	1113152
8934	1113167	1113199
8935	1113303	1113365
8936	1113380	1113392
8937	1113502	1113569
8938	1113689	1113753
8939	1113785	1113799
8940	1113809	1113858
8941	1113907	1113959
8942	1114064	1114143
8943	1114192	1114256
8944	1114293	1114337
8945	1114444	1114479
8946	1114507	1114526
8947	1114602	1114641
8948	1114775	1114855
8949	1114924	1114961
8950	1115059	1115123
8951	1115182	1115238
8952	1115292	1115348
8953	1115396	1115494
8954	1115611	1115649
8955	1115732	1115886
8956	1115964	1115994
8957	1116104	1116235
8958	1116345	1116382
8959	1116429	1116439
8960	1116490	1116507
8961	1116568	1116591
8962	1116618	1116725
8963	1116767	1116830
8964	1116876	1116898
8965	1116999	1117029
8966	1117055	1117095
8967	1117242	1117369
8968	1117420	1117465
8969	1117586	1117608
8970	1117668	1117709
8971	1117754	1117818
8972	1117888	1117930
8973	1118059	1118093
8974	1118178	1118243
8975	1118363	1118396
8976	1118488	1118618
8977	1118689	1118772
8978	1118810	1118920
8979	1118954	1118985
8980	1119030	1119097
8981	1119143	1119180
8982	1119237	1119323
8983	1119364	1119450
8984	1119538	1119558
8985	1119675	1119708
8986	1119744	1119781
8987	1119895	1119963
8988	1120064	1120088
8989	1120162	1120211
8990	1120238	1120298
8991	1120383	1120428
8992	1120549	1120566
8993	1120596	1120638
8994	1120700	1120787
8995	1120853	1120928
8996	1121068	1121143
8997	1121156	1121213
8998	1121250	1121303
8999	1121392	1121446
9000	1121459	1121584
9001	1121705	1121833
9002	1121978	1122017
9003	1122096	1122172
9004	1122203	1122285
9005	1122327	1122434
9006	1122498	1122586
9007	1122692	1122792
9008	1122865	1122981
9009	1123034	1123155
9010	1123238	1123278
9011	1123288	1123313
9012	1123376	1123416
9013	1123521	1123545
9014	1123558	1123619
9015	1123697	1123722
9016	1123771	1123833
9017	1123962	1123985
9018	1124074	1124137
9019	1124159	1124247
9020	1124329	1124365
9021	1124402	1124412
9022	1124460	1124557
9023	1124647	1124757
9024	1124814	1124964
9025	1124990	1125074
9026	1125178	1125255
9027	1125367	1125432
9028	1125485	1125582
9029	1125629	1125700
9030	1125766	1125832
9031	1125856	1125913
9032	1126008	1126030
9033	1126041	1126073
9034	1126159	1126281
9035	1126316	1126393
9036	1126469	1126555
9037	1126662	1126713
9038	1126825	1126847
9039	1126883	1126940
9040	1126994	1127089
9041	1127129	1127211
9042	1127255	1127360
9043	1127430	1127472
9044	1127563	1127593
9045	1127740	1127776
9046	1127836	1127886
9047	1127917	1128052
9048	1128091	1128093
9049	1128149	1128191
9050	1128218	1128251
9051	1128292	1128317
9052	1128414	1128522
9053	1128567	1128603
9054	1128630	1128728
9055	1128778	1128846
9056	1128963	1129000
9057	1129035	1129059
9058	1129120	1129166
9059	1129234	1129276
9060	1129305	1129362
9061	1129393	1129432
9062	1129529	1129616
9063	1129622	1129649
9064	1129671	1129724
9065	1129749	1129781
9066	1129870	1129905
9067	1129948	1129981
9068	1130001	1130015
9069	1130108	1130156
9070	1130244	1130269
9071	1130332	1130402
9072	1130455	1130549
9073	1130636	1130662
9074	1130728	1130819
9075	1130835	1130908
9076	1130922	1130968
9077	1131095	1131097
9078	1131145	1131146
9079	1131249	1131285
9080	1131327	1131451
9081	1131528	1131571
9082	1131632	1131663
9083	1131783	1131902
9084	1132019	1132100
9085	1132247	1132297
9086	1132323	1132384
9087	1132448	1132471
9088	1132495	1132570
9089	1132679	1132763
9090	1132828	1132857
9091	1132874	1132984
9092	1133009	1133032
9093	1133135	1133261
9094	1133300	1133424
9095	1133483	1133557
9096	1133672	1133736
9097	1133846	1133977
9098	1134000	1134115
9099	1134156	1134193
9100	1134226	1134284
9101	1134342	1134374
9102	1134479	1134510
9103	1134587	1134623
9104	1134669	1134712
9105	1134778	1134861
9106	1134919	1134932
9107	1135024	1135082
9108	1135189	1135219
9109	1135372	1135403
9110	1135467	1135475
9111	1135490	1135507
9112	1135564	1135659
9113	1135684	1135757
9114	1135810	1135879
9115	1135945	1136036
9116	1136083	1136091
9117	1136136	1136196
9118	1136235	1136324
9119	1136404	1136445
9120	1136461	1136488
9121	1136645	1136716
9122	1136762	1136868
9123	1136901	1136969
9124	1137070	1137123
9125	1137183	1137241
9126	1137334	1137442
9127	1137576	1137590
9128	1137656	1137691
9129	1137716	1137816
9130	1137906	1137925
9131	1137953	1137972
9132	1138092	1138181
9133	1138246	1138348
9134	1138388	1138423
9135	1138491	1138659
9136	1138741	1138754
9137	1138763	1138770
9138	1138824	1138941
9139	1138969	1139034
9140	1139149	1139239
9141	1139310	1139352
9142	1139415	1139433
9143	1139480	1139578
9144	1139691	1139834
9145	1139898	1139916
9146	1139953	1140037
9147	1140147	1140185
9148	1140234	1140289
9149	1140407	1140423
9150	1140442	1140508
9151	1140590	1140684
9152	1140727	1140743
9153	1140807	1140972
9154	1141030	1141077
9155	1141161	1141276
9156	1141424	1141496
9157	1141533	1141588
9158	1141675	1141731
9159	1141780	1141840
9160	1141956	1142026
9161	1142111	1142188
9162	1142283	1142308
9163	1142375	1142397
9164	1142458	1142544
9165	1142588	1142704
9166	1142783	1142863
9167	1142909	1142960
9168	1143066	1143110
9169	1143183	1143214
9170	1143241	1143338
9171	1143357	1143435
9172	1143506	1143553
9173	1143612	1143733
9174	1143742	1143778
9175	1143822	1143890
9176	1143950	1143973
9177	1144049	1144113
9178	1144146	1144179
9179	1144220	1144278
9180	1144306	1144394
9181	1144520	1144571
9182	1144628	1144653
9183	1144706	1144753
9184	1144849	1144907
9185	1144987	1145033
9186	1145089	1145127
9187	1145152	1145258
9188	1145315	1145375
9189	1145425	1145456
9190	1145525	1145574
9191	1145663	1145764
9192	1145823	1145960
9193	1146003	1146097
9194	1146152	1146215
9195	1146354	1146425
9196	1146471	1146504
9197	1146560	1146586
9198	1146630	1146675
9199	1146715	1146832
9200	1146872	1146952
9201	1147008	1147034
9202	1147080	1147148
9203	1147230	1147326
9204	1147379	1147397
9205	1147463	1147590
9206	1147730	1147790
9207	1147876	1147955
9208	1147962	1148042
9209	1148108	1148141
9210	1148192	1148294
9211	1148295	1148425
9212	1148487	1148539
9213	1148587	1148696
9214	1148792	1148884
9215	1148901	1149018
9216	1149082	1149095
9217	1149159	1149269
9218	1149318	1149341
9219	1149378	1149462
9220	1149606	1149656
9221	1149695	1149745
9222	1149819	1149854
9223	1149896	1149985
9224	1150001	1150040
9225	1150052	1150060
9226	1150122	1150165
9227	1150223	1150255
9228	1150350	1150462
9229	1150505	1150545
9230	1150610	1150672
9231	1150706	1150825
9232	1150886	1150918
9233	1150933	1151018
9234	1151129	1151186
9235	1151232	1151325
9236	1151353	1151402
9237	1151514	1151572
9238	1151670	1151726
9239	1151808	1151840
9240	1151864	1151922
9241	1151959	1151981
9242	1152019	1152083
9243	1152120	1152220
9244	1152260	1152329
9245	1152344	1152420
9246	1152490	1152538
9247	1152586	1152682
9248	1152707	1152792
9249	1152831	1152862
9250	1152958	1153038
9251	1153094	1153164
9252	1153226	1153256
9253	1153314	1153341
9254	1153477	1153531
9255	1153643	1153673
9256	1153783	1153849
9257	1153877	1153951
9258	1154057	1154110
9259	1154123	1154243
9260	1154304	1154337
9261	1154438	1154462
9262	1154488	1154494
9263	1154508	1154610
9264	1154689	1154768
9265	1154912	1154958
9266	1154988	1155045
9267	1155105	1155123
9268	1155153	1155167
9269	1155195	1155224
9270	1155317	1155364
9271	1155422	1155470
9272	1155483	1155511
9273	1155564	1155661
9274	1155706	1155796
9275	1155830	1155977
9276	1156072	1156115
9277	1156138	1156192
9278	1156258	1156331
9279	1156357	1156394
9280	1156473	1156517
9281	1156628	1156718
9282	1156805	1156825
9283	1156874	1156913
9284	1157009	1157038
9285	1157055	1157097
9286	1157201	1157296
9287	1157362	1157388
9288	1157413	1157487
9289	1157521	1157557
9290	1157723	1157830
9291	1157851	1157976
9292	1158029	1158067
9293	1158161	1158181
9294	1158216	1158303
9295	1158361	1158392
9296	1158420	1158561
9297	1158593	1158655
9298	1158704	1158789
9299	1158881	1158953
9300	1158970	1159060
9301	1159102	1159145
9302	1159171	1159267
9303	1159304	1159322
9304	1159334	1159405
9305	1159460	1159492
9306	1159546	1159591
9307	1159662	1159706
9308	1159741	1159757
9309	1159807	1159869
9310	1159936	1160002
9311	1160028	1160154
9312	1160221	1160315
9313	1160390	1160423
9314	1160601	1160730
9315	1160771	1160856
9316	1160918	1160970
9317	1161112	1161182
9318	1161254	1161394
9319	1161453	1161503
9320	1161593	1161720
9321	1161803	1161816
9322	1161909	1161961
9323	1162106	1162152
9324	1162160	1162214
9325	1162260	1162306
9326	1162368	1162405
9327	1162433	1162451
9328	1162473	1162515
9329	1162573	1162619
9330	1162662	1162683
9331	1162709	1162782
9332	1162829	1162914
9333	1163003	1163071
9334	1163188	1163221
9335	1163299	1163425
9336	1163435	1163543
9337	1163646	1163709
9338	1163806	1163872
9339	1163908	1164049
9340	1164116	1164174
9341	1164290	1164360
9342	1164428	1164486
9343	1164549	1164604
9344	1164657	1164708
9345	1164772	1164806
9346	1164830	1164851
9347	1164880	1164907
9348	1165013	1165116
9349	1165141	1165221
9350	1165333	1165358
9351	1165373	1165391
9352	1165448	1165499
9353	1165649	1165713
9354	1165791	1165834
9355	1165847	1165863
9356	1165938	1165961
9357	1166079	1166173
9358	1166297	1166342
9359	1166392	1166483
9360	1166520	1166531
9361	1166649	1166700
9362	1166755	1166849
9363	1166883	1166909
9364	1166917	1166955
9365	1166996	1167044
9366	1167079	1167122
9367	1167132	1167145
9368	1167264	1167346
9369	1167391	1167445
9370	1167509	1167519
9371	1167525	1167573
9372	1167629	1167701
9373	1167722	1167743
9374	1167803	1167820
9375	1167875	1167921
9376	1167949	1167989
9377	1168038	1168112
9378	1168184	1168240
9379	1168270	1168304
9380	1168351	1168377
9381	1168510	1168524
9382	1168549	1168571
9383	1168598	1168651
9384	1168748	1168843
9385	1168873	1168926
9386	1168956	1169003
9387	1169101	1169160
9388	1169205	1169298
9389	1169316	1169365
9390	1169437	1169495
9391	1169528	1169575
9392	1169582	1169626
9393	1169726	1169767
9394	1169799	1169925
9395	1169998	1170013
9396	1170110	1170140
9397	1170282	1170355
9398	1170385	1170533
9399	1170589	1170614
9400	1170635	1170720
9401	1170781	1170848
9402	1170915	1171003
9403	1171087	1171161
9404	1171301	1171404
9405	1171421	1171471
9406	1171520	1171538
9407	1171597	1171684
9408	1171759	1171829
9409	1171919	1172003
9410	1172021	1172121
9411	1172233	1172261
9412	1172321	1172450
9413	1172524	1172578
9414	1172650	1172741
9415	1172868	1172883
9416	1172983	1173018
9417	1173095	1173156
9418	1173208	1173262
9419	1173344	1173400
9420	1173439	1173523
9421	1173538	1173578
9422	1173622	1173643
9423	1173779	1173823
9424	1173854	1173961
9425	1174015	1174113
9426	1174138	1174197
9427	1174248	1174376
9428	1174433	1174478
9429	1174526	1174580
9430	1174592	1174620
9431	1174706	1174736
9432	1174806	1174839
9433	1174925	1174982
9434	1175021	1175087
9435	1175124	1175256
9436	1175293	1175322
9437	1175450	1175476
9438	1175489	1175537
9439	1175648	1175733
9440	1175759	1175823
9441	1175836	1175901
9442	1176023	1176119
9443	1176202	1176322
9444	1176374	1176423
9445	1176455	1176508
9446	1176623	1176661
9447	1176776	1176913
9448	1177007	1177104
9449	1177138	1177199
9450	1177268	1177310
9451	1177349	1177377
9452	1177477	1177561
9453	1177587	1177652
9454	1177714	1177764
9455	1177831	1177921
9456	1177941	1178006
9457	1178061	1178117
9458	1178198	1178288
9459	1178409	1178469
9460	1178555	1178613
9461	1178630	1178733
9462	1178773	1178837
9463	1178901	1178945
9464	1178993	1179023
9465	1179056	1179139
9466	1179213	1179336
9467	1179416	1179536
9468	1179601	1179685
9469	1179766	1179800
9470	1179823	1179888
9471	1179906	1179916
9472	1180024	1180102
9473	1180182	1180285
9474	1180365	1180466
9475	1180564	1180588
9476	1180658	1180781
9477	1180886	1180949
9478	1181007	1181064
9479	1181201	1181310
9480	1181395	1181432
9481	1181486	1181550
9482	1181622	1181675
9483	1181733	1181823
9484	1181900	1181953
9485	1182003	1182047
9486	1182092	1182143
9487	1182245	1182259
9488	1182330	1182436
9489	1182477	1182591
9490	1182616	1182627
9491	1182674	1182683
9492	1182758	1182786
9493	1182832	1182860
9494	1182916	1182946
9495	1183003	1183059
9496	1183159	1183240
9497	1183309	1183355
9498	1183437	1183501
9499	1183512	1183578
9500	1183632	1183721
9501	1183751	1183759
9502	1183827	1183903
9503	1183958	1184022
9504	1184060	1184110
9505	1184176	1184195
9506	1184294	1184384
9507	1184488	1184594
9508	1184617	1184666
9509	1184708	1184801
9510	1184866	1184914
9511	1185035	1185085
9512	1185149	1185263
9513	1185292	1185353
9514	1185426	1185451
9515	1185471	1185571
9516	1185659	1185716
9517	1185782	1185894
9518	1185909	1185961
9519	1186030	1186084
9520	1186135	1186210
9521	1186333	1186392
9522	1186456	1186519
9523	1186556	1186619
9524	1186691	1186773
9525	1186862	1186873
9526	1186899	1186974
9527	1186985	1187066
9528	1187097	1187155
9529	1187217	1187348
9530	1187395	1187451
9531	1187487	1187580
9532	1187660	1187717
9533	1187737	1187748
9534	1187793	1187855
9535	1187879	1187927
9536	1187979	1188000
9537	1188091	1188148
9538	1188194	1188230
9539	1188250	1188264
9540	1188308	1188407
9541	1188514	1188588
9542	1188678	1188781
9543	1188882	1188932
9544	1189010	1189094
9545	1189167	1189229
9546	1189259	1189312
9547	1189372	1189373
9548	1189424	1189508
9549	1189589	1189601
9550	1189616	1189677
9551	1189720	1189749
9552	1189772	1189829
9553	1189907	1189986
9554	1190108	1190130
9555	1190162	1190174
9556	1190260	1190282
9557	1190294	1190405
9558	1190435	1190542
9559	1190647	1190759
9560	1190824	1190892
9561	1191012	1191097
9562	1191155	1191253
9563	1191342	1191489
9564	1191543	1191608
9565	1191635	1191662
9566	1191763	1191891
9567	1191979	1192077
9568	1192228	1192330
9569	1192352	1192406
9570	1192444	1192549
9571	1192614	1192662
9572	1192739	1192833
9573	1192997	1193019
9574	1193102	1193139
9575	1193149	1193193
9576	1193289	1193317
9577	1193369	1193382
9578	1193437	1193537
9579	1193572	1193622
9580	1193705	1193758
9581	1193817	1193926
9582	1193943	1193982
9583	1194059	1194101
9584	1194130	1194233
9585	1194350	1194421
9586	1194440	1194489
9587	1194557	1194596
9588	1194626	1194757
9589	1194825	1194879
9590	1194914	1195077
9591	1195101	1195185
9592	1195212	1195291
9593	1195310	1195347
9594	1195438	1195515
9595	1195551	1195667
9596	1195789	1195814
9597	1195901	1195960
9598	1196027	1196153
9599	1196177	1196264
9600	1196362	1196442
9601	1196514	1196553
9602	1196594	1196662
9603	1196761	1196826
9604	1196882	1196958
9605	1197008	1197118
9606	1197224	1197296
9607	1197350	1197365
9608	1197396	1197499
9609	1197560	1197589
9610	1197605	1197649
9611	1197720	1197728
9612	1197824	1197898
9613	1197924	1197956
9614	1198089	1198190
9615	1198285	1198379
9616	1198409	1198475
9617	1198549	1198591
9618	1198646	1198692
9619	1198779	1198854
9620	1198905	1199041
9621	1199067	1199138
9622	1199172	1199260
9623	1199330	1199383
9624	1199428	1199490
9625	1199506	1199554
9626	1199568	1199613
9627	1199672	1199715
9628	1199829	1199852
9629	1199889	1199967
9630	1199981	1200024
9631	1200085	1200192
9632	1200286	1200400
9633	1200530	1200581
9634	1200599	1200660
9635	1200671	1200732
9636	1200802	1200889
9637	1200939	1200977
9638	1201014	1201105
9639	1201158	1201280
9640	1201314	1201350
9641	1201390	1201434
9642	1201559	1201569
9643	1201634	1201782
9644	1201809	1201821
9645	1201847	1201912
9646	1201987	1202051
9647	1202161	1202235
9648	1202340	1202388
9649	1202539	1202642
9650	1202734	1202742
9651	1202760	1202806
9652	1202825	1202855
9653	1202905	1202940
9654	1203028	1203043
9655	1203082	1203133
9656	1203204	1203225
9657	1203271	1203336
9658	1203383	1203405
9659	1203476	1203605
9660	1203616	1203663
9661	1203775	1203868
9662	1203999	1204132
9663	1204142	1204196
9664	1204251	1204309
9665	1204340	1204440
9666	1204459	1204539
9667	1204673	1204769
9668	1204835	1204886
9669	1204900	1204951
9670	1204994	1205010
9671	1205119	1205154
9672	1205208	1205241
9673	1205320	1205407
9674	1205432	1205557
9675	1205614	1205666
9676	1205775	1205821
9677	1205918	1205979
9678	1206063	1206168
9679	1206266	1206344
9680	1206383	1206456
9681	1206506	1206545
9682	1206572	1206658
9683	1206762	1206875
9684	1206917	1206933
9685	1206984	1207065
9686	1207146	1207218
9687	1207325	1207433
9688	1207512	1207572
9689	1207601	1207702
9690	1207781	1207842
9691	1207855	1207896
9692	1208009	1208125
9693	1208226	1208251
9694	1208306	1208350
9695	1208387	1208463
9696	1208520	1208568
9697	1208680	1208729
9698	1208752	1208795
9699	1208842	1208922
9700	1209015	1209087
9701	1209200	1209211
9702	1209256	1209288
9703	1209331	1209366
9704	1209400	1209498
9705	1209531	1209549
9706	1209621	1209706
9707	1209722	1209772
9708	1209854	1209949
9709	1209972	1210032
9710	1210102	1210170
9711	1210198	1210209
9712	1210277	1210292
9713	1210383	1210442
9714	1210551	1210643
9715	1210735	1210805
9716	1210891	1210944
9717	1210979	1211071
9718	1211181	1211194
9719	1211242	1211288
9720	1211331	1211435
9721	1211496	1211543
9722	1211646	1211729
9723	1211815	1211854
9724	1211969	1212064
9725	1212179	1212214
9726	1212242	1212265
9727	1212342	1212397
9728	1212420	1212504
9729	1212585	1212645
9730	1212714	1212743
9731	1212778	1212798
9732	1212823	1212919
9733	1212999	1213018
9734	1213031	1213080
9735	1213098	1213138
9736	1213169	1213305
9737	1213377	1213429
9738	1213524	1213563
9739	1213632	1213694
9740	1213736	1213833
9741	1213917	1214000
9742	1214027	1214102
9743	1214131	1214172
9744	1214193	1214216
9745	1214268	1214284
9746	1214319	1214376
9747	1214481	1214513
9748	1214582	1214633
9749	1214693	1214788
9750	1214875	1214962
9751	1215003	1215057
9752	1215080	1215093
9753	1215149	1215234
9754	1215351	1215364
9755	1215470	1215498
9756	1215534	1215549
9757	1215668	1215750
9758	1215809	1215887
9759	1215939	1216059
9760	1216084	1216150
9761	1216236	1216314
9762	1216353	1216468
9763	1216523	1216614
9764	1216665	1216751
9765	1216772	1216831
9766	1216869	1216962
9767	1217033	1217079
9768	1217145	1217233
9769	1217308	1217360
9770	1217445	1217483
9771	1217597	1217694
9772	1217807	1217907
9773	1217930	1218046
9774	1218121	1218143
9775	1218197	1218264
9776	1218329	1218394
9777	1218433	1218582
9778	1218635	1218700
9779	1218810	1218915
9780	1219009	1219016
9781	1219123	1219167
9782	1219217	1219267
9783	1219339	1219376
9784	1219486	1219616
9785	1219689	1219782
9786	1219904	1219987
9787	1220032	1220064
9788	1220096	1220121
9789	1220141	1220226
9790	1220282	1220317
9791	1220340	1220347
9792	1220448	1220551
9793	1220590	1220635
9794	1220698	1220779
9795	1220836	1220931
9796	1221009	1221026
9797	1221137	1221200
9798	1221234	1221368
9799	1221502	1221525
9800	1221594	1221660
9801	1221718	1221782
9802	1221801	1221809
9803	1221884	1221909
9804	1221953	1222002
9805	1222071	1222158
9806	1222268	1222318
9807	1222383	1222434
9808	1222451	1222505
9809	1222581	1222654
9810	1222768	1222843
9811	1222873	1222960
9812	1223005	1223095
9813	1223164	1223207
9814	1223276	1223363
9815	1223410	1223537
9816	1223602	1223652
9817	1223695	1223706
9818	1223712	1223799
9819	1223852	1223914
9820	1223980	1224002
9821	1224062	1224073
9822	1224119	1224221
9823	1224315	1224342
9824	1224379	1224496
9825	1224552	1224566
9826	1224661	1224747
9827	1224826	1224838
9828	1224932	1224983
9829	1225130	1225165
9830	1225291	1225352
9831	1225366	1225379
9832	1225426	1225534
9833	1225631	1225646
9834	1225685	1225799
9835	1225848	1225908
9836	1226007	1226088
9837	1226171	1226193
9838	1226323	1226386
9839	1226460	1226476
9840	1226550	1226629
9841	1226648	1226711
9842	1226770	1226790
9843	1226806	1226838
9844	1226902	1226992
9845	1227054	1227121
9846	1227207	1227289
9847	1227363	1227421
9848	1227475	1227503
9849	1227529	1227561
9850	1227580	1227613
9851	1227694	1227750
9852	1227822	1227899
9853	1227942	1227969
9854	1227987	1228049
9855	1228059	1228088
9856	1228191	1228239
9857	1228290	1228374
9858	1228415	1228475
9859	1228570	1228622
9860	1228660	1228776
9861	1228822	1228943
9862	1229032	1229051
9863	1229119	1229172
9864	1229240	1229276
9865	1229309	1229370
9866	1229407	1229460
9867	1229471	1229564
9868	1229650	1229743
9869	1229813	1229902
9870	1229983	1230031
9871	1230140	1230147
9872	1230164	1230271
9873	1230429	1230514
9874	1230601	1230718
9875	1230756	1230877
9876	1231027	1231040
9877	1231150	1231216
9878	1231261	1231403
9879	1231498	1231576
9880	1231599	1231702
9881	1231743	1231785
9882	1231870	1232001
9883	1232017	1232064
9884	1232142	1232237
9885	1232289	1232421
9886	1232509	1232545
9887	1232548	1232597
9888	1232620	1232673
9889	1232747	1232823
9890	1232893	1232996
9891	1233025	1233090
9892	1233103	1233113
9893	1233169	1233216
9894	1233293	1233353
9895	1233378	1233445
9896	1233502	1233653
9897	1233694	1233717
9898	1233852	1233886
9899	1233903	1233936
9900	1233981	1234035
9901	1234051	1234097
9902	1234158	1234187
9903	1234312	1234401
9904	1234520	1234634
9905	1234707	1234762
9906	1234784	1234849
9907	1234917	1234946
9908	1234992	1235018
9909	1235044	1235092
9910	1235099	1235216
9911	1235287	1235361
9912	1235375	1235388
9913	1235443	1235478
9914	1235531	1235627
9915	1235693	1235778
9916	1235827	1235930
9917	1236038	1236132
9918	1236168	1236227
9919	1236233	1236269
9920	1236286	1236407
9921	1236470	1236537
9922	1236594	1236620
9923	1236701	1236769
9924	1236849	1236919
9925	1236953	1237037
9926	1237104	1237198
9927	1237224	1237311
9928	1237433	1237488
9929	1237534	1237565
9930	1237617	1237668
9931	1237736	1237744
9932	1237789	1237815
9933	1237844	1237904
9934	1238039	1238114
9935	1238176	1238226
9936	1238245	1238296
9937	1238310	1238380
9938	1238465	1238516
9939	1238529	1238621
9940	1238666	1238745
9941	1238758	1238844
9942	1238887	1238902
9943	1238937	1239005
9944	1239017	1239076
9945	1239157	1239241
9946	1239347	1239466
9947	1239523	1239539
9948	1239594	1239666
9949	1239690	1239720
9950	1239748	1239830
9951	1239875	1239949
9952	1240020	1240048
9953	1240091	1240150
9954	1240187	1240237
9955	1240325	1240407
9956	1240503	1240523
9957	1240567	1240607
9958	1240706	1240738
9959	1240787	1240843
9960	1240887	1240950
9961	1241026	1241112
9962	1241150	1241209
9963	1241264	1241371
9964	1241477	1241581
9965	1241659	1241680
9966	1241689	1241796
9967	1241857	1241863
9968	1241930	1241940
9969	1241990	1242008
9970	1242120	1242136
9971	1242190	1242286
9972	1242338	1242364
9973	1242401	1242452
9974	1242525	1242656
9975	1242681	1242731
9976	1242769	1242799
9977	1242839	1242930
9978	1242942	1243006
9979	1243094	1243179
9980	1243242	1243278
9981	1243368	1243395
9982	1243468	1243527
9983	1243601	1243654
9984	1243696	1243733
9985	1243789	1243834
9986	1243870	1243887
9987	1243918	1243939
9988	1244049	1244176
9989	1244204	1244344
9990	1244443	1244529
9991	1244564	1244588
9992	1244719	1244749
9993	1244839	1244899
9994	1244925	1244980
9995	1245116	1245218
9996	1245322	1245403
9997	1245471	1245530
9998	1245558	1245565
9999	1245641	1245657
10000	1245703	1245730
10001	1245805	1245830
10002	1245902	1245938
10003	1246034	1246052
10004	1246079	1246149
10005	1246164	1246172
10006	1246225	1246342
10007	1246431	1246557
10008	1246593	1246610
10009	1246691	1246792
10010	1246894	1247013
10011	1247113	1247180
10012	1247260	1247311
10013	1247327	1247407
10014	1247437	1247468
10015	1247500	1247546
10016	1247696	1247703
10017	1247796	1247874
10018	1247973	1248023
10019	1248129	1248154
10020	1248243	1248328
10021	1248381	1248478
10022	1248564	1248615
10023	1248665	1248711
10024	1248735	1248776
10025	1248837	1248912
10026	1248951	1249062
10027	1249135	1249152
10028	1249231	1249284
10029	1249408	1249485
10030	1249550	1249622
10031	1249716	1249842
10032	1249887	1249932
10033	1249996	1250129
10034	1250198	1250257
10035	1250286	1250323
10036	1250419	1250457
10037	1250538	1250635
10038	1250718	1250829
10039	1250871	1250959
10040	1251037	1251126
10041	1251202	1251237
10042	1251272	1251294
10043	1251386	1251397
10044	1251399	1251471
10045	1251491	1251522
10046	1251660	1251767
10047	1251859	1251904
10048	1252021	1252096
10049	1252180	1252277
10050	1252348	1252432
10051	1252487	1252488
10052	1252576	1252612
10053	1252636	1252755
10054	1252794	1252895
10055	1252961	1252974
10056	1253035	1253118
10057	1253170	1253275
10058	1253348	1253399
10059	1253426	1253498
10060	1253524	1253622
10061	1253686	1253803
10062	1253824	1253852
10063	1253911	1254021
10064	1254148	1254239
10065	1254246	1254298
10066	1254353	1254381
10067	1254494	1254545
10068	1254643	1254655
10069	1254712	1254723
10070	1254849	1254926
10071	1254956	1255116
10072	1255143	1255259
10073	1255283	1255366
10074	1255410	1255530
10075	1255626	1255701
10076	1255776	1255820
10077	1255908	1255953
10078	1256003	1256060
10079	1256154	1256171
10080	1256304	1256397
10081	1256485	1256541
10082	1256631	1256722
10083	1256813	1256875
10084	1256899	1256953
10085	1257035	1257083
10086	1257167	1257239
10087	1257322	1257367
10088	1257460	1257471
10089	1257507	1257587
10090	1257600	1257728
10091	1257760	1257805
10092	1257815	1257833
10093	1257852	1257916
10094	1257998	1258110
10095	1258212	1258226
10096	1258281	1258304
10097	1258330	1258369
10098	1258405	1258455
10099	1258593	1258610
10100	1258640	1258719
10101	1258761	1258840
10102	1258878	1258926
10103	1259003	1259105
10104	1259214	1259343
10105	1259363	1259491
10106	1259532	1259594
10107	1259672	1259716
10108	1259792	1259924
10109	1259966	1260038
10110	1260083	1260147
10111	1260192	1260255
10112	1260289	1260365
10113	1260405	1260484
10114	1260597	1260724
10115	1260837	1260966
10116	1260990	1261036
10117	1261065	1261075
10118	1261130	1261178
10119	1261285	1261362
10120	1261418	1261471
10121	1261516	1261544
10122	1261604	1261663
10123	1261718	1261793
10124	1261876	1261968
10125	1262035	1262146
10126	1262185	1262289
10127	1262315	1262381
10128	1262442	1262558
10129	1262589	1262615
10130	1262712	1262733
10131	1262794	1262845
10132	1262881	1262976
10133	1263056	1263153
10134	1263255	1263297
10135	1263435	1263542
10136	1263611	1263685
10137	1263713	1263757
10138	1263784	1263801
10139	1263900	1263913
10140	1264006	1264064
10141	1264112	1264179
10142	1264232	1264353
10143	1264428	1264490
10144	1264583	1264655
10145	1264727	1264818
10146	1264828	1264925
10147	1265000	1265050
10148	1265069	1265135
10149	1265196	1265326
10150	1265430	1265486
10151	1265543	1265605
10152	1265710	1265814
10153	1265847	1265911
10154	1265992	1266056
10155	1266099	1266131
10156	1266202	1266296
10157	1266408	1266437
10158	1266468	1266507
10159	1266570	1266599
10160	1266647	1266710
10161	1266829	1266890
10162	1266915	1267030
10163	1267113	1267199
10164	1267305	1267341
10165	1267373	1267459
10166	1267503	1267528
10167	1267581	1267596
10168	1267696	1267826
10169	1267896	1267997
10170	1268103	1268150
10171	1268171	1268215
10172	1268275	1268383
10173	1268422	1268509
10174	1268616	1268659
10175	1268746	1268875
10176	1268935	1269030
10177	1269071	1269191
10178	1269270	1269345
10179	1269390	1269419
10180	1269504	1269548
10181	1269576	1269664
10182	1269798	1269850
10183	1269896	1269918
10184	1269970	1270018
10185	1270095	1270187
10186	1270236	1270297
10187	1270332	1270375
10188	1270443	1270479
10189	1270621	1270637
10190	1270644	1270710
10191	1270776	1270817
10192	1270874	1270898
10193	1270931	1271017
10194	1271056	1271104
10195	1271182	1271207
10196	1271229	1271368
10197	1271417	1271483
10198	1271542	1271626
10199	1271671	1271784
10200	1271879	1271975
10201	1272031	1272181
10202	1272219	1272324
10203	1272408	1272494
10204	1272533	1272550
10205	1272607	1272615
10206	1272706	1272766
10207	1272823	1272874
10208	1272972	1273053
10209	1273098	1273142
10210	1273265	1273303
10211	1273379	1273462
10212	1273519	1273644
10213	1273674	1273705
10214	1273750	1273790
10215	1273846	1273864
10216	1273880	1273965
10217	1273972	1274006
10218	1274058	1274104
10219	1274146	1274221
10220	1274277	1274303
10221	1274364	1274419
10222	1274506	1274619
10223	1274633	1274700
10224	1274718	1274752
10225	1274780	1274812
10226	1274916	1274947
10227	1274963	1275113
10228	1275174	1275275
10229	1275338	1275410
10230	1275501	1275584
10231	1275675	1275713
10232	1275825	1275856
10233	1275935	1275963
10234	1276108	1276145
10235	1276254	1276288
10236	1276336	1276409
10237	1276513	1276557
10238	1276568	1276642
10239	1276667	1276727
10240	1276810	1276877
10241	1276897	1276943
10242	1276966	1277077
10243	1277149	1277230
10244	1277294	1277334
10245	1277407	1277477
10246	1277489	1277534
10247	1277562	1277580
10248	1277642	1277671
10249	1277719	1277785
10250	1277865	1277940
10251	1278015	1278046
10252	1278072	1278113
10253	1278150	1278252
10254	1278359	1278442
10255	1278476	1278517
10256	1278602	1278648
10257	1278668	1278750
10258	1278812	1278827
10259	1278941	1279064
10260	1279100	1279152
10261	1279228	1279270
10262	1279290	1279343
10263	1279414	1279568
10264	1279596	1279704
10265	1279793	1279821
10266	1279867	1279892
10267	1279932	1280034
10268	1280085	1280100
10269	1280114	1280131
10270	1280205	1280225
10271	1280297	1280313
10272	1280353	1280451
10273	1280543	1280583
10274	1280637	1280708
10275	1280754	1280834
10276	1280933	1281042
10277	1281167	1281229
10278	1281353	1281412
10279	1281440	1281475
10280	1281572	1281662
10281	1281809	1281906
10282	1282001	1282010
10283	1282155	1282191
10284	1282254	1282370
10285	1282385	1282418
10286	1282480	1282543
10287	1282589	1282663
10288	1282695	1282814
10289	1282869	1282911
10290	1283006	1283039
10291	1283115	1283266
10292	1283339	1283416
10293	1283489	1283521
10294	1283562	1283602
10295	1283619	1283733
10296	1283757	1283805
10297	1283830	1283858
10298	1283883	1283946
10299	1284025	1284057
10300	1284098	1284174
10301	1284182	1284206
10302	1284253	1284295
10303	1284335	1284417
10304	1284519	1284570
10305	1284615	1284687
10306	1284772	1284801
10307	1284840	1284926
10308	1284951	1285013
10309	1285138	1285171
10310	1285278	1285295
10311	1285394	1285434
10312	1285466	1285560
10313	1285653	1285691
10314	1285736	1285775
10315	1285871	1285902
10316	1285940	1286012
10317	1286079	1286128
10318	1286193	1286273
10319	1286303	1286344
10320	1286422	1286451
10321	1286499	1286545
10322	1286627	1286674
10323	1286698	1286753
10324	1286827	1286852
10325	1286898	1286922
10326	1287022	1287057
10327	1287156	1287183
10328	1287197	1287262
10329	1287276	1287380
10330	1287428	1287498
10331	1287545	1287648
10332	1287695	1287742
10333	1287786	1287797
10334	1287877	1287981
10335	1288037	1288097
10336	1288179	1288186
10337	1288274	1288327
10338	1288408	1288507
10339	1288540	1288571
10340	1288659	1288704
10341	1288743	1288814
10342	1288868	1288986
10343	1289037	1289129
10344	1289151	1289241
10345	1289268	1289350
10346	1289381	1289397
10347	1289474	1289597
10348	1289721	1289786
10349	1289907	1289977
10350	1290037	1290123
10351	1290215	1290320
10352	1290366	1290436
10353	1290495	1290535
10354	1290583	1290695
10355	1290753	1290768
10356	1290789	1290863
10357	1290903	1290988
10358	1291036	1291086
10359	1291131	1291171
10360	1291313	1291338
10361	1291406	1291525
10362	1291614	1291652
10363	1291688	1291752
10364	1291780	1291813
10365	1291927	1292058
10366	1292161	1292216
10367	1292294	1292353
10368	1292421	1292444
10369	1292467	1292535
10370	1292603	1292675
10371	1292715	1292771
10372	1292865	1292900
10373	1292955	1292971
10374	1292998	1293032
10375	1293055	1293152
10376	1293201	1293213
10377	1293246	1293361
10378	1293471	1293634
10379	1293660	1293723
10380	1293745	1293821
10381	1293867	1293921
10382	1293954	1294062
10383	1294107	1294221
10384	1294342	1294438
10385	1294465	1294492
10386	1294579	1294616
10387	1294720	1294807
10388	1294864	1294923
10389	1294952	1295025
10390	1295140	1295181
10391	1295243	1295317
10392	1295353	1295382
10393	1295416	1295502
10394	1295596	1295634
10395	1295663	1295724
10396	1295769	1295805
10397	1295937	1296006
10398	1296033	1296086
10399	1296134	1296143
10400	1296235	1296332
10401	1296401	1296441
10402	1296494	1296512
10403	1296573	1296598
10404	1296620	1296698
10405	1296762	1296775
10406	1296823	1296898
10407	1296927	1296981
10408	1297063	1297150
10409	1297237	1297333
10410	1297383	1297485
10411	1297540	1297635
10412	1297691	1297765
10413	1297823	1297841
10414	1297920	1297985
10415	1298002	1298068
10416	1298107	1298225
10417	1298308	1298339
10418	1298365	1298379
10419	1298422	1298467
10420	1298568	1298650
10421	1298684	1298754
10422	1298795	1298856
10423	1298951	1298970
10424	1299025	1299058
10425	1299099	1299111
10426	1299153	1299212
10427	1299291	1299297
10428	1299332	1299370
10429	1299434	1299440
10430	1299523	1299553
10431	1299623	1299689
10432	1299734	1299753
10433	1299830	1299882
10434	1299903	1299922
10435	1299983	1300092
10436	1300124	1300257
10437	1300307	1300365
10438	1300396	1300489
10439	1300598	1300666
10440	1300729	1300783
10441	1300898	1300986
10442	1301018	1301027
10443	1301086	1301099
10444	1301159	1301265
10445	1301304	1301373
10446	1301420	1301511
10447	1301619	1301721
10448	1301790	1301926
10449	1301995	1302069
10450	1302101	1302148
10451	1302264	1302390
10452	1302443	1302525
10453	1302567	1302593
10454	1302641	1302716
10455	1302731	1302794
10456	1302866	1302887
10457	1302964	1303100
10458	1303187	1303199
10459	1303230	1303333
10460	1303397	1303450
10461	1303534	1303569
10462	1303584	1303651
10463	1303715	1303768
10464	1303872	1303892
10465	1303910	1303977
10466	1304069	1304156
10467	1304265	1304358
10468	1304417	1304441
10469	1304479	1304562
10470	1304689	1304723
10471	1304837	1304905
10472	1304924	1305000
10473	1305106	1305193
10474	1305235	1305328
10475	1305376	1305385
10476	1305442	1305491
10477	1305537	1305622
10478	1305656	1305700
10479	1305744	1305795
10480	1305844	1305884
10481	1305974	1306099
10482	1306130	1306174
10483	1306277	1306287
10484	1306378	1306487
10485	1306527	1306590
10486	1306665	1306724
10487	1306827	1306925
10488	1307077	1307182
10489	1307224	1307268
10490	1307387	1307430
10491	1307500	1307511
10492	1307562	1307583
10493	1307650	1307779
10494	1307851	1307949
10495	1308043	1308085
10496	1308134	1308204
10497	1308250	1308299
10498	1308315	1308331
10499	1308464	1308520
10500	1308625	1308645
10501	1308729	1308774
10502	1308868	1308915
10503	1308937	1308981
10504	1309035	1309088
10505	1309125	1309172
10506	1309272	1309334
10507	1309410	1309430
10508	1309498	1309591
10509	1309615	1309691
10510	1309799	1309851
10511	1309866	1309939
10512	1309982	1310073
10513	1310154	1310254
10514	1310297	1310362
10515	1310454	1310591
10516	1310638	1310804
10517	1310812	1310899
10518	1310936	1310970
10519	1311013	1311054
10520	1311066	1311108
10521	1311139	1311260
10522	1311294	1311427
10523	1311533	1311640
10524	1311707	1311729
10525	1311756	1311778
10526	1311827	1311979
10527	1312030	1312107
10528	1312232	1312296
10529	1312356	1312430
10530	1312497	1312538
10531	1312607	1312663
10532	1312716	1312738
10533	1312777	1312846
10534	1312847	1312932
10535	1312983	1313100
10536	1313132	1313222
10537	1313289	1313328
10538	1313343	1313431
10539	1313453	1313507
10540	1313578	1313684
10541	1313775	1313797
10542	1313820	1313847
10543	1313888	1313950
10544	1314029	1314086
10545	1314111	1314183
10546	1314255	1314327
10547	1314352	1314387
10548	1314544	1314634
10549	1314740	1314800
10550	1314888	1314927
10551	1315023	1315050
10552	1315061	1315088
10553	1315100	1315142
10554	1315164	1315263
10555	1315289	1315359
10556	1315390	1315494
10557	1315558	1315714
10558	1315747	1315813
10559	1315856	1315869
10560	1315990	1316034
10561	1316062	1316080
10562	1316136	1316202
10563	1316230	1316343
10564	1316362	1316386
10565	1316455	1316529
10566	1316597	1316688
10567	1316717	1316815
10568	1316886	1316911
10569	1317011	1317115
10570	1317210	1317252
10571	1317308	1317358
10572	1317403	1317515
10573	1317551	1317644
10574	1317741	1317760
10575	1317824	1317933
10576	1317997	1318034
10577	1318062	1318119
10578	1318269	1318353
10579	1318359	1318452
10580	1318537	1318553
10581	1318596	1318693
10582	1318701	1318746
10583	1318795	1318835
10584	1318850	1318898
10585	1319017	1319080
10586	1319169	1319256
10587	1319364	1319437
10588	1319518	1319637
10589	1319663	1319790
10590	1319835	1319923
10591	1319962	1320105
10592	1320149	1320229
10593	1320240	1320320
10594	1320394	1320522
10595	1320627	1320683
10596	1320767	1320781
10597	1320826	1320923
10598	1320972	1320996
10599	1321004	1321083
10600	1321090	1321222
10601	1321331	1321423
10602	1321486	1321515
10603	1321593	1321671
10604	1321706	1321739
10605	1321757	1321842
10606	1321932	1322013
10607	1322082	1322144
10608	1322160	1322237
10609	1322307	1322326
10610	1322408	1322437
10611	1322529	1322566
10612	1322637	1322701
10613	1322781	1322822
10614	1322854	1322918
10615	1322955	1323035
10616	1323095	1323133
10617	1323205	1323295
10618	1323409	1323476
10619	1323544	1323593
10620	1323679	1323713
10621	1323786	1323828
10622	1323907	1323944
10623	1323973	1324004
10624	1324057	1324079
10625	1324239	1324307
10626	1324401	1324419
10627	1324519	1324588
10628	1324597	1324644
10629	1324698	1324739
10630	1324808	1324931
10631	1325005	1325044
10632	1325056	1325173
10633	1325219	1325260
10634	1325317	1325448
10635	1325546	1325643
10636	1325789	1325843
10637	1325881	1325987
10638	1326038	1326075
10639	1326165	1326190
10640	1326228	1326322
10641	1326427	1326499
10642	1326553	1326583
10643	1326600	1326673
10644	1326740	1326851
10645	1326964	1326975
10646	1327032	1327111
10647	1327239	1327262
10648	1327270	1327318
10649	1327368	1327418
10650	1327462	1327475
10651	1327515	1327639
10652	1327697	1327781
10653	1327836	1327852
10654	1327912	1327961
10655	1328005	1328031
10656	1328091	1328171
10657	1328178	1328275
10658	1328323	1328357
10659	1328427	1328448
10660	1328536	1328579
10661	1328648	1328688
10662	1328708	1328799
10663	1328859	1328927
10664	1328975	1329074
10665	1329142	1329197
10666	1329234	1329280
10667	1329356	1329444
10668	1329514	1329597
10669	1329653	1329725
10670	1329752	1329832
10671	1329869	1329902
10672	1330060	1330121
10673	1330173	1330279
10674	1330326	1330401
10675	1330417	1330510
10676	1330539	1330557
10677	1330598	1330724
10678	1330800	1330847
10679	1330944	1331027
10680	1331080	1331154
10681	1331164	1331179
10682	1331252	1331290
10683	1331367	1331417
10684	1331547	1331627
10685	1331719	1331808
10686	1331860	1331871
10687	1331946	1332037
10688	1332157	1332190
10689	1332249	1332333
10690	1332418	1332482
10691	1332510	1332530
10692	1332642	1332709
10693	1332749	1332788
10694	1332824	1332908
10695	1332947	1333021
10696	1333105	1333167
10697	1333241	1333340
10698	1333394	1333455
10699	1333510	1333519
10700	1333597	1333706
10701	1333726	1333814
10702	1333846	1333885
10703	1334030	1334090
10704	1334133	1334207
10705	1334228	1334316
10706	1334367	1334424
10707	1334471	1334485
10708	1334508	1334549
10709	1334623	1334669
10710	1334728	1334781
10711	1334844	1334884
10712	1334933	1335050
10713	1335121	1335176
10714	1335261	1335313
10715	1335376	1335466
10716	1335537	1335575
10717	1335603	1335613
10718	1335642	1335703
10719	1335735	1335791
10720	1335885	1335917
10721	1335994	1336042
10722	1336057	1336215
10723	1336221	1336329
10724	1336420	1336538
10725	1336652	1336675
10726	1336724	1336769
10727	1336858	1336925
10728	1336958	1337089
10729	1337148	1337260
10730	1337317	1337393
10731	1337412	1337470
10732	1337502	1337575
10733	1337608	1337640
10734	1337742	1337780
10735	1337895	1337913
10736	1337968	1338032
10737	1338116	1338208
10738	1338279	1338317
10739	1338389	1338423
10740	1338467	1338588
10741	1338600	1338713
10742	1338720	1338807
10743	1338892	1338979
10744	1339022	1339067
10745	1339092	1339125
10746	1339167	1339194
10747	1339236	1339296
10748	1339324	1339427
10749	1339514	1339536
10750	1339585	1339605
10751	1339650	1339711
10752	1339732	1339776
10753	1339822	1339941
10754	1339980	1340077
10755	1340180	1340192
10756	1340238	1340270
10757	1340371	1340462
10758	1340531	1340668
10759	1340774	1340812
10760	1340901	1341013
10761	1341067	1341156
10762	1341204	1341310
10763	1341344	1341381
10764	1341387	1341408
10765	1341467	1341547
10766	1341572	1341647
10767	1341682	1341716
10768	1341738	1341757
10769	1341789	1341857
10770	1341921	1341949
10771	1341987	1342013
10772	1342121	1342235
10773	1342320	1342359
10774	1342430	1342466
10775	1342509	1342578
10776	1342665	1342750
10777	1342783	1342823
10778	1342945	1343022
10779	1343070	1343141
10780	1343246	1343334
10781	1343431	1343470
10782	1343546	1343652
10783	1343731	1343819
10784	1343872	1343925
10785	1343962	1344009
10786	1344026	1344039
10787	1344088	1344173
10788	1344219	1344276
10789	1344325	1344449
10790	1344499	1344601
10791	1344674	1344697
10792	1344821	1344903
10793	1344971	1344989
10794	1345054	1345092
10795	1345103	1345134
10796	1345176	1345263
10797	1345340	1345367
10798	1345403	1345452
10799	1345531	1345624
10800	1345713	1345734
10801	1345762	1345825
10802	1345848	1345881
10803	1345928	1345970
10804	1346053	1346083
10805	1346195	1346241
10806	1346308	1346384
10807	1346490	1346604
10808	1346633	1346679
10809	1346833	1346878
10810	1346941	1347021
10811	1347124	1347250
10812	1347319	1347410
10813	1347459	1347567
10814	1347648	1347705
10815	1347812	1347885
10816	1347936	1347972
10817	1348019	1348072
10818	1348117	1348161
10819	1348238	1348342
10820	1348363	1348386
10821	1348399	1348478
10822	1348499	1348509
10823	1348549	1348599
10824	1348647	1348745
10825	1348760	1348834
10826	1348923	1348995
10827	1349026	1349071
10828	1349146	1349202
10829	1349234	1349286
10830	1349417	1349489
10831	1349514	1349579
10832	1349670	1349752
10833	1349819	1349820
10834	1349908	1350001
10835	1350024	1350097
10836	1350153	1350209
10837	1350256	1350305
10838	1350343	1350376
10839	1350478	1350490
10840	1350515	1350571
10841	1350591	1350645
10842	1350710	1350718
10843	1350787	1350893
10844	1351013	1351105
10845	1351136	1351166
10846	1351243	1351298
10847	1351308	1351402
10848	1351409	1351454
10849	1351547	1351587
10850	1351637	1351744
10851	1351858	1351987
10852	1352063	1352188
10853	1352303	1352391
10854	1352421	1352484
10855	1352597	1352645
10856	1352750	1352827
10857	1352862	1352881
10858	1352893	1352960
10859	1353036	1353083
10860	1353137	1353222
10861	1353236	1353365
10862	1353390	1353397
10863	1353504	1353560
10864	1353639	1353729
10865	1353756	1353859
10866	1353941	1353953
10867	1353984	1354069
10868	1354120	1354148
10869	1354198	1354224
10870	1354263	1354304
10871	1354346	1354376
10872	1354449	1354494
10873	1354537	1354630
10874	1354712	1354739
10875	1354855	1354956
10876	1355017	1355053
10877	1355133	1355174
10878	1355249	1355348
10879	1355382	1355429
10880	1355479	1355509
10881	1355594	1355712
10882	1355734	1355845
10883	1355963	1356081
10884	1356111	1356139
10885	1356236	1356311
10886	1356348	1356422
10887	1356451	1356478
10888	1356501	1356599
10889	1356664	1356780
10890	1356810	1356878
10891	1356956	1357013
10892	1357066	1357104
10893	1357147	1357148
10894	1357187	1357243
10895	1357249	1357331
10896	1357417	1357509
10897	1357617	1357684
10898	1357737	1357815
10899	1357887	1357968
10900	1358011	1358054
10901	1358073	1358204
10902	1358274	1358321
10903	1358405	1358434
10904	1358480	1358490
10905	1358541	1358564
10906	1358585	1358657
10907	1358696	1358791
10908	1358878	1358894
10909	1358984	1359077
10910	1359127	1359258
10911	1359286	1359379
10912	1359476	1359519
10913	1359530	1359547
10914	1359575	1359627
10915	1359637	1359732
10916	1359811	1359841
10917	1359873	1359952
10918	1360029	1360092
10919	1360166	1360233
10920	1360291	1360331
10921	1360356	1360405
10922	1360471	1360481
10923	1360564	1360670
10924	1360799	1360850
10925	1360963	1361038
10926	1361080	1361129
10927	1361176	1361204
10928	1361253	1361291
10929	1361353	1361447
10930	1361514	1361536
10931	1361581	1361645
10932	1361777	1361831
10933	1361884	1361956
10934	1362027	1362086
10935	1362157	1362237
10936	1362269	1362299
10937	1362371	1362464
10938	1362568	1362602
10939	1362744	1362810
10940	1362897	1363020
10941	1363055	1363124
10942	1363130	1363157
10943	1363284	1363322
10944	1363394	1363443
10945	1363474	1363492
10946	1363509	1363574
10947	1363701	1363720
10948	1363771	1363809
10949	1363878	1363992
10950	1364115	1364182
10951	1364209	1364216
10952	1364273	1364408
10953	1364464	1364545
10954	1364616	1364661
10955	1364747	1364784
10956	1364802	1364855
10957	1364924	1364957
10958	1365061	1365100
10959	1365149	1365287
10960	1365355	1365430
10961	1365457	1365538
10962	1365638	1365715
10963	1365812	1365929
10964	1365958	1366011
10965	1366053	1366089
10966	1366102	1366219
10967	1366365	1366387
10968	1366495	1366538
10969	1366561	1366636
10970	1366739	1366815
10971	1366870	1366933
10972	1367016	1367080
10973	1367221	1367315
10974	1367343	1367372
10975	1367426	1367517
10976	1367597	1367649
10977	1367747	1367883
10978	1367911	1367995
10979	1368001	1368109
10980	1368186	1368267
10981	1368359	1368439
10982	1368481	1368552
10983	1368620	1368721
10984	1368757	1368841
10985	1368932	1368980
10986	1369103	1369146
10987	1369202	1369273
10988	1369379	1369432
10989	1369520	1369578
10990	1369670	1369732
10991	1369780	1369854
10992	1369861	1369983
10993	1370029	1370053
10994	1370131	1370155
10995	1370228	1370280
10996	1370395	1370443
10997	1370525	1370612
10998	1370665	1370685
10999	1370735	1370822
11000	1370916	1371001
11001	1371020	1371074
11002	1371126	1371179
11003	1371223	1371236
11004	1371304	1371398
11005	1371424	1371511
11006	1371635	1371659
11007	1371730	1371779
11008	1371862	1371926
11009	1372035	1372101
11010	1372127	1372145
11011	1372200	1372209
11012	1372244	1372279
11013	1372316	1372355
11014	1372417	1372530
11015	1372557	1372618
11016	1372686	1372712
11017	1372760	1372789
11018	1372888	1372937
11019	1372991	1373001
11020	1373023	1373047
11021	1373064	1373112
11022	1373137	1373184
11023	1373273	1373366
11024	1373389	1373455
11025	1373518	1373530
11026	1373585	1373614
11027	1373643	1373721
11028	1373787	1373864
11029	1373919	1373960
11030	1374006	1374029
11031	1374051	1374151
11032	1374201	1374243
11033	1374270	1374369
11034	1374444	1374501
11035	1374540	1374572
11036	1374624	1374647
11037	1374658	1374704
11038	1374783	1374816
11039	1374902	1374955
11040	1375003	1375100
11041	1375205	1375247
11042	1375304	1375443
11043	1375543	1375666
11044	1375746	1375822
11045	1375859	1375911
11046	1375930	1376039
11047	1376075	1376094
11048	1376146	1376231
11049	1376305	1376373
11050	1376404	1376499
11051	1376549	1376615
11052	1376685	1376731
11053	1376761	1376818
11054	1376884	1376951
11055	1377040	1377064
11056	1377100	1377202
11057	1377322	1377395
11058	1377508	1377617
11059	1377676	1377703
11060	1377704	1377804
11061	1377820	1377888
11062	1377978	1378036
11063	1378094	1378108
11064	1378180	1378258
11065	1378319	1378433
11066	1378500	1378594
11067	1378639	1378717
11068	1378763	1378785
11069	1378800	1378889
11070	1378920	1378967
11071	1379062	1379154
11072	1379169	1379323
11073	1379361	1379462
11074	1379516	1379587
11075	1379646	1379714
11076	1379784	1379842
11077	1379869	1379914
11078	1379995	1380046
11079	1380095	1380119
11080	1380191	1380288
11081	1380335	1380350
11082	1380374	1380441
11083	1380558	1380643
11084	1380690	1380777
11085	1380872	1380943
11086	1380955	1381037
11087	1381055	1381144
11088	1381258	1381386
11089	1381496	1381520
11090	1381559	1381648
11091	1381660	1381677
11092	1381699	1381731
11093	1381820	1381901
11094	1381999	1382093
11095	1382116	1382140
11096	1382228	1382244
11097	1382325	1382363
11098	1382516	1382578
11099	1382658	1382700
11100	1382722	1382790
11101	1382832	1382930
11102	1382967	1383008
11103	1383099	1383137
11104	1383215	1383227
11105	1383285	1383367
11106	1383396	1383443
11107	1383482	1383545
11108	1383598	1383691
11109	1383754	1383777
11110	1383817	1383856
11111	1383891	1384009
11112	1384107	1384160
11113	1384199	1384255
11114	1384376	1384463
11115	1384531	1384601
11116	1384684	1384808
11117	1384903	1384964
11118	1384993	1385017
11119	1385038	1385067
11120	1385208	1385244
11121	1385298	1385340
11122	1385391	1385469
11123	1385561	1385608
11124	1385677	1385705
11125	1385774	1385824
11126	1385878	1385913
11127	1386003	1386061
11128	1386076	1386162
11129	1386203	1386272
11130	1386356	1386434
11131	1386470	1386491
11132	1386564	1386683
11133	1386715	1386786
11134	1386887	1386978
11135	1387038	1387079
11136	1387168	1387286
11137	1387325	1387409
11138	1387482	1387523
11139	1387563	1387681
11140	1387707	1387806
11141	1387857	1387998
11142	1388047	1388055
11143	1388109	1388168
11144	1388239	1388351
11145	1388410	1388448
11146	1388495	1388537
11147	1388560	1388618
11148	1388742	1388771
11149	1388820	1388931
11150	1389023	1389141
11151	1389199	1389222
11152	1389352	1389384
11153	1389463	1389549
11154	1389629	1389664
11155	1389736	1389793
11156	1389914	1389943
11157	1390029	1390105
11158	1390144	1390179
11159	1390193	1390266
11160	1390331	1390372
11161	1390467	1390539
11162	1390637	1390704
11163	1390817	1390863
11164	1390887	1390977
11165	1391061	1391110
11166	1391181	1391203
11167	1391284	1391388
11168	1391505	1391578
11169	1391626	1391732
11170	1391812	1391912
11171	1391929	1391935
11172	1392030	1392065
11173	1392101	1392139
11174	1392151	1392183
11175	1392252	1392262
11176	1392342	1392392
11177	1392482	1392618
11178	1392671	1392732
11179	1392833	1392903
11180	1393025	1393069
11181	1393116	1393145
11182	1393161	1393258
11183	1393315	1393344
11184	1393397	1393494
11185	1393506	1393601
11186	1393631	1393680
11187	1393765	1393868
11188	1394015	1394075
11189	1394146	1394210
11190	1394274	1394374
11191	1394473	1394505
11192	1394543	1394636
11193	1394712	1394777
11194	1394852	1394909
11195	1394935	1395097
11196	1395158	1395229
11197	1395329	1395374
11198	1395442	1395515
11199	1395561	1395614
11200	1395717	1395761
11201	1395769	1395819
11202	1395909	1395999
11203	1396038	1396131
11204	1396214	1396259
11205	1396338	1396367
11206	1396452	1396497
11207	1396554	1396638
11208	1396696	1396759
11209	1396858	1396900
11210	1396984	1397002
11211	1397052	1397079
11212	1397179	1397217
11213	1397252	1397312
11214	1397394	1397458
11215	1397513	1397596
11216	1397686	1397775
11217	1397844	1397959
11218	1398016	1398033
11219	1398058	1398152
11220	1398212	1398283
11221	1398343	1398401
11222	1398520	1398601
11223	1398612	1398659
11224	1398682	1398739
11225	1398852	1398902
11226	1398982	1399070
11227	1399138	1399194
11228	1399268	1399295
11229	1399371	1399473
11230	1399507	1399563
11231	1399647	1399705
11232	1399762	1399784
11233	1399801	1399905
11234	1399961	1399996
11235	1400019	1400030
11236	1400052	1400140
11237	1400157	1400218
11238	1400275	1400350
11239	1400411	1400445
11240	1400469	1400503
11241	1400583	1400656
11242	1400746	1400895
11243	1400947	1401125
11244	1401141	1401188
11245	1401279	1401376
11246	1401384	1401482
11247	1401532	1401583
11248	1401674	1401691
11249	1401710	1401767
11250	1401866	1401983
11251	1402020	1402098
11252	1402167	1402240
11253	1402320	1402387
11254	1402442	1402482
11255	1402505	1402524
11256	1402637	1402653
11257	1402702	1402744
11258	1402829	1402850
11259	1402923	1403036
11260	1403061	1403156
11261	1403201	1403214
11262	1403222	1403257
11263	1403292	1403334
11264	1403439	1403510
11265	1403549	1403588
11266	1403648	1403738
11267	1403817	1403927
11268	1404020	1404076
11269	1404215	1404295
11270	1404315	1404349
11271	1404376	1404481
11272	1404543	1404616
11273	1404657	1404762
11274	1404839	1404933
11275	1404990	1405018
11276	1405087	1405212
11277	1405294	1405349
11278	1405497	1405529
11279	1405560	1405669
11280	1405727	1405760
11281	1405778	1405808
11282	1405829	1405916
11283	1405974	1406003
11284	1406033	1406084
11285	1406206	1406234
11286	1406281	1406413
11287	1406429	1406512
11288	1406570	1406634
11289	1406699	1406741
11290	1406875	1406974
11291	1407016	1407112
11292	1407171	1407224
11293	1407261	1407320
11294	1407328	1407414
11295	1407468	1407579
11296	1407603	1407716
11297	1407745	1407816
11298	1407830	1407900
11299	1407939	1408045
11300	1408069	1408166
11301	1408222	1408252
11302	1408341	1408397
11303	1408500	1408550
11304	1408580	1408635
11305	1408687	1408803
11306	1408846	1408881
11307	1408919	1408954
11308	1409025	1409050
11309	1409105	1409156
11310	1409225	1409268
11311	1409358	1409368
11312	1409429	1409468
11313	1409504	1409548
11314	1409569	1409636
11315	1409704	1409715
11316	1409740	1409808
11317	1409917	1409957
11318	1409986	1410043
11319	1410190	1410218
11320	1410281	1410342
11321	1410404	1410423
11322	1410467	1410519
11323	1410564	1410644
11324	1410685	1410704
11325	1410764	1410892
11326	1410982	1411035
11327	1411115	1411166
11328	1411248	1411258
11329	1411349	1411376
11330	1411457	1411526
11331	1411558	1411618
11332	1411720	1411759
11333	1411813	1411874
11334	1411933	1412004
11335	1412068	1412103
11336	1412140	1412172
11337	1412206	1412216
11338	1412250	1412286
11339	1412325	1412367
11340	1412385	1412454
11341	1412513	1412557
11342	1412614	1412693
11343	1412747	1412892
11344	1412901	1412923
11345	1413047	1413078
11346	1413175	1413208
11347	1413236	1413281
11348	1413410	1413427
11349	1413472	1413503
11350	1413620	1413650
11351	1413727	1413762
11352	1413906	1413959
11353	1414025	1414156
11354	1414273	1414352
11355	1414374	1414433
11356	1414515	1414569
11357	1414626	1414687
11358	1414716	1414840
11359	1414852	1414886
11360	1414991	1415032
11361	1415111	1415208
11362	1415330	1415379
11363	1415453	1415466
11364	1415574	1415638
11365	1415779	1415829
11366	1415854	1415990
11367	1416010	1416115
11368	1416222	1416300
11369	1416306	1416316
11370	1416429	1416513
11371	1416557	1416678
11372	1416770	1416823
11373	1416873	1416901
11374	1416961	1417036
11375	1417123	1417170
11376	1417280	1417336
11377	1417382	1417445
11378	1417469	1417556
11379	1417624	1417696
11380	1417799	1417915
11381	1418035	1418088
11382	1418149	1418222
11383	1418244	1418291
11384	1418356	1418370
11385	1418440	1418475
11386	1418548	1418587
11387	1418595	1418678
11388	1418717	1418773
11389	1418835	1418901
11390	1418954	1419041
11391	1419067	1419160
11392	1419206	1419285
11393	1419333	1419372
11394	1419416	1419497
11395	1419591	1419645
11396	1419748	1419845
11397	1419910	1419999
11398	1420097	1420167
11399	1420255	1420356
11400	1420480	1420529
11401	1420648	1420688
11402	1420697	1420823
11403	1420881	1420897
11404	1420925	1421051
11405	1421081	1421090
11406	1421109	1421227
11407	1421234	1421259
11408	1421325	1421402
11409	1421431	1421527
11410	1421595	1421618
11411	1421642	1421665
11412	1421710	1421816
11413	1421854	1421872
11414	1421934	1421957
11415	1421999	1422096
11416	1422149	1422190
11417	1422208	1422301
11418	1422326	1422376
11419	1422475	1422564
11420	1422724	1422747
11421	1422817	1422839
11422	1422876	1422910
11423	1422964	1423011
11424	1423105	1423229
11425	1423296	1423364
11426	1423406	1423463
11427	1423481	1423588
11428	1423597	1423607
11429	1423640	1423658
11430	1423700	1423762
11431	1423792	1423896
11432	1423970	1423984
11433	1424036	1424130
11434	1424195	1424225
11435	1424309	1424419
11436	1424471	1424490
11437	1424583	1424605
11438	1424650	1424702
11439	1424768	1424829
11440	1424892	1424959
11441	1425070	1425081
11442	1425156	1425216
11443	1425222	1425246
11444	1425284	1425308
11445	1425430	1425479
11446	1425506	1425664
11447	1425734	1425812
11448	1425912	1425957
11449	1425996	1426081
11450	1426100	1426155
11451	1426193	1426221
11452	1426258	1426302
11453	1426384	1426454
11454	1426602	1426652
11455	1426713	1426767
11456	1426815	1426924
11457	1427092	1427123
11458	1427198	1427299
11459	1427406	1427487
11460	1427589	1427662
11461	1427707	1427719
11462	1427774	1427786
11463	1427826	1427834
11464	1427851	1427981
11465	1428025	1428042
11466	1428130	1428178
11467	1428258	1428292
11468	1428317	1428443
11469	1428507	1428574
11470	1428662	1428719
11471	1428806	1428884
11472	1428965	1429038
11473	1429065	1429098
11474	1429114	1429135
11475	1429224	1429243
11476	1429323	1429418
11477	1429440	1429488
11478	1429601	1429610
11479	1429714	1429810
11480	1429847	1429908
11481	1429955	1430013
11482	1430027	1430059
11483	1430109	1430135
11484	1430219	1430257
11485	1430280	1430300
11486	1430345	1430405
11487	1430467	1430504
11488	1430562	1430615
11489	1430781	1430845
11490	1430908	1430955
11491	1431034	1431082
11492	1431120	1431148
11493	1431249	1431342
11494	1431391	1431480
11495	1431502	1431602
11496	1431640	1431717
11497	1431813	1431858
11498	1431889	1431902
11499	1432012	1432098
11500	1432170	1432240
11501	1432316	1432380
11502	1432489	1432572
11503	1432588	1432679
11504	1432743	1432765
11505	1432883	1432943
11506	1433059	1433125
11507	1433257	1433294
11508	1433381	1433520
11509	1433566	1433617
11510	1433624	1433637
11511	1433665	1433717
11512	1433818	1433962
11513	1433991	1434055
11514	1434129	1434142
11515	1434220	1434245
11516	1434305	1434322
11517	1434407	1434485
11518	1434531	1434568
11519	1434643	1434673
11520	1434684	1434740
11521	1434765	1434890
11522	1434896	1435044
11523	1435097	1435169
11524	1435298	1435310
11525	1435366	1435461
11526	1435551	1435631
11527	1435658	1435670
11528	1435691	1435730
11529	1435807	1435910
11530	1436000	1436043
11531	1436096	1436104
11532	1436140	1436171
11533	1436227	1436308
11534	1436389	1436409
11535	1436464	1436470
11536	1436510	1436550
11537	1436578	1436680
11538	1436744	1436752
11539	1436814	1436894
11540	1436936	1436990
11541	1437063	1437099
11542	1437121	1437169
11543	1437218	1437232
11544	1437282	1437340
11545	1437383	1437483
11546	1437551	1437613
11547	1437706	1437724
11548	1437788	1437849
11549	1437860	1437916
11550	1437941	1438017
11551	1438122	1438186
11552	1438194	1438209
11553	1438254	1438360
11554	1438384	1438483
11555	1438512	1438532
11556	1438539	1438645
11557	1438708	1438798
11558	1438847	1438882
11559	1438920	1438963
11560	1439059	1439174
11561	1439262	1439294
11562	1439358	1439513
11563	1439531	1439619
11564	1439640	1439727
11565	1439846	1439886
11566	1439983	1440001
11567	1440137	1440213
11568	1440267	1440367
11569	1440404	1440441
11570	1440486	1440524
11571	1440552	1440578
11572	1440664	1440741
11573	1440795	1440844
11574	1440912	1440966
11575	1441084	1441111
11576	1441216	1441256
11577	1441367	1441461
11578	1441497	1441563
11579	1441585	1441621
11580	1441670	1441780
11581	1441842	1441886
11582	1441985	1442020
11583	1442045	1442082
11584	1442135	1442171
11585	1442234	1442290
11586	1442429	1442480
11587	1442504	1442533
11588	1442569	1442594
11589	1442723	1442840
11590	1442907	1443029
11591	1443115	1443240
11592	1443263	1443345
11593	1443390	1443430
11594	1443572	1443657
11595	1443690	1443739
11596	1443828	1443896
11597	1443909	1443934
11598	1443981	1444029
11599	1444092	1444117
11600	1444166	1444195
11601	1444263	1444358
11602	1444442	1444475
11603	1444594	1444729
11604	1444782	1444894
11605	1444986	1445065
11606	1445111	1445167
11607	1445226	1445329
11608	1445341	1445416
11609	1445469	1445587
11610	1445656	1445714
11611	1445763	1445817
11612	1445917	1445928
11613	1445988	1446074
11614	1446084	1446171
11615	1446199	1446241
11616	1446305	1446333
11617	1446393	1446428
11618	1446512	1446601
11619	1446717	1446761
11620	1446818	1446872
11621	1446880	1446937
11622	1447028	1447049
11623	1447125	1447146
11624	1447196	1447227
11625	1447305	1447433
11626	1447543	1447622
11627	1447648	1447657
11628	1447763	1447788
11629	1447805	1447879
11630	1447886	1447948
11631	1447962	1447985
11632	1448039	1448053
11633	1448147	1448200
11634	1448295	1448337
11635	1448458	1448472
11636	1448517	1448527
11637	1448583	1448672
11638	1448752	1448819
11639	1448924	1448942
11640	1449007	1449113
11641	1449148	1449281
11642	1449386	1449422
11643	1449491	1449582
11644	1449595	1449634
11645	1449679	1449758
11646	1449783	1449851
11647	1449893	1449909
11648	1449926	1450007
11649	1450037	1450059
11650	1450111	1450122
11651	1450236	1450317
11652	1450451	1450470
11653	1450543	1450575
11654	1450627	1450690
11655	1450719	1450818
11656	1450870	1450959
11657	1451034	1451130
11658	1451174	1451331
11659	1451352	1451455
11660	1451489	1451593
11661	1451692	1451715
11662	1451755	1451794
11663	1451925	1451944
11664	1451999	1452086
11665	1452165	1452176
11666	1452237	1452248
11667	1452304	1452342
11668	1452393	1452434
11669	1452519	1452654
11670	1452681	1452717
11671	1452795	1452843
11672	1452884	1452901
11673	1452978	1453013
11674	1453136	1453186
11675	1453366	1453426
11676	1453452	1453578
11677	1453647	1453670
11678	1453746	1453877
11679	1453920	1453932
11680	1454035	1454138
11681	1454246	1454298
11682	1454343	1454399
11683	1454481	1454584
11684	1454663	1454741
11685	1454804	1454877
11686	1454947	1454984
11687	1455104	1455207
11688	1455252	1455374
11689	1455419	1455460
11690	1455531	1455651
11691	1455669	1455708
11692	1455801	1455886
11693	1455966	1455982
11694	1456022	1456138
11695	1456216	1456313
11696	1456325	1456399
11697	1456427	1456457
11698	1456560	1456611
11699	1456670	1456682
11700	1456767	1456813
11701	1456965	1457023
11702	1457043	1457088
11703	1457161	1457214
11704	1457274	1457344
11705	1457381	1457485
11706	1457526	1457552
11707	1457575	1457670
11708	1457700	1457786
11709	1457802	1457871
11710	1457900	1457964
11711	1458049	1458128
11712	1458268	1458291
11713	1458344	1458381
11714	1458441	1458525
11715	1458628	1458688
11716	1458741	1458761
11717	1458816	1458900
11718	1458956	1459005
11719	1459070	1459130
11720	1459182	1459281
11721	1459317	1459367
11722	1459381	1459397
11723	1459414	1459482
11724	1459565	1459726
11725	1459817	1459828
11726	1459925	1459968
11727	1460073	1460150
11728	1460184	1460238
11729	1460269	1460325
11730	1460332	1460373
11731	1460464	1460535
11732	1460659	1460715
11733	1460801	1460893
11734	1460911	1460964
11735	1460997	1461116
11736	1461218	1461290
11737	1461321	1461386
11738	1461442	1461448
11739	1461473	1461540
11740	1461613	1461678
11741	1461701	1461782
11742	1461815	1461856
11743	1461931	1461954
11744	1461995	1462037
11745	1462150	1462214
11746	1462247	1462291
11747	1462382	1462415
11748	1462463	1462500
11749	1462549	1462605
11750	1462707	1462761
11751	1462854	1462927
11752	1462959	1463078
11753	1463197	1463301
11754	1463429	1463527
11755	1463540	1463606
11756	1463654	1463689
11757	1463772	1463817
11758	1463861	1463896
11759	1463975	1464011
11760	1464076	1464087
11761	1464138	1464272
11762	1464300	1464413
11763	1464499	1464607
11764	1464708	1464773
11765	1464883	1464891
11766	1464963	1465053
11767	1465161	1465200
11768	1465370	1465466
11769	1465467	1465521
11770	1465576	1465688
11771	1465760	1465817
11772	1465861	1465939
11773	1465994	1466095
11774	1466206	1466247
11775	1466258	1466351
11776	1466489	1466551
11777	1466608	1466668
11778	1466699	1466796
11779	1466867	1466928
11780	1466959	1466991
11781	1466999	1467049
11782	1467070	1467100
11783	1467157	1467212
11784	1467280	1467351
11785	1467379	1467393
11786	1467403	1467424
11787	1467475	1467501
11788	1467559	1467672
11789	1467729	1467761
11790	1467815	1467830
11791	1467906	1467940
11792	1467965	1468061
11793	1468073	1468174
11794	1468198	1468262
11795	1468322	1468408
11796	1468467	1468497
11797	1468576	1468623
11798	1468672	1468709
11799	1468759	1468841
11800	1468862	1468971
11801	1469064	1469106
11802	1469142	1469195
11803	1469217	1469323
11804	1469416	1469430
11805	1469489	1469556
11806	1469624	1469666
11807	1469690	1469706
11808	1469817	1469831
11809	1469854	1469937
11810	1469995	1470067
11811	1470173	1470212
11812	1470267	1470297
11813	1470335	1470355
11814	1470440	1470488
11815	1470590	1470644
11816	1470812	1470908
11817	1470966	1471010
11818	1471119	1471267
11819	1471367	1471396
11820	1471541	1471603
11821	1471694	1471722
11822	1471751	1471859
11823	1471924	1472019
11824	1472043	1472089
11825	1472162	1472244
11826	1472287	1472344
11827	1472352	1472407
11828	1472428	1472530
11829	1472562	1472636
11830	1472718	1472753
11831	1472807	1472866
11832	1472991	1473100
11833	1473135	1473178
11834	1473194	1473247
11835	1473360	1473382
11836	1473469	1473506
11837	1473536	1473624
11838	1473673	1473746
11839	1473804	1473837
11840	1473906	1473984
11841	1474099	1474174
11842	1474278	1474299
11843	1474344	1474400
11844	1474441	1474482
11845	1474552	1474596
11846	1474650	1474759
11847	1474801	1474885
11848	1474988	1475012
11849	1475113	1475155
11850	1475193	1475313
11851	1475329	1475460
11852	1475582	1475607
11853	1475631	1475721
11854	1475867	1475879
11855	1475988	1476083
11856	1476156	1476242
11857	1476353	1476406
11858	1476502	1476528
11859	1476549	1476626
11860	1476699	1476750
11861	1476797	1476849
11862	1476865	1476927
11863	1477032	1477137
11864	1477251	1477320
11865	1477447	1477476
11866	1477506	1477534
11867	1477580	1477608
11868	1477656	1477710
11869	1477788	1477816
11870	1477910	1477942
11871	1477969	1478093
11872	1478164	1478206
11873	1478219	1478325
11874	1478413	1478460
11875	1478503	1478537
11876	1478593	1478685
11877	1478754	1478777
11878	1478880	1478936
11879	1479065	1479097
11880	1479192	1479206
11881	1479300	1479327
11882	1479358	1479419
11883	1479464	1479491
11884	1479600	1479675
11885	1479697	1479746
11886	1479785	1479863
11887	1479901	1479980
11888	1480031	1480109
11889	1480153	1480168
11890	1480234	1480295
11891	1480409	1480547
11892	1480607	1480673
11893	1480738	1480756
11894	1480786	1480847
11895	1480894	1480942
11896	1480953	1481037
11897	1481126	1481155
11898	1481198	1481262
11899	1481361	1481436
11900	1481499	1481592
11901	1481666	1481727
11902	1481817	1481842
11903	1481937	1481960
11904	1482027	1482061
11905	1482168	1482176
11906	1482230	1482241
11907	1482284	1482384
11908	1482438	1482481
11909	1482508	1482595
11910	1482628	1482685
11911	1482758	1482781
11912	1482789	1482869
11913	1482912	1482992
11914	1483084	1483116
11915	1483229	1483291
11916	1483388	1483449
11917	1483505	1483564
11918	1483581	1483712
11919	1483738	1483789
11920	1483872	1483978
11921	1484061	1484130
11922	1484247	1484292
11923	1484363	1484447
11924	1484544	1484622
11925	1484640	1484729
11926	1484761	1484808
11927	1484883	1484970
11928	1485004	1485146
11929	1485238	1485307
11930	1485327	1485405
11931	1485420	1485465
11932	1485554	1485644
11933	1485669	1485729
11934	1485811	1485852
11935	1485926	1485992
11936	1486046	1486073
11937	1486137	1486235
11938	1486266	1486274
11939	1486363	1486439
11940	1486484	1486538
11941	1486582	1486674
11942	1486731	1486772
11943	1486882	1487023
11944	1487074	1487180
11945	1487268	1487386
11946	1487394	1487454
11947	1487463	1487497
11948	1487577	1487641
11949	1487705	1487790
11950	1487804	1487834
11951	1487877	1487915
11952	1487976	1488008
11953	1488025	1488066
11954	1488099	1488202
11955	1488292	1488343
11956	1488394	1488478
11957	1488510	1488598
11958	1488646	1488739
11959	1488774	1488790
11960	1488859	1488888
11961	1488966	1489041
11962	1489097	1489227
11963	1489263	1489284
11964	1489352	1489442
11965	1489511	1489603
11966	1489611	1489648
11967	1489712	1489772
11968	1489840	1489857
11969	1489904	1489942
11970	1490033	1490084
11971	1490139	1490203
11972	1490298	1490344
11973	1490398	1490472
11974	1490480	1490538
11975	1490621	1490641
11976	1490671	1490787
11977	1490895	1490984
11978	1491095	1491131
11979	1491190	1491216
11980	1491256	1491314
11981	1491428	1491469
11982	1491549	1491654
11983	1491704	1491729
11984	1491780	1491825
11985	1491904	1491927
11986	1491996	1492054
11987	1492158	1492186
11988	1492221	1492295
11989	1492365	1492442
11990	1492506	1492541
11991	1492602	1492641
11992	1492726	1492769
11993	1492864	1492937
11994	1492976	1493062
11995	1493139	1493272
11996	1493322	1493406
11997	1493465	1493570
11998	1493590	1493598
11999	1493621	1493656
12000	1493695	1493730
12001	1493796	1493811
12002	1493821	1493872
12003	1493955	1494008
12004	1494019	1494035
12005	1494066	1494078
12006	1494217	1494295
12007	1494403	1494466
12008	1494522	1494597
12009	1494647	1494750
12010	1494796	1494859
12011	1494913	1494951
12012	1495053	1495153
12013	1495205	1495308
12014	1495316	1495379
12015	1495442	1495546
12016	1495650	1495726
12017	1495765	1495808
12018	1495843	1495924
12019	1495940	1496014
12020	1496087	1496132
12021	1496174	1496232
12022	1496318	1496336
12023	1496418	1496530
12024	1496599	1496611
12025	1496723	1496817
12026	1496863	1496900
12027	1496949	1497004
12028	1497089	1497146
12029	1497190	1497282
12030	1497363	1497396
12031	1497504	1497639
12032	1497725	1497830
12033	1497878	1497981
12034	1498059	1498093
12035	1498193	1498261
12036	1498321	1498396
12037	1498424	1498528
12038	1498536	1498542
12039	1498598	1498613
12040	1498695	1498745
12041	1498841	1498935
12042	1499000	1499087
12043	1499129	1499150
12044	1499220	1499268
12045	1499339	1499492
12046	1499517	1499564
12047	1499628	1499717
12048	1499817	1499894
12049	1499910	1499961
12050	1500001	1500053
12051	1500097	1500230
12052	1500345	1500402
12053	1500479	1500530
12054	1500573	1500641
12055	1500719	1500767
12056	1500865	1500948
12057	1500969	1501053
12058	1501109	1501209
12059	1501248	1501375
12060	1501423	1501467
12061	1501571	1501609
12062	1501641	1501712
12063	1501775	1501814
12064	1501916	1502009
12065	1502052	1502207
12066	1502272	1502299
12067	1502325	1502380
12068	1502452	1502549
12069	1502616	1502691
12070	1502770	1502830
12071	1502838	1502887
12072	1502904	1502987
12073	1503061	1503101
12074	1503185	1503253
12075	1503367	1503388
12076	1503407	1503408
12077	1503416	1503509
12078	1503557	1503632
12079	1503714	1503727
12080	1503800	1503877
12081	1503916	1503948
12082	1503981	1504009
12083	1504050	1504104
12084	1504196	1504239
12085	1504400	1504443
12086	1504516	1504530
12087	1504658	1504691
12088	1504718	1504759
12089	1504809	1504889
12090	1504942	1504966
12091	1505024	1505059
12092	1505194	1505240
12093	1505334	1505373
12094	1505438	1505548
12095	1505596	1505610
12096	1505693	1505763
12097	1505803	1505859
12098	1505885	1505950
12099	1505966	1506032
12100	1506111	1506123
12101	1506191	1506245
12102	1506333	1506445
12103	1506510	1506545
12104	1506626	1506735
12105	1506794	1506856
12106	1506894	1506978
12107	1507047	1507158
12108	1507192	1507269
12109	1507384	1507453
12110	1507592	1507670
12111	1507696	1507712
12112	1507828	1507847
12113	1507878	1507932
12114	1507969	1508010
12115	1508034	1508133
12116	1508250	1508342
12117	1508413	1508551
12118	1508637	1508675
12119	1508721	1508752
12120	1508819	1508926
12121	1509018	1509123
12122	1509168	1509225
12123	1509341	1509441
12124	1509491	1509507
12125	1509555	1509565
12126	1509610	1509622
12127	1509659	1509714
12128	1509797	1509865
12129	1509890	1509928
12130	1509970	1510034
12131	1510090	1510101
12132	1510193	1510272
12133	1510338	1510390
12134	1510417	1510439
12135	1510522	1510570
12136	1510631	1510760
12137	1510812	1510870
12138	1510932	1511001
12139	1511092	1511159
12140	1511166	1511257
12141	1511305	1511381
12142	1511415	1511454
12143	1511509	1511546
12144	1511601	1511623
12145	1511660	1511746
12146	1511823	1511908
12147	1511984	1512057
12148	1512207	1512254
12149	1512341	1512463
12150	1512530	1512538
12151	1512582	1512607
12152	1512695	1512801
12153	1512862	1512936
12154	1513023	1513062
12155	1513164	1513252
12156	1513291	1513338
12157	1513387	1513454
12158	1513523	1513572
12159	1513638	1513692
12160	1513734	1513793
12161	1513901	1513949
12162	1514049	1514065
12163	1514076	1514142
12164	1514247	1514297
12165	1514322	1514366
12166	1514461	1514571
12167	1514672	1514772
12168	1514811	1514936
12169	1514990	1515017
12170	1515100	1515136
12171	1515181	1515191
12172	1515221	1515312
12173	1515379	1515432
12174	1515499	1515569
12175	1515652	1515721
12176	1515768	1515825
12177	1515872	1515936
12178	1515959	1516014
12179	1516089	1516205
12180	1516305	1516322
12181	1516399	1516437
12182	1516488	1516508
12183	1516594	1516607
12184	1516661	1516745
12185	1516790	1516852
12186	1516970	1517072
12187	1517162	1517229
12188	1517270	1517344
12189	1517375	1517496
12190	1517536	1517572
12191	1517635	1517762
12192	1517877	1517939
12193	1518004	1518082
12194	1518177	1518218
12195	1518251	1518338
12196	1518435	1518464
12197	1518540	1518594
12198	1518653	1518747
12199	1518766	1518784
12200	1518850	1518903
12201	1518923	1519048
12202	1519059	1519116
12203	1519175	1519188
12204	1519217	1519319
12205	1519399	1519469
12206	1519529	1519560
12207	1519646	1519664
12208	1519710	1519732
12209	1519770	1519875
12210	1519895	1519950
12211	1520050	1520154
12212	1520208	1520219
12213	1520257	1520298
12214	1520389	1520440
12215	1520552	1520644
12216	1520736	1520749
12217	1520829	1520907
12218	1520977	1521048
12219	1521179	1521242
12220	1521300	1521346
12221	1521430	1521490
12222	1521545	1521629
12223	1521688	1521796
12224	1521901	1521915
12225	1521989	1522028
12226	1522108	1522220
12227	1522291	1522317
12228	1522358	1522455
12229	1522474	1522499
12230	1522606	1522633
12231	1522742	1522797
12232	1522869	1522946
12233	1522972	1523004
12234	1523071	1523134
12235	1523221	1523296
12236	1523341	1523352
12237	1523458	1523492
12238	1523515	1523598
12239	1523741	1523790
12240	1523849	1523883
12241	1523912	1523963
12242	1524015	1524131
12243	1524220	1524295
12244	1524316	1524358
12245	1524360	1524396
12246	1524437	1524461
12247	1524548	1524602
12248	1524691	1524738
12249	1524808	1524945
12250	1525082	1525120
12251	1525167	1525208
12252	1525303	1525320
12253	1525369	1525391
12254	1525428	1525452
12255	1525501	1525531
12256	1525633	1525658
12257	1525789	1525837
12258	1525931	1526020
12259	1526106	1526247
12260	1526270	1526374
12261	1526410	1526499
12262	1526554	1526608
12263	1526700	1526785
12264	1526809	1526824
12265	1526930	1527030
12266	1527055	1527157
12267	1527253	1527337
12268	1527394	1527411
12269	1527474	1527640
12270	1527734	1527772
12271	1527805	1527905
12272	1527930	1527941
12273	1528027	1528056
12274	1528153	1528254
12275	1528370	1528436
12276	1528571	1528591
12277	1528685	1528715
12278	1528804	1528840
12279	1528915	1528933
12280	1529016	1529073
12281	1529180	1529204
12282	1529295	1529402
12283	1529484	1529505
12284	1529531	1529582
12285	1529636	1529691
12286	1529764	1529820
12287	1529847	1529954
12288	1530058	1530125
12289	1530253	1530361
12290	1530441	1530484
12291	1530517	1530635
12292	1530648	1530701
12293	1530748	1530799
12294	1530852	1530939
12295	1531015	1531035
12296	1531093	1531100
12297	1531121	1531222
12298	1531290	1531324
12299	1531410	1531435
12300	1531478	1531527
12301	1531689	1531817
12302	1531869	1531900
12303	1531972	1532010
12304	1532054	1532096
12305	1532161	1532253
12306	1532282	1532401
12307	1532458	1532503
12308	1532552	1532665
12309	1532689	1532730
12310	1532798	1532913
12311	1532962	1533026
12312	1533052	1533154
12313	1533175	1533235
12314	1533344	1533433
12315	1533536	1533628
12316	1533708	1533767
12317	1533843	1533909
12318	1533972	1534045
12319	1534103	1534148
12320	1534206	1534322
12321	1534425	1534493
12322	1534579	1534631
12323	1534704	1534762
12324	1534919	1534931
12325	1535006	1535049
12326	1535116	1535232
12327	1535285	1535297
12328	1535373	1535476
12329	1535495	1535530
12330	1535558	1535658
12331	1535723	1535764
12332	1535859	1535890
12333	1535978	1536062
12334	1536141	1536199
12335	1536225	1536315
12336	1536406	1536466
12337	1536539	1536623
12338	1536710	1536807
12339	1536864	1536937
12340	1537044	1537096
12341	1537230	1537264
12342	1537334	1537490
12343	1537628	1537671
12344	1537816	1537916
12345	1537974	1538080
12346	1538143	1538197
12347	1538245	1538314
12348	1538353	1538362
12349	1538363	1538402
12350	1538502	1538570
12351	1538671	1538724
12352	1538752	1538831
12353	1538929	1538946
12354	1538997	1539036
12355	1539044	1539087
12356	1539126	1539204
12357	1539244	1539419
12358	1539468	1539551
12359	1539601	1539679
12360	1539767	1539850
12361	1539861	1539965
12362	1539993	1539996
12363	1540047	1540118
12364	1540143	1540163
12365	1540232	1540312
12366	1540392	1540504
12367	1540575	1540650
12368	1540707	1540745
12369	1540763	1540818
12370	1540828	1540869
12371	1540908	1540979
12372	1541038	1541103
12373	1541196	1541245
12374	1541325	1541346
12375	1541459	1541510
12376	1541613	1541654
12377	1541710	1541735
12378	1541820	1541882
12379	1541938	1542040
12380	1542087	1542209
12381	1542270	1542284
12382	1542346	1542431
12383	1542474	1542487
12384	1542564	1542592
12385	1542642	1542734
12386	1542794	1542845
12387	1542865	1542899
12388	1542910	1542972
12389	1542998	1543099
12390	1543165	1543202
12391	1543277	1543370
12392	1543401	1543431
12393	1543460	1543482
12394	1543560	1543636
12395	1543711	1543821
12396	1543836	1543893
12397	1543961	1544012
12398	1544061	1544126
12399	1544181	1544207
12400	1544329	1544403
12401	1544444	1544552
12402	1544650	1544775
12403	1544817	1544868
12404	1544970	1544998
12405	1545046	1545074
12406	1545125	1545190
12407	1545204	1545221
12408	1545335	1545442
12409	1545524	1545640
12410	1545684	1545750
12411	1545855	1545876
12412	1545915	1546026
12413	1546125	1546181
12414	1546284	1546398
12415	1546453	1546536
12416	1546629	1546760
12417	1546797	1546905
12418	1547005	1547084
12419	1547154	1547294
12420	1547337	1547383
12421	1547424	1547512
12422	1547600	1547690
12423	1547723	1547802
12424	1547877	1547916
12425	1547930	1547964
12426	1548025	1548075
12427	1548198	1548264
12428	1548293	1548372
12429	1548400	1548456
12430	1548463	1548540
12431	1548641	1548678
12432	1548701	1548716
12433	1548777	1548796
12434	1548819	1548870
12435	1548902	1548916
12436	1548977	1549020
12437	1549088	1549131
12438	1549224	1549313
12439	1549390	1549445
12440	1549462	1549586
12441	1549636	1549666
12442	1549741	1549775
12443	1549898	1549979
12444	1550058	1550076
12445	1550133	1550187
12446	1550263	1550379
12447	1550382	1550425
12448	1550485	1550527
12449	1550600	1550665
12450	1550750	1550838
12451	1550870	1550945
12452	1550972	1551021
12453	1551062	1551093
12454	1551128	1551266
12455	1551334	1551464
12456	1551560	1551673
12457	1551697	1551753
12458	1551843	1551866
12459	1551915	1552003
12460	1552011	1552023
12461	1552059	1552070
12462	1552178	1552207
12463	1552332	1552390
12464	1552434	1552531
12465	1552605	1552712
12466	1552789	1552875
12467	1552928	1553016
12468	1553084	1553101
12469	1553117	1553127
12470	1553245	1553282
12471	1553301	1553402
12472	1553410	1553433
12473	1553543	1553600
12474	1553620	1553676
12475	1553762	1553852
12476	1553882	1553938
12477	1553939	1554021
12478	1554030	1554056
12479	1554102	1554118
12480	1554214	1554231
12481	1554317	1554410
12482	1554443	1554469
12483	1554628	1554702
12484	1554745	1554902
12485	1554954	1555002
12486	1555074	1555118
12487	1555168	1555198
12488	1555254	1555281
12489	1555288	1555315
12490	1555418	1555497
12491	1555547	1555639
12492	1555654	1555751
12493	1555872	1555944
12494	1556046	1556101
12495	1556164	1556189
12496	1556233	1556295
12497	1556396	1556458
12498	1556482	1556574
12499	1556584	1556638
12500	1556743	1556765
12501	1556826	1556896
12502	1556956	1557009
12503	1557040	1557074
12504	1557192	1557284
12505	1557347	1557393
12506	1557502	1557571
12507	1557645	1557675
12508	1557704	1557786
12509	1557870	1557919
12510	1558015	1558069
12511	1558086	1558219
12512	1558233	1558284
12513	1558339	1558410
12514	1558468	1558557
12515	1558630	1558665
12516	1558706	1558759
12517	1558793	1558893
12518	1558963	1559004
12519	1559113	1559158
12520	1559270	1559373
12521	1559461	1559552
12522	1559570	1559630
12523	1559712	1559732
12524	1559795	1559826
12525	1559897	1559954
12526	1559981	1560028
12527	1560079	1560096
12528	1560160	1560238
12529	1560323	1560340
12530	1560352	1560405
12531	1560500	1560625
12532	1560666	1560706
12533	1560835	1560886
12534	1560975	1561028
12535	1561104	1561188
12536	1561264	1561304
12537	1561445	1561479
12538	1561530	1561551
12539	1561652	1561713
12540	1561824	1561865
12541	1561969	1562075
12542	1562149	1562173
12543	1562218	1562327
12544	1562413	1562490
12545	1562524	1562616
12546	1562651	1562697
12547	1562717	1562767
12548	1562790	1562858
12549	1562927	1563008
12550	1563124	1563286
12551	1563389	1563421
12552	1563469	1563522
12553	1563614	1563718
12554	1563789	1563844
12555	1563905	1563997
12556	1564104	1564179
12557	1564190	1564258
12558	1564372	1564426
12559	1564440	1564489
12560	1564501	1564575
12561	1564633	1564726
12562	1564762	1564790
12563	1564816	1564886
12564	1564949	1565066
12565	1565111	1565118
12566	1565164	1565222
12567	1565245	1565288
12568	1565394	1565465
12569	1565510	1565585
12570	1565667	1565784
12571	1565843	1565883
12572	1565967	1565982
12573	1566049	1566134
12574	1566212	1566264
12575	1566330	1566363
12576	1566429	1566524
12577	1566551	1566601
12578	1566647	1566703
12579	1566840	1566890
12580	1566931	1567019
12581	1567072	1567089
12582	1567174	1567210
12583	1567224	1567237
12584	1567320	1567336
12585	1567369	1567396
12586	1567480	1567504
12587	1567590	1567661
12588	1567727	1567854
12589	1567873	1567897
12590	1567973	1568026
12591	1568179	1568340
12592	1568364	1568495
12593	1568565	1568624
12594	1568699	1568768
12595	1568824	1568929
12596	1569028	1569054
12597	1569124	1569160
12598	1569275	1569333
12599	1569431	1569514
12600	1569550	1569646
12601	1569761	1569814
12602	1569848	1569885
12603	1569929	1570050
12604	1570073	1570132
12605	1570179	1570209
12606	1570245	1570301
12607	1570345	1570374
12608	1570421	1570480
12609	1570510	1570521
12610	1570541	1570581
12611	1570587	1570604
12612	1570640	1570665
12613	1570681	1570733
12614	1570756	1570867
12615	1570958	1571011
12616	1571050	1571141
12617	1571182	1571248
12618	1571307	1571411
12619	1571491	1571535
12620	1571602	1571635
12621	1571705	1571760
12622	1571817	1571884
12623	1571903	1571921
12624	1572044	1572122
12625	1572172	1572256
12626	1572296	1572324
12627	1572367	1572457
12628	1572553	1572692
12629	1572798	1572870
12630	1572921	1572978
12631	1573007	1573059
12632	1573108	1573206
12633	1573301	1573437
12634	1573476	1573529
12635	1573607	1573697
12636	1573726	1573785
12637	1573861	1573869
12638	1573923	1573969
12639	1573992	1574065
12640	1574171	1574210
12641	1574274	1574347
12642	1574419	1574436
12643	1574531	1574590
12644	1574661	1574677
12645	1574710	1574771
12646	1574888	1574977
12647	1575034	1575106
12648	1575201	1575296
12649	1575374	1575404
12650	1575467	1575523
12651	1575567	1575593
12652	1575615	1575656
12653	1575734	1575776
12654	1575860	1575904
12655	1575954	1576007
12656	1576100	1576160
12657	1576317	1576355
12658	1576388	1576460
12659	1576476	1576559
12660	1576594	1576680
12661	1576732	1576894
12662	1577008	1577058
12663	1577099	1577183
12664	1577259	1577300
12665	1577368	1577425
12666	1577470	1577496
12667	1577627	1577646
12668	1577720	1577828
12669	1577888	1577935
12670	1578042	1578054
12671	1578102	1578128
12672	1578174	1578185
12673	1578215	1578335
12674	1578393	1578457
12675	1578516	1578541
12676	1578656	1578720
12677	1578782	1578794
12678	1578894	1578928
12679	1579019	1579064
12680	1579079	1579187
12681	1579228	1579248
12682	1579368	1579381
12683	1579391	1579508
12684	1579531	1579605
12685	1579640	1579686
12686	1579745	1579753
12687	1579770	1579858
12688	1579943	1580015
12689	1580047	1580117
12690	1580202	1580299
12691	1580364	1580441
12692	1580480	1580527
12693	1580542	1580566
12694	1580588	1580637
12695	1580698	1580809
12696	1580857	1580891
12697	1580957	1580999
12698	1581062	1581134
12699	1581172	1581245
12700	1581317	1581363
12701	1581451	1581498
12702	1581590	1581617
12703	1581700	1581730
12704	1581827	1581901
12705	1581933	1582042
12706	1582154	1582213
12707	1582242	1582304
12708	1582317	1582368
12709	1582398	1582399
12710	1582487	1582518
12711	1582633	1582739
12712	1582783	1582850
12713	1582938	1583031
12714	1583107	1583197
12715	1583293	1583344
12716	1583441	1583519
12717	1583552	1583581
12718	1583688	1583718
12719	1583731	1583756
12720	1583838	1583882
12721	1583896	1583941
12722	1583990	1584058
12723	1584093	1584155
12724	1584189	1584349
12725	1584434	1584478
12726	1584554	1584624
12727	1584741	1584798
12728	1584908	1584951
12729	1584972	1585023
12730	1585064	1585108
12731	1585177	1585199
12732	1585211	1585310
12733	1585356	1585383
12734	1585452	1585562
12735	1585585	1585625
12736	1585641	1585652
12737	1585739	1585814
12738	1585866	1585945
12739	1586052	1586104
12740	1586189	1586248
12741	1586260	1586334
12742	1586405	1586522
12743	1586652	1586667
12744	1586706	1586780
12745	1586841	1586858
12746	1586917	1586999
12747	1587046	1587097
12748	1587114	1587155
12749	1587244	1587308
12750	1587403	1587460
12751	1587531	1587563
12752	1587624	1587645
12753	1587728	1587859
12754	1587888	1587975
12755	1587991	1588012
12756	1588143	1588204
12757	1588219	1588330
12758	1588374	1588426
12759	1588448	1588516
12760	1588575	1588652
12761	1588689	1588743
12762	1588791	1588874
12763	1588912	1588932
12764	1588958	1588996
12765	1589104	1589123
12766	1589184	1589259
12767	1589265	1589296
12768	1589333	1589447
12769	1589503	1589585
12770	1589648	1589680
12771	1589784	1589856
12772	1589964	1590013
12773	1590038	1590094
12774	1590130	1590175
12775	1590248	1590365
12776	1590433	1590472
12777	1590495	1590622
12778	1590673	1590777
12779	1590863	1590911
12780	1590940	1590996
12781	1591030	1591159
12782	1591188	1591237
12783	1591251	1591361
12784	1591378	1591434
12785	1591493	1591557
12786	1591634	1591684
12787	1591733	1591851
12788	1591911	1591931
12789	1591955	1592017
12790	1592128	1592249
12791	1592361	1592406
12792	1592436	1592549
12793	1592615	1592688
12794	1592699	1592803
12795	1592850	1592948
12796	1592982	1592988
12797	1593101	1593158
12798	1593216	1593297
12799	1593378	1593451
12800	1593606	1593659
12801	1593678	1593693
12802	1593739	1593830
12803	1593893	1593938
12804	1593963	1593970
12805	1594017	1594042
12806	1594142	1594215
12807	1594281	1594310
12808	1594398	1594451
12809	1594533	1594623
12810	1594734	1594816
12811	1594918	1595021
12812	1595046	1595124
12813	1595166	1595233
12814	1595279	1595314
12815	1595396	1595444
12816	1595476	1595521
12817	1595613	1595644
12818	1595669	1595747
12819	1595755	1595809
12820	1595834	1595893
12821	1595942	1595959
12822	1596067	1596155
12823	1596222	1596334
12824	1596371	1596443
12825	1596534	1596609
12826	1596656	1596718
12827	1596719	1596773
12828	1596846	1596893
12829	1597010	1597020
12830	1597102	1597160
12831	1597196	1597323
12832	1597340	1597450
12833	1597547	1597582
12834	1597630	1597663
12835	1597748	1597771
12836	1597875	1597952
12837	1597965	1598033
12838	1598081	1598165
12839	1598182	1598228
12840	1598260	1598352
12841	1598450	1598574
12842	1598640	1598678
12843	1598809	1598846
12844	1598866	1598944
12845	1598986	1599070
12846	1599166	1599205
12847	1599270	1599374
12848	1599447	1599596
12849	1599607	1599665
12850	1599695	1599716
12851	1599746	1599900
12852	1599961	1600081
12853	1600129	1600186
12854	1600237	1600251
12855	1600271	1600377
12856	1600475	1600530
12857	1600589	1600683
12858	1600741	1600795
12859	1600835	1600902
12860	1600978	1601023
12861	1601105	1601248
12862	1601273	1601341
12863	1601398	1601429
12864	1601571	1601614
12865	1601691	1601820
12866	1601910	1602013
12867	1602014	1602047
12868	1602131	1602257
12869	1602362	1602425
12870	1602465	1602554
12871	1602583	1602608
12872	1602704	1602721
12873	1602811	1602896
12874	1602920	1602955
12875	1602994	1603067
12876	1603097	1603214
12877	1603256	1603277
12878	1603408	1603463
12879	1603513	1603529
12880	1603559	1603587
12881	1603649	1603664
12882	1603721	1603790
12883	1603838	1603876
12884	1603891	1603926
12885	1603980	1603999
12886	1604097	1604168
12887	1604294	1604330
12888	1604364	1604531
12889	1604590	1604694
12890	1604741	1604818
12891	1604900	1604994
12892	1605050	1605088
12893	1605102	1605126
12894	1605153	1605207
12895	1605217	1605259
12896	1605323	1605345
12897	1605366	1605410
12898	1605500	1605567
12899	1605654	1605701
12900	1605754	1605788
12901	1605816	1605898
12902	1605948	1606078
12903	1606208	1606302
12904	1606326	1606384
12905	1606453	1606575
12906	1606595	1606633
12907	1606713	1606829
12908	1606874	1606912
12909	1606964	1607046
12910	1607094	1607103
12911	1607172	1607235
12912	1607251	1607327
12913	1607341	1607499
12914	1607526	1607620
12915	1607716	1607732
12916	1607822	1607907
12917	1607959	1607989
12918	1608002	1608086
12919	1608121	1608139
12920	1608206	1608334
12921	1608424	1608538
12922	1608646	1608740
12923	1608836	1608870
12924	1609019	1609092
12925	1609103	1609117
12926	1609227	1609292
12927	1609322	1609404
12928	1609440	1609480
12929	1609594	1609668
12930	1609722	1609792
12931	1609843	1609897
12932	1609907	1610007
12933	1610102	1610138
12934	1610184	1610222
12935	1610306	1610317
12936	1610369	1610440
12937	1610467	1610598
12938	1610662	1610738
12939	1610836	1610895
12940	1610959	1611016
12941	1611051	1611071
12942	1611113	1611126
12943	1611226	1611278
12944	1611336	1611420
12945	1611453	1611537
12946	1611584	1611602
12947	1611667	1611728
12948	1611752	1611794
12949	1611843	1611931
12950	1611993	1612141
12951	1612225	1612268
12952	1612320	1612346
12953	1612424	1612438
12954	1612506	1612562
12955	1612598	1612641
12956	1612681	1612734
12957	1612762	1612851
12958	1612905	1612929
12959	1612996	1613044
12960	1613166	1613181
12961	1613265	1613310
12962	1613360	1613487
12963	1613601	1613676
12964	1613713	1613834
12965	1613846	1613960
12966	1614024	1614137
12967	1614281	1614359
12968	1614409	1614489
12969	1614526	1614562
12970	1614606	1614660
12971	1614723	1614758
12972	1614835	1614911
12973	1615035	1615103
12974	1615137	1615160
12975	1615208	1615264
12976	1615289	1615329
12977	1615435	1615491
12978	1615536	1615558
12979	1615573	1615608
12980	1615659	1615706
12981	1615771	1615827
12982	1615918	1615936
12983	1615988	1616075
12984	1616091	1616151
12985	1616256	1616287
12986	1616407	1616486
12987	1616557	1616652
12988	1616691	1616731
12989	1616758	1616804
12990	1616833	1616857
12991	1616892	1616924
12992	1616944	1616979
12993	1617000	1617152
12994	1617197	1617259
12995	1617275	1617369
12996	1617384	1617402
12997	1617451	1617469
12998	1617546	1617560
12999	1617655	1617700
13000	1617811	1617825
13001	1617924	1617962
13002	1618038	1618098
13003	1618118	1618194
13004	1618257	1618306
13005	1618391	1618497
13006	1618626	1618787
13007	1618807	1618893
13008	1618983	1619114
13009	1619152	1619199
13010	1619275	1619307
13011	1619353	1619375
13012	1619433	1619447
13013	1619474	1619539
13014	1619577	1619615
13015	1619655	1619723
13016	1619790	1619830
13017	1619939	1620018
13018	1620090	1620158
13019	1620164	1620192
13020	1620231	1620312
13021	1620383	1620413
13022	1620482	1620558
13023	1620616	1620685
13024	1620780	1620843
13025	1620980	1621040
13026	1621080	1621124
13027	1621202	1621261
13028	1621363	1621445
13029	1621469	1621544
13030	1621553	1621613
13031	1621680	1621704
13032	1621772	1621803
13033	1621861	1621880
13034	1621957	1622048
13035	1622112	1622153
13036	1622187	1622263
13037	1622282	1622361
13038	1622439	1622511
13039	1622581	1622594
13040	1622639	1622647
13041	1622710	1622740
13042	1622826	1622893
13043	1622945	1623022
13044	1623104	1623235
13045	1623300	1623359
13046	1623444	1623523
13047	1623536	1623633
13048	1623742	1623807
13049	1623907	1623969
13050	1624033	1624139
13051	1624273	1624303
13052	1624365	1624432
13053	1624476	1624478
13054	1624519	1624612
13055	1624725	1624777
13056	1624849	1624923
13057	1624972	1625033
13058	1625098	1625137
13059	1625199	1625230
13060	1625385	1625436
13061	1625491	1625589
13062	1625596	1625672
13063	1625712	1625744
13064	1625814	1625877
13065	1626009	1626119
13066	1626181	1626280
13067	1626351	1626478
13068	1626540	1626593
13069	1626687	1626752
13070	1626800	1626891
13071	1626957	1627049
13072	1627097	1627188
13073	1627234	1627281
13074	1627338	1627354
13075	1627384	1627431
13076	1627501	1627523
13077	1627574	1627618
13078	1627706	1627847
13079	1627947	1627955
13080	1628041	1628054
13081	1628120	1628219
13082	1628321	1628360
13083	1628445	1628511
13084	1628548	1628608
13085	1628634	1628681
13086	1628712	1628778
13087	1628823	1628908
13088	1628974	1629047
13089	1629117	1629153
13090	1629201	1629273
13091	1629364	1629414
13092	1629448	1629563
13093	1629661	1629703
13094	1629759	1629786
13095	1629885	1629940
13096	1630034	1630129
13097	1630138	1630208
13098	1630262	1630313
13099	1630407	1630465
13100	1630547	1630614
13101	1630655	1630821
13102	1630845	1630915
13103	1630968	1631032
13104	1631086	1631183
13105	1631233	1631339
13106	1631345	1631405
13107	1631489	1631548
13108	1631559	1631660
13109	1631687	1631772
13110	1631780	1631908
13111	1631999	1632098
13112	1632111	1632225
13113	1632269	1632326
13114	1632349	1632451
13115	1632539	1632649
13116	1632702	1632776
13117	1632783	1632899
13118	1632970	1633083
13119	1633191	1633296
13120	1633314	1633344
13121	1633393	1633466
13122	1633569	1633703
13123	1633793	1633845
13124	1633890	1633906
13125	1633965	1634047
13126	1634095	1634184
13127	1634237	1634289
13128	1634398	1634409
13129	1634476	1634521
13130	1634573	1634637
13131	1634652	1634726
13132	1634777	1634834
13133	1634876	1634927
13134	1635008	1635120
13135	1635131	1635201
13136	1635282	1635310
13137	1635329	1635447
13138	1635553	1635637
13139	1635704	1635834
13140	1635907	1635949
13141	1636007	1636052
13142	1636093	1636128
13143	1636150	1636197
13144	1636256	1636297
13145	1636328	1636375
13146	1636444	1636518
13147	1636608	1636724
13148	1636786	1636807
13149	1636863	1636948
13150	1636982	1637013
13151	1637084	1637132
13152	1637201	1637261
13153	1637290	1637381
13154	1637499	1637534
13155	1637626	1637721
13156	1637809	1637828
13157	1637839	1637914
13158	1637966	1638028
13159	1638081	1638147
13160	1638178	1638190
13161	1638196	1638238
13162	1638317	1638386
13163	1638418	1638503
13164	1638549	1638661
13165	1638692	1638747
13166	1638790	1638856
13167	1638941	1639024
13168	1639157	1639244
13169	1639305	1639379
13170	1639403	1639507
13171	1639636	1639715
13172	1639744	1639814
13173	1639871	1639900
13174	1639925	1640011
13175	1640053	1640089
13176	1640116	1640194
13177	1640258	1640307
13178	1640332	1640401
13179	1640465	1640489
13180	1640616	1640731
13181	1640766	1640809
13182	1640829	1640862
13183	1640929	1641081
13184	1641145	1641232
13185	1641320	1641370
13186	1641407	1641435
13187	1641517	1641630
13188	1641669	1641687
13189	1641741	1641863
13190	1641964	1642046
13191	1642177	1642199
13192	1642320	1642342
13193	1642355	1642377
13194	1642409	1642474
13195	1642521	1642531
13196	1642565	1642612
13197	1642684	1642785
13198	1642810	1642831
13199	1642914	1642966
13200	1643005	1643014
13201	1643076	1643082
13202	1643114	1643141
13203	1643211	1643282
13204	1643345	1643403
13205	1643486	1643497
13206	1643571	1643623
13207	1643675	1643698
13208	1643726	1643765
13209	1643786	1643828
13210	1643896	1643902
13211	1643946	1644042
13212	1644112	1644170
13213	1644278	1644390
13214	1644427	1644448
13215	1644501	1644565
13216	1644670	1644681
13217	1644730	1644801
13218	1644825	1644878
13219	1644897	1644931
13220	1644984	1645041
13221	1645057	1645108
13222	1645211	1645247
13223	1645306	1645328
13224	1645367	1645421
13225	1645470	1645518
13226	1645624	1645707
13227	1645755	1645874
13228	1645898	1645922
13229	1645934	1646007
13230	1646111	1646213
13231	1646276	1646355
13232	1646426	1646427
13233	1646508	1646543
13234	1646616	1646634
13235	1646712	1646758
13236	1646860	1646946
13237	1646966	1646972
13238	1647030	1647102
13239	1647235	1647304
13240	1647353	1647402
13241	1647455	1647530
13242	1647590	1647620
13243	1647695	1647743
13244	1647818	1647886
13245	1647996	1648035
13246	1648112	1648233
13247	1648295	1648374
13248	1648383	1648479
13249	1648533	1648558
13250	1648649	1648684
13251	1648789	1648803
13252	1648819	1648887
13253	1649002	1649038
13254	1649065	1649087
13255	1649114	1649158
13256	1649171	1649271
13257	1649321	1649378
13258	1649467	1649549
13259	1649566	1649652
13260	1649708	1649788
13261	1649877	1650002
13262	1650047	1650053
13263	1650131	1650205
13264	1650242	1650334
13265	1650346	1650384
13266	1650436	1650555
13267	1650590	1650720
13268	1650726	1650801
13269	1650894	1650971
13270	1650994	1651035
13271	1651083	1651126
13272	1651193	1651254
13273	1651261	1651335
13274	1651358	1651413
13275	1651508	1651549
13276	1651577	1651654
13277	1651753	1651860
13278	1651961	1651997
13279	1652085	1652138
13280	1652180	1652238
13281	1652321	1652484
13282	1652533	1652539
13283	1652657	1652723
13284	1652749	1652862
13285	1653008	1653077
13286	1653083	1653134
13287	1653206	1653337
13288	1653391	1653427
13289	1653457	1653506
13290	1653588	1653687
13291	1653721	1653798
13292	1653871	1653935
13293	1654007	1654064
13294	1654135	1654207
13295	1654293	1654383
13296	1654393	1654407
13297	1654451	1654519
13298	1654553	1654594
13299	1654692	1654720
13300	1654750	1654798
13301	1654827	1654915
13302	1654976	1655060
13303	1655103	1655129
13304	1655194	1655292
13305	1655382	1655488
13306	1655567	1655577
13307	1655603	1655704
13308	1655771	1655800
13309	1655908	1655980
13310	1656057	1656146
13311	1656241	1656318
13312	1656426	1656498
13313	1656520	1656592
13314	1656624	1656715
13315	1656808	1656871
13316	1656900	1656955
13317	1656988	1657004
13318	1657070	1657142
13319	1657190	1657278
13320	1657317	1657356
13321	1657432	1657503
13322	1657597	1657685
13323	1657736	1657783
13324	1657842	1657856
13325	1657899	1657921
13326	1658034	1658133
13327	1658139	1658210
13328	1658245	1658266
13329	1658338	1658439
13330	1658514	1658570
13331	1658586	1658654
13332	1658758	1658839
13333	1658925	1658994
13334	1659082	1659177
13335	1659222	1659258
13336	1659264	1659298
13337	1659308	1659373
13338	1659423	1659536
13339	1659597	1659655
13340	1659689	1659730
13341	1659789	1659902
13342	1659937	1659952
13343	1660047	1660107
13344	1660238	1660337
13345	1660404	1660428
13346	1660474	1660501
13347	1660536	1660560
13348	1660625	1660691
13349	1660832	1660896
13350	1660985	1661056
13351	1661161	1661222
13352	1661261	1661344
13353	1661379	1661435
13354	1661536	1661683
13355	1661710	1661800
13356	1661858	1661919
13357	1662051	1662128
13358	1662185	1662271
13359	1662323	1662400
13360	1662495	1662569
13361	1662608	1662657
13362	1662728	1662832
13363	1662943	1663011
13364	1663068	1663190
13365	1663273	1663371
13366	1663382	1663427
13367	1663498	1663569
13368	1663596	1663628
13369	1663695	1663732
13370	1663813	1663896
13371	1663942	1664021
13372	1664078	1664097
13373	1664111	1664142
13374	1664165	1664250
13375	1664324	1664335
13376	1664363	1664414
13377	1664422	1664464
13378	1664545	1664599
13379	1664634	1664715
13380	1664767	1664837
13381	1664904	1664915
13382	1665003	1665083
13383	1665111	1665155
13384	1665185	1665218
13385	1665316	1665389
13386	1665437	1665527
13387	1665545	1665621
13388	1665708	1665763
13389	1665827	1665931
13390	1666057	1666139
13391	1666244	1666311
13392	1666370	1666490
13393	1666601	1666610
13394	1666682	1666744
13395	1666772	1666785
13396	1666877	1666971
13397	1667075	1667086
13398	1667204	1667247
13399	1667307	1667319
13400	1667419	1667486
13401	1667541	1667573
13402	1667665	1667726
13403	1667775	1667912
13404	1667923	1667975
13405	1668089	1668125
13406	1668166	1668251
13407	1668266	1668293
13408	1668355	1668383
13409	1668400	1668438
13410	1668490	1668531
13411	1668567	1668649
13412	1668739	1668749
13413	1668777	1668841
13414	1668927	1669027
13415	1669070	1669166
13416	1669231	1669278
13417	1669352	1669382
13418	1669412	1669468
13419	1669476	1669546
13420	1669641	1669670
13421	1669716	1669737
13422	1669863	1669954
13423	1669990	1670020
13424	1670073	1670150
13425	1670212	1670288
13426	1670421	1670504
13427	1670642	1670700
13428	1670715	1670736
13429	1670823	1670894
13430	1670989	1671040
13431	1671086	1671125
13432	1671136	1671203
13433	1671245	1671345
13434	1671399	1671486
13435	1671509	1671617
13436	1671700	1671798
13437	1671847	1671883
13438	1671934	1671968
13439	1672013	1672103
13440	1672185	1672224
13441	1672249	1672317
13442	1672400	1672421
13443	1672505	1672564
13444	1672674	1672728
13445	1672764	1672773
13446	1672850	1672909
13447	1672991	1673059
13448	1673151	1673210
13449	1673259	1673293
13450	1673347	1673432
13451	1673453	1673531
13452	1673588	1673605
13453	1673682	1673810
13454	1673897	1673904
13455	1673921	1674038
13456	1674114	1674175
13457	1674248	1674323
13458	1674385	1674482
13459	1674604	1674684
13460	1674755	1674774
13461	1674850	1674935
13462	1674987	1675083
13463	1675135	1675226
13464	1675262	1675333
13465	1675404	1675430
13466	1675472	1675491
13467	1675539	1675674
13468	1675778	1675832
13469	1675871	1675974
13470	1676040	1676113
13471	1676191	1676225
13472	1676367	1676476
13473	1676502	1676554
13474	1676645	1676778
13475	1676854	1676883
13476	1676925	1676993
13477	1677090	1677134
13478	1677163	1677231
13479	1677259	1677278
13480	1677359	1677435
13481	1677502	1677544
13482	1677570	1677629
13483	1677718	1677794
13484	1677878	1677920
13485	1677973	1678116
13486	1678229	1678269
13487	1678279	1678307
13488	1678431	1678476
13489	1678580	1678606
13490	1678651	1678674
13491	1678765	1678785
13492	1678907	1679061
13493	1679170	1679286
13494	1679318	1679409
13495	1679461	1679543
13496	1679610	1679686
13497	1679754	1679872
13498	1679908	1679935
13499	1679968	1680026
13500	1680076	1680152
13501	1680252	1680310
13502	1680342	1680365
13503	1680432	1680504
13504	1680589	1680671
13505	1680760	1680852
13506	1680914	1681003
13507	1681097	1681167
13508	1681207	1681274
13509	1681366	1681469
13510	1681546	1681572
13511	1681632	1681694
13512	1681809	1681855
13513	1681905	1681948
13514	1682020	1682030
13515	1682064	1682122
13516	1682133	1682187
13517	1682207	1682312
13518	1682343	1682406
13519	1682486	1682573
13520	1682620	1682634
13521	1682672	1682690
13522	1682733	1682793
13523	1682900	1682938
13524	1683054	1683143
13525	1683216	1683266
13526	1683315	1683408
13527	1683478	1683529
13528	1683558	1683663
13529	1683773	1683811
13530	1683895	1683960
13531	1684019	1684095
13532	1684138	1684153
13533	1684202	1684294
13534	1684362	1684376
13535	1684387	1684416
13536	1684550	1684610
13537	1684664	1684709
13538	1684806	1684832
13539	1684901	1684977
13540	1685052	1685108
13541	1685137	1685177
13542	1685243	1685356
13543	1685489	1685559
13544	1685568	1685692
13545	1685723	1685811
13546	1685855	1685899
13547	1685922	1685930
13548	1686007	1686048
13549	1686126	1686212
13550	1686236	1686265
13551	1686312	1686349
13552	1686398	1686520
13553	1686617	1686680
13554	1686735	1686781
13555	1686801	1686871
13556	1686938	1686969
13557	1687060	1687116
13558	1687222	1687268
13559	1687360	1687496
13560	1687609	1687689
13561	1687736	1687749
13562	1687759	1687785
13563	1687841	1687942
13564	1687975	1688022
13565	1688095	1688175
13566	1688210	1688291
13567	1688392	1688453
13568	1688500	1688560
13569	1688644	1688679
13570	1688720	1688784
13571	1688856	1688983
13572	1689026	1689158
13573	1689210	1689250
13574	1689339	1689407
13575	1689516	1689543
13576	1689556	1689695
13577	1689751	1689834
13578	1689876	1689913
13579	1689956	1690064
13580	1690113	1690128
13581	1690190	1690297
13582	1690365	1690485
13583	1690558	1690621
13584	1690728	1690780
13585	1690829	1690870
13586	1690902	1690964
13587	1691042	1691093
13588	1691193	1691230
13589	1691268	1691286
13590	1691408	1691484
13591	1691496	1691507
13592	1691547	1691633
13593	1691693	1691761
13594	1691814	1691833
13595	1691988	1692019
13596	1692101	1692128
13597	1692256	1692298
13598	1692409	1692518
13599	1692578	1692630
13600	1692681	1692779
13601	1692861	1692963
13602	1693034	1693056
13603	1693166	1693213
13604	1693254	1693344
13605	1693422	1693493
13606	1693590	1693710
13607	1693796	1693834
13608	1693948	1693997
13609	1694029	1694121
13610	1694216	1694297
13611	1694351	1694411
13612	1694451	1694495
13613	1694505	1694544
13614	1694658	1694688
13615	1694742	1694876
13616	1694987	1695013
13617	1695048	1695100
13618	1695178	1695245
13619	1695317	1695492
13620	1695550	1695617
13621	1695704	1695799
13622	1695917	1696001
13623	1696112	1696189
13624	1696265	1696357
13625	1696388	1696422
13626	1696451	1696509
13627	1696556	1696633
13628	1696692	1696808
13629	1696891	1696976
13630	1697009	1697078
13631	1697087	1697137
13632	1697213	1697241
13633	1697259	1697317
13634	1697414	1697506
13635	1697557	1697633
13636	1697647	1697667
13637	1697673	1697710
13638	1697785	1697813
13639	1697821	1697841
13640	1697859	1697964
13641	1697996	1698032
13642	1698095	1698221
13643	1698276	1698332
13644	1698384	1698397
13645	1698479	1698500
13646	1698567	1698639
13647	1698672	1698779
13648	1698797	1698839
13649	1698918	1698943
13650	1698978	1699058
13651	1699069	1699159
13652	1699254	1699300
13653	1699360	1699435
13654	1699476	1699553
13655	1699610	1699688
13656	1699763	1699800
13657	1699937	1699976
13658	1700021	1700057
13659	1700125	1700151
13660	1700257	1700364
13661	1700383	1700440
13662	1700506	1700590
13663	1700667	1700697
13664	1700779	1700795
13665	1700846	1700881
13666	1700934	1701000
13667	1701081	1701120
13668	1701210	1701267
13669	1701309	1701384
13670	1701435	1701498
13671	1701522	1701587
13672	1701675	1701742
13673	1701786	1701907
13674	1701931	1701993
13675	1702048	1702103
13676	1702199	1702263
13677	1702299	1702437
13678	1702517	1702640
13679	1702700	1702738
13680	1702745	1702861
13681	1702928	1703032
13682	1703146	1703174
13683	1703230	1703271
13684	1703389	1703437
13685	1703573	1703688
13686	1703789	1703854
13687	1703871	1703940
13688	1703958	1704011
13689	1704128	1704150
13690	1704258	1704339
13691	1704425	1704440
13692	1704485	1704562
13693	1704652	1704738
13694	1704805	1704881
13695	1704934	1704989
13696	1705125	1705211
13697	1705256	1705373
13698	1705398	1705443
13699	1705490	1705538
13700	1705649	1705736
13701	1705832	1705864
13702	1705942	1705971
13703	1706016	1706074
13704	1706165	1706257
13705	1706322	1706457
13706	1706549	1706641
13707	1706663	1706684
13708	1706773	1706840
13709	1706902	1706918
13710	1706990	1707058
13711	1707084	1707094
13712	1707113	1707171
13713	1707308	1707416
13714	1707436	1707541
13715	1707658	1707671
13716	1707768	1707789
13717	1707849	1707907
13718	1707922	1707935
13719	1708014	1708060
13720	1708167	1708247
13721	1708312	1708324
13722	1708398	1708489
13723	1708503	1708579
13724	1708604	1708623
13725	1708698	1708764
13726	1708893	1708968
13727	1708991	1709027
13728	1709086	1709172
13729	1709259	1709296
13730	1709312	1709399
13731	1709479	1709532
13732	1709542	1709563
13733	1709596	1709617
13734	1709656	1709712
13735	1709750	1709854
13736	1709873	1709925
13737	1709945	1710034
13738	1710036	1710100
13739	1710210	1710268
13740	1710374	1710442
13741	1710538	1710564
13742	1710703	1710711
13743	1710768	1710834
13744	1710925	1710976
13745	1711018	1711041
13746	1711113	1711216
13747	1711235	1711328
13748	1711428	1711482
13749	1711507	1711527
13750	1711550	1711599
13751	1711660	1711683
13752	1711726	1711736
13753	1711781	1711867
13754	1711959	1711968
13755	1712000	1712041
13756	1712104	1712241
13757	1712338	1712434
13758	1712481	1712569
13759	1712609	1712667
13760	1712748	1712840
13761	1712859	1712915
13762	1712983	1713113
13763	1713191	1713242
13764	1713285	1713368
13765	1713379	1713483
13766	1713614	1713633
13767	1713676	1713755
13768	1713797	1713920
13769	1713926	1713994
13770	1714022	1714064
13771	1714133	1714157
13772	1714229	1714296
13773	1714340	1714418
13774	1714553	1714649
13775	1714736	1714742
13776	1714779	1714825
13777	1714979	1715006
13778	1715086	1715184
13779	1715285	1715368
13780	1715392	1715480
13781	1715539	1715573
13782	1715601	1715649
13783	1715673	1715800
13784	1715828	1715903
13785	1715929	1715994
13786	1716023	1716086
13787	1716116	1716229
13788	1716345	1716419
13789	1716524	1716615
13790	1716667	1716694
13791	1716736	1716804
13792	1716840	1716922
13793	1717014	1717060
13794	1717122	1717188
13795	1717279	1717321
13796	1717371	1717390
13797	1717474	1717537
13798	1717638	1717685
13799	1717750	1717761
13800	1717840	1717930
13801	1717982	1718115
13802	1718180	1718230
13803	1718303	1718376
13804	1718428	1718519
13805	1718534	1718609
13806	1718638	1718686
13807	1718721	1718761
13808	1718814	1718875
13809	1718938	1718946
13810	1719064	1719145
13811	1719257	1719281
13812	1719355	1719373
13813	1719423	1719470
13814	1719585	1719635
13815	1719675	1719719
13816	1719797	1719883
13817	1719918	1720004
13818	1720114	1720192
13819	1720263	1720366
13820	1720389	1720414
13821	1720504	1720600
13822	1720658	1720734
13823	1720770	1720838
13824	1720854	1720895
13825	1720978	1720995
13826	1721026	1721087
13827	1721127	1721179
13828	1721300	1721358
13829	1721442	1721601
13830	1721703	1721838
13831	1721871	1721944
13832	1721959	1721999
13833	1722041	1722095
13834	1722160	1722184
13835	1722254	1722295
13836	1722308	1722369
13837	1722387	1722436
13838	1722501	1722513
13839	1722538	1722603
13840	1722721	1722777
13841	1722882	1722964
13842	1723081	1723150
13843	1723194	1723218
13844	1723307	1723391
13845	1723457	1723480
13846	1723508	1723534
13847	1723564	1723664
13848	1723730	1723751
13849	1723800	1723831
13850	1723914	1723944
13851	1723966	1724010
13852	1724073	1724127
13853	1724225	1724332
13854	1724348	1724463
13855	1724485	1724512
13856	1724594	1724639
13857	1724701	1724765
13858	1724831	1724863
13859	1724935	1724961
13860	1725026	1725111
13861	1725171	1725240
13862	1725320	1725399
13863	1725451	1725497
13864	1725579	1725644
13865	1725704	1725735
13866	1725836	1725889
13867	1725941	1726038
13868	1726060	1726142
13869	1726172	1726210
13870	1726314	1726380
13871	1726416	1726542
13872	1726689	1726800
13873	1726880	1727009
13874	1727070	1727150
13875	1727188	1727262
13876	1727340	1727434
13877	1727533	1727579
13878	1727609	1727630
13879	1727672	1727709
13880	1727855	1727894
13881	1727969	1728083
13882	1728107	1728114
13883	1728196	1728257
13884	1728297	1728304
13885	1728389	1728516
13886	1728581	1728671
13887	1728791	1728893
13888	1728916	1728947
13889	1729030	1729130
13890	1729153	1729235
13891	1729258	1729332
13892	1729414	1729487
13893	1729564	1729595
13894	1729739	1729767
13895	1729853	1729981
13896	1730103	1730166
13897	1730200	1730258
13898	1730281	1730368
13899	1730449	1730532
13900	1730570	1730593
13901	1730705	1730764
13902	1730794	1730905
13903	1730979	1731006
13904	1731025	1731114
13905	1731155	1731168
13906	1731200	1731224
13907	1731250	1731384
13908	1731491	1731607
13909	1731635	1731658
13910	1731716	1731821
13911	1731917	1732076
13912	1732105	1732234
13913	1732266	1732362
13914	1732377	1732481
13915	1732597	1732659
13916	1732688	1732713
13917	1732766	1732807
13918	1732842	1732923
13919	1732991	1733048
13920	1733078	1733102
13921	1733139	1733162
13922	1733227	1733252
13923	1733315	1733350
13924	1733465	1733509
13925	1733594	1733653
13926	1733747	1733818
13927	1733865	1733893
13928	1733906	1733918
13929	1733966	1733993
13930	1734028	1734042
13931	1734083	1734183
13932	1734271	1734316
13933	1734348	1734433
13934	1734444	1734475
13935	1734554	1734568
13936	1734582	1734712
13937	1734728	1734784
13938	1734888	1734935
13939	1734977	1735064
13940	1735131	1735253
13941	1735301	1735321
13942	1735375	1735441
13943	1735529	1735627
13944	1735652	1735682
13945	1735751	1735799
13946	1735829	1735912
13947	1735962	1735986
13948	1736026	1736097
13949	1736231	1736309
13950	1736342	1736420
13951	1736443	1736540
13952	1736566	1736630
13953	1736692	1736723
13954	1736779	1736873
13955	1736924	1736951
13956	1737011	1737102
13957	1737182	1737194
13958	1737335	1737394
13959	1737457	1737511
13960	1737621	1737696
13961	1737723	1737783
13962	1737822	1737915
13963	1737955	1738045
13964	1738090	1738160
13965	1738223	1738321
13966	1738406	1738422
13967	1738486	1738532
13968	1738628	1738690
13969	1738803	1738865
13970	1738959	1738991
13971	1739017	1739191
13972	1739232	1739330
13973	1739373	1739397
13974	1739521	1739570
13975	1739578	1739685
13976	1739709	1739736
13977	1739807	1739899
13978	1739978	1740052
13979	1740134	1740209
13980	1740237	1740345
13981	1740445	1740578
13982	1740639	1740713
13983	1740753	1740840
13984	1740875	1741020
13985	1741054	1741118
13986	1741124	1741183
13987	1741220	1741238
13988	1741271	1741287
13989	1741365	1741390
13990	1741451	1741494
13991	1741546	1741597
13992	1741687	1741802
13993	1741904	1741985
13994	1741992	1742029
13995	1742042	1742082
13996	1742124	1742244
13997	1742255	1742333
13998	1742357	1742402
13999	1742480	1742548
14000	1742583	1742608
14001	1742686	1742709
14002	1742733	1742861
14003	1742879	1742986
14004	1743071	1743164
14005	1743183	1743223
14006	1743244	1743323
14007	1743343	1743432
14008	1743467	1743589
14009	1743666	1743720
14010	1743739	1743831
14011	1743920	1743996
14012	1744083	1744133
14013	1744278	1744318
14014	1744370	1744451
14015	1744559	1744578
14016	1744625	1744703
14017	1744754	1744784
14018	1744825	1744922
14019	1744967	1744980
14020	1745097	1745149
14021	1745242	1745276
14022	1745340	1745437
14023	1745517	1745571
14024	1745693	1745751
14025	1745764	1745856
14026	1745967	1746062
14027	1746100	1746200
14028	1746208	1746265
14029	1746398	1746494
14030	1746576	1746641
14031	1746682	1746774
14032	1746812	1746886
14033	1746935	1746951
14034	1747084	1747096
14035	1747106	1747170
14036	1747234	1747265
14037	1747361	1747413
14038	1747425	1747438
14039	1747501	1747549
14040	1747621	1747663
14041	1747717	1747772
14042	1747867	1747948
14043	1748036	1748133
14044	1748200	1748288
14045	1748364	1748410
14046	1748470	1748585
14047	1748608	1748691
14048	1748704	1748832
14049	1748907	1748983
14050	1749031	1749062
14051	1749108	1749166
14052	1749239	1749291
14053	1749351	1749433
14054	1749457	1749545
14055	1749610	1749640
14056	1749675	1749707
14057	1749750	1749777
14058	1749894	1749955
14059	1750048	1750091
14060	1750144	1750179
14061	1750276	1750307
14062	1750459	1750487
14063	1750597	1750654
14064	1750673	1750727
14065	1750762	1750870
14066	1750925	1750959
14067	1750969	1751085
14068	1751204	1751219
14069	1751327	1751351
14070	1751427	1751463
14071	1751550	1751569
14072	1751649	1751714
14073	1751762	1751839
14074	1751873	1751962
14075	1752020	1752035
14076	1752062	1752110
14077	1752198	1752264
14078	1752315	1752374
14079	1752417	1752477
14080	1752498	1752530
14081	1752592	1752667
14082	1752734	1752790
14083	1752808	1752829
14084	1752855	1752930
14085	1752976	1753034
14086	1753165	1753285
14087	1753380	1753460
14088	1753508	1753573
14089	1753599	1753683
14090	1753696	1753720
14091	1753759	1753846
14092	1753885	1753937
14093	1754058	1754156
14094	1754260	1754293
14095	1754391	1754474
14096	1754564	1754603
14097	1754681	1754819
14098	1754920	1755083
14099	1755135	1755283
14100	1755328	1755384
14101	1755471	1755585
14102	1755598	1755645
14103	1755684	1755705
14104	1755819	1755946
14105	1756066	1756134
14106	1756200	1756239
14107	1756301	1756429
14108	1756439	1756526
14109	1756543	1756600
14110	1756606	1756728
14111	1756806	1756831
14112	1756866	1756890
14113	1756937	1756997
14114	1757064	1757114
14115	1757129	1757225
14116	1757290	1757374
14117	1757383	1757438
14118	1757459	1757533
14119	1757557	1757640
14120	1757702	1757731
14121	1757827	1757870
14122	1757898	1757910
14123	1757978	1758030
14124	1758117	1758173
14125	1758245	1758255
14126	1758320	1758422
14127	1758474	1758504
14128	1758617	1758698
14129	1758795	1758892
14130	1758930	1758949
14131	1758970	1759073
14132	1759110	1759193
14133	1759249	1759313
14134	1759358	1759380
14135	1759432	1759555
14136	1759626	1759744
14137	1759822	1759896
14138	1759966	1760017
14139	1760075	1760130
14140	1760283	1760345
14141	1760404	1760528
14142	1760569	1760655
14143	1760729	1760772
14144	1760860	1760929
14145	1760974	1761048
14146	1761140	1761157
14147	1761201	1761247
14148	1761271	1761373
14149	1761388	1761408
14150	1761455	1761531
14151	1761557	1761642
14152	1761724	1761783
14153	1761853	1761923
14154	1762078	1762120
14155	1762143	1762203
14156	1762279	1762317
14157	1762352	1762463
14158	1762502	1762539
14159	1762605	1762706
14160	1762750	1762782
14161	1762799	1762860
14162	1762892	1762953
14163	1763074	1763121
14164	1763203	1763276
14165	1763309	1763357
14166	1763444	1763490
14167	1763557	1763597
14168	1763696	1763761
14169	1763798	1763862
14170	1763927	1763973
14171	1764024	1764051
14172	1764130	1764172
14173	1764234	1764256
14174	1764351	1764368
14175	1764431	1764557
14176	1764653	1764702
14177	1764787	1764849
14178	1764876	1764896
14179	1764987	1765007
14180	1765066	1765098
14181	1765180	1765245
14182	1765298	1765317
14183	1765374	1765467
14184	1765498	1765547
14185	1765573	1765629
14186	1765654	1765711
14187	1765784	1765867
14188	1765992	1766014
14189	1766041	1766050
14190	1766125	1766150
14191	1766188	1766260
14192	1766325	1766344
14193	1766356	1766364
14194	1766429	1766467
14195	1766511	1766568
14196	1766650	1766707
14197	1766803	1766829
14198	1766892	1767032
14199	1767071	1767083
14200	1767154	1767212
14201	1767257	1767328
14202	1767345	1767392
14203	1767458	1767587
14204	1767674	1767737
14205	1767846	1767922
14206	1767944	1768038
14207	1768062	1768095
14208	1768173	1768213
14209	1768280	1768323
14210	1768393	1768484
14211	1768595	1768654
14212	1768692	1768779
14213	1768815	1768868
14214	1768949	1769053
14215	1769172	1769219
14216	1769262	1769357
14217	1769447	1769493
14218	1769517	1769577
14219	1769637	1769704
14220	1769801	1769875
14221	1769908	1770027
14222	1770142	1770210
14223	1770243	1770322
14224	1770482	1770565
14225	1770599	1770608
14226	1770675	1770761
14227	1770838	1770957
14228	1771043	1771104
14229	1771214	1771289
14230	1771372	1771404
14231	1771501	1771581
14232	1771673	1771698
14233	1771778	1771815
14234	1771866	1771963
14235	1772025	1772160
14236	1772178	1772263
14237	1772325	1772363
14238	1772477	1772595
14239	1772628	1772692
14240	1772784	1772839
14241	1772938	1773039
14242	1773086	1773163
14243	1773183	1773245
14244	1773343	1773398
14245	1773418	1773472
14246	1773626	1773694
14247	1773807	1773900
14248	1773923	1773949
14249	1773987	1774018
14250	1774030	1774157
14251	1774233	1774315
14252	1774342	1774375
14253	1774427	1774550
14254	1774692	1774724
14255	1774784	1774870
14256	1774890	1774943
14257	1774963	1775059
14258	1775141	1775159
14259	1775199	1775310
14260	1775373	1775390
14261	1775407	1775470
14262	1775531	1775572
14263	1775637	1775760
14264	1775838	1775976
14265	1776054	1776117
14266	1776218	1776281
14267	1776323	1776350
14268	1776432	1776472
14269	1776550	1776593
14270	1776723	1776807
14271	1776862	1776912
14272	1776949	1777017
14273	1777066	1777170
14274	1777246	1777322
14275	1777396	1777442
14276	1777505	1777568
14277	1777688	1777770
14278	1777917	1778022
14279	1778074	1778120
14280	1778181	1778271
14281	1778346	1778352
14282	1778366	1778433
14283	1778478	1778506
14284	1778562	1778705
14285	1778711	1778749
14286	1778788	1778800
14287	1778922	1779023
14288	1779062	1779135
14289	1779150	1779160
14290	1779193	1779302
14291	1779411	1779473
14292	1779585	1779667
14293	1779753	1779899
14294	1779910	1779957
14295	1779991	1780051
14296	1780116	1780184
14297	1780273	1780303
14298	1780425	1780507
14299	1780531	1780582
14300	1780624	1780677
14301	1780711	1780780
14302	1780902	1780957
14303	1780986	1781024
14304	1781071	1781163
14305	1781192	1781247
14306	1781272	1781290
14307	1781333	1781388
14308	1781434	1781521
14309	1781661	1781732
14310	1781855	1781891
14311	1781893	1781938
14312	1782009	1782093
14313	1782110	1782149
14314	1782227	1782249
14315	1782283	1782315
14316	1782379	1782397
14317	1782523	1782594
14318	1782614	1782682
14319	1782788	1782862
14320	1782911	1782991
14321	1783053	1783093
14322	1783144	1783213
14323	1783240	1783251
14324	1783393	1783421
14325	1783512	1783595
14326	1783755	1783783
14327	1783845	1783929
14328	1784064	1784087
14329	1784133	1784226
14330	1784227	1784339
14331	1784432	1784509
14332	1784521	1784595
14333	1784640	1784708
14334	1784782	1784848
14335	1784931	1784986
14336	1785005	1785067
14337	1785129	1785153
14338	1785233	1785261
14339	1785308	1785379
14340	1785415	1785429
14341	1785507	1785579
14342	1785640	1785674
14343	1785748	1785813
14344	1785918	1785987
14345	1786035	1786094
14346	1786111	1786173
14347	1786214	1786306
14348	1786344	1786413
14349	1786517	1786626
14350	1786721	1786742
14351	1786748	1786772
14352	1786823	1786869
14353	1786980	1786999
14354	1787039	1787090
14355	1787113	1787197
14356	1787302	1787342
14357	1787356	1787447
14358	1787506	1787577
14359	1787671	1787735
14360	1787764	1787805
14361	1787868	1787896
14362	1787944	1788002
14363	1788132	1788240
14364	1788341	1788388
14365	1788455	1788476
14366	1788542	1788637
14367	1788713	1788817
14368	1788878	1788885
14369	1788893	1788940
14370	1788970	1789061
14371	1789138	1789145
14372	1789164	1789239
14373	1789269	1789311
14374	1789357	1789456
14375	1789464	1789524
14376	1789597	1789646
14377	1789745	1789810
14378	1789825	1789873
14379	1789922	1789928
14380	1789964	1790071
14381	1790193	1790268
14382	1790344	1790427
14383	1790482	1790524
14384	1790537	1790560
14385	1790628	1790721
14386	1790839	1790902
14387	1790921	1790998
14388	1791049	1791087
14389	1791184	1791194
14390	1791211	1791255
14391	1791280	1791344
14392	1791428	1791447
14393	1791512	1791575
14394	1791641	1791709
14395	1791733	1791843
14396	1791924	1791958
14397	1792092	1792108
14398	1792117	1792194
14399	1792223	1792255
14400	1792289	1792441
14401	1792465	1792482
14402	1792618	1792696
14403	1792715	1792809
14404	1792880	1792913
14405	1792923	1792941
14406	1792987	1793006
14407	1793030	1793141
14408	1793165	1793266
14409	1793308	1793329
14410	1793365	1793409
14411	1793489	1793553
14412	1793662	1793700
14413	1793803	1793823
14414	1793904	1793936
14415	1794039	1794066
14416	1794138	1794175
14417	1794279	1794369
14418	1794410	1794480
14419	1794550	1794562
14420	1794690	1794710
14421	1794726	1794797
14422	1794894	1795054
14423	1795088	1795126
14424	1795194	1795213
14425	1795269	1795289
14426	1795315	1795383
14427	1795519	1795563
14428	1795587	1795626
14429	1795654	1795703
14430	1795775	1795814
14431	1795845	1795939
14432	1795994	1796025
14433	1796082	1796143
14434	1796160	1796284
14435	1796363	1796393
14436	1796402	1796464
14437	1796508	1796522
14438	1796623	1796654
14439	1796775	1796788
14440	1796865	1796913
14441	1796922	1796959
14442	1797008	1797095
14443	1797174	1797261
14444	1797331	1797418
14445	1797530	1797592
14446	1797609	1797641
14447	1797668	1797708
14448	1797723	1797746
14449	1797801	1797848
14450	1797879	1797894
14451	1797908	1797974
14452	1797982	1797998
14453	1798028	1798041
14454	1798078	1798142
14455	1798180	1798208
14456	1798256	1798323
14457	1798460	1798509
14458	1798531	1798567
14459	1798622	1798663
14460	1798682	1798706
14461	1798721	1798767
14462	1798886	1798896
14463	1798970	1799016
14464	1799032	1799073
14465	1799114	1799135
14466	1799237	1799282
14467	1799304	1799327
14468	1799335	1799399
14469	1799449	1799542
14470	1799664	1799685
14471	1799697	1799800
14472	1799808	1799830
14473	1799913	1799977
14474	1800065	1800071
14475	1800106	1800129
14476	1800215	1800242
14477	1800351	1800488
14478	1800578	1800680
14479	1800778	1800901
14480	1800965	1801029
14481	1801074	1801160
14482	1801215	1801222
14483	1801344	1801373
14484	1801454	1801488
14485	1801522	1801656
14486	1801712	1801771
14487	1801779	1801815
14488	1801878	1801990
14489	1802026	1802096
14490	1802185	1802204
14491	1802281	1802346
14492	1802392	1802438
14493	1802456	1802558
14494	1802635	1802680
14495	1802738	1802825
14496	1802856	1802910
14497	1802996	1803062
14498	1803099	1803125
14499	1803220	1803233
14500	1803329	1803372
14501	1803390	1803519
14502	1803568	1803675
14503	1803682	1803734
14504	1803863	1803925
14505	1804006	1804122
14506	1804151	1804242
14507	1804263	1804405
14508	1804539	1804559
14509	1804599	1804662
14510	1804699	1804734
14511	1804767	1804853
14512	1804938	1805022
14513	1805100	1805144
14514	1805163	1805244
14515	1805313	1805409
14516	1805503	1805513
14517	1805595	1805727
14518	1805812	1805826
14519	1805892	1805928
14520	1805991	1806047
14521	1806124	1806194
14522	1806257	1806312
14523	1806395	1806442
14524	1806532	1806567
14525	1806702	1806806
14526	1806839	1806977
14527	1807020	1807104
14528	1807112	1807165
14529	1807178	1807228
14530	1807277	1807358
14531	1807452	1807535
14532	1807662	1807712
14533	1807811	1807865
14534	1807895	1807967
14535	1808025	1808105
14536	1808153	1808254
14537	1808276	1808350
14538	1808372	1808451
14539	1808458	1808494
14540	1808547	1808637
14541	1808768	1808785
14542	1808847	1808879
14543	1808926	1809010
14544	1809116	1809126
14545	1809139	1809198
14546	1809278	1809319
14547	1809344	1809352
14548	1809423	1809469
14549	1809521	1809555
14550	1809668	1809677
14551	1809702	1809740
14552	1809808	1809881
14553	1809982	1810083
14554	1810147	1810250
14555	1810328	1810386
14556	1810441	1810534
14557	1810619	1810661
14558	1810713	1810732
14559	1810750	1810856
14560	1810922	1810969
14561	1811114	1811231
14562	1811259	1811306
14563	1811452	1811580
14564	1811687	1811729
14565	1811806	1811828
14566	1811916	1812004
14567	1812054	1812140
14568	1812218	1812323
14569	1812366	1812413
14570	1812481	1812505
14571	1812599	1812611
14572	1812632	1812746
14573	1812829	1812911
14574	1812954	1813051
14575	1813070	1813149
14576	1813268	1813284
14577	1813424	1813548
14578	1813636	1813656
14579	1813700	1813765
14580	1813807	1813826
14581	1813911	1813978
14582	1814096	1814141
14583	1814234	1814287
14584	1814404	1814484
14585	1814652	1814765
14586	1814875	1814890
14587	1814916	1815004
14588	1815049	1815113
14589	1815165	1815255
14590	1815274	1815332
14591	1815385	1815414
14592	1815441	1815491
14593	1815575	1815744
14594	1815869	1815887
14595	1816000	1816097
14596	1816180	1816254
14597	1816279	1816367
14598	1816427	1816585
14599	1816689	1816751
14600	1816845	1816851
14601	1816895	1816909
14602	1816980	1817089
14603	1817176	1817278
14604	1817312	1817433
14605	1817541	1817593
14606	1817693	1817753
14607	1817813	1817882
14608	1817981	1818057
14609	1818077	1818149
14610	1818273	1818340
14611	1818439	1818500
14612	1818533	1818675
14613	1818823	1818925
14614	1818952	1819056
14615	1819142	1819200
14616	1819244	1819302
14617	1819403	1819488
14618	1819573	1819621
14619	1819717	1819740
14620	1819838	1819850
14621	1819873	1819911
14622	1819918	1820003
14623	1820085	1820216
14624	1820278	1820348
14625	1820383	1820517
14626	1820620	1820635
14627	1820693	1820739
14628	1820746	1820882
14629	1821025	1821097
14630	1821208	1821242
14631	1821261	1821324
14632	1821377	1821436
14633	1821527	1821567
14634	1821612	1821707
14635	1821727	1821773
14636	1821840	1821891
14637	1821959	1822076
14638	1822121	1822219
14639	1822260	1822355
14640	1822375	1822515
14641	1822537	1822557
14642	1822632	1822716
14643	1822730	1822744
14644	1822763	1822877
14645	1822922	1823034
14646	1823046	1823128
14647	1823209	1823311
14648	1823374	1823418
14649	1823485	1823586
14650	1823599	1823658
14651	1823743	1823805
14652	1823832	1823933
14653	1824022	1824063
14654	1824140	1824191
14655	1824228	1824365
14656	1824467	1824490
14657	1824504	1824535
14658	1824606	1824627
14659	1824653	1824704
14660	1824782	1824821
14661	1824846	1824937
14662	1825040	1825134
14663	1825169	1825244
14664	1825339	1825405
14665	1825521	1825560
14666	1825581	1825643
14667	1825714	1825778
14668	1825823	1825889
14669	1825947	1826053
14670	1826112	1826186
14671	1826270	1826356
14672	1826375	1826428
14673	1826486	1826501
14674	1826569	1826591
14675	1826664	1826796
14676	1826846	1826867
14677	1826964	1827065
14678	1827077	1827193
14679	1827224	1827264
14680	1827387	1827401
14681	1827458	1827587
14682	1827666	1827718
14683	1827792	1827906
14684	1827969	1828058
14685	1828099	1828180
14686	1828268	1828313
14687	1828444	1828500
14688	1828526	1828592
14689	1828703	1828784
14690	1828853	1828911
14691	1829027	1829106
14692	1829196	1829223
14693	1829285	1829351
14694	1829357	1829423
14695	1829468	1829525
14696	1829560	1829584
14697	1829646	1829685
14698	1829694	1829856
14699	1829915	1830016
14700	1830069	1830089
14701	1830185	1830255
14702	1830299	1830372
14703	1830452	1830608
14704	1830642	1830674
14705	1830725	1830763
14706	1830783	1830887
14707	1830944	1831001
14708	1831058	1831068
14709	1831147	1831243
14710	1831317	1831356
14711	1831448	1831509
14712	1831606	1831663
14713	1831698	1831764
14714	1831841	1831867
14715	1831950	1831960
14716	1831987	1831989
14717	1832008	1832032
14718	1832102	1832204
14719	1832221	1832346
14720	1832382	1832383
14721	1832479	1832515
14722	1832542	1832558
14723	1832602	1832721
14724	1832766	1832835
14725	1832893	1832945
14726	1833087	1833108
14727	1833154	1833267
14728	1833320	1833352
14729	1833421	1833523
14730	1833569	1833637
14731	1833692	1833716
14732	1833775	1833883
14733	1833928	1833994
14734	1834055	1834169
14735	1834239	1834341
14736	1834417	1834464
14737	1834492	1834578
14738	1834626	1834646
14739	1834721	1834744
14740	1834825	1834946
14741	1834974	1835023
14742	1835092	1835210
14743	1835258	1835312
14744	1835365	1835398
14745	1835505	1835522
14746	1835551	1835568
14747	1835647	1835735
14748	1835755	1835819
14749	1835831	1835944
14750	1836016	1836053
14751	1836124	1836162
14752	1836229	1836239
14753	1836280	1836370
14754	1836506	1836580
14755	1836597	1836705
14756	1836734	1836795
14757	1836847	1836927
14758	1836980	1837060
14759	1837146	1837202
14760	1837252	1837333
14761	1837402	1837494
14762	1837525	1837573
14763	1837644	1837729
14764	1837803	1837914
14765	1837975	1838019
14766	1838079	1838220
14767	1838256	1838341
14768	1838436	1838488
14769	1838587	1838677
14770	1838743	1838770
14771	1838824	1838903
14772	1838958	1838999
14773	1839138	1839154
14774	1839230	1839240
14775	1839342	1839441
14776	1839442	1839461
14777	1839532	1839640
14778	1839690	1839739
14779	1839780	1839849
14780	1839865	1839908
14781	1839954	1839984
14782	1840038	1840139
14783	1840191	1840296
14784	1840424	1840505
14785	1840565	1840668
14786	1840740	1840762
14787	1840865	1840948
14788	1840962	1840986
14789	1841027	1841050
14790	1841155	1841238
14791	1841334	1841388
14792	1841404	1841484
14793	1841524	1841659
14794	1841713	1841803
14795	1841861	1841971
14796	1842055	1842110
14797	1842231	1842299
14798	1842360	1842417
14799	1842461	1842510
14800	1842574	1842677
14801	1842689	1842780
14802	1842787	1842838
14803	1842903	1842993
14804	1843023	1843060
14805	1843092	1843158
14806	1843253	1843357
14807	1843491	1843552
14808	1843624	1843666
14809	1843753	1843856
14810	1843923	1843982
14811	1844091	1844164
14812	1844212	1844304
14813	1844316	1844377
14814	1844424	1844459
14815	1844549	1844597
14816	1844727	1844825
14817	1844842	1844892
14818	1844931	1844972
14819	1845004	1845044
14820	1845079	1845092
14821	1845142	1845231
14822	1845295	1845307
14823	1845425	1845461
14824	1845538	1845659
14825	1845765	1845776
14826	1845808	1845892
14827	1845926	1845991
14828	1846050	1846124
14829	1846141	1846245
14830	1846263	1846351
14831	1846396	1846440
14832	1846510	1846583
14833	1846602	1846707
14834	1846769	1846894
14835	1846940	1846987
14836	1847022	1847113
14837	1847179	1847211
14838	1847225	1847279
14839	1847291	1847350
14840	1847421	1847494
14841	1847611	1847704
14842	1847756	1847828
14843	1847859	1847981
14844	1848040	1848129
14845	1848189	1848239
14846	1848287	1848307
14847	1848410	1848500
14848	1848590	1848632
14849	1848710	1848801
14850	1848933	1849001
14851	1849054	1849080
14852	1849150	1849270
14853	1849312	1849373
14854	1849500	1849523
14855	1849553	1849576
14856	1849677	1849725
14857	1849792	1849863
14858	1849886	1849916
14859	1849973	1850028
14860	1850101	1850115
14861	1850195	1850305
14862	1850413	1850443
14863	1850542	1850600
14864	1850614	1850691
14865	1850743	1850814
14866	1850898	1850906
14867	1850924	1851000
14868	1851160	1851213
14869	1851257	1851269
14870	1851281	1851388
14871	1851438	1851458
14872	1851475	1851523
14873	1851583	1851654
14874	1851692	1851727
14875	1851787	1851805
14876	1851860	1851948
14877	1852091	1852101
14878	1852189	1852235
14879	1852279	1852371
14880	1852410	1852494
14881	1852543	1852619
14882	1852676	1852714
14883	1852763	1852848
14884	1852859	1852958
14885	1853021	1853055
14886	1853082	1853129
14887	1853234	1853337
14888	1853397	1853433
14889	1853520	1853564
14890	1853687	1853818
14891	1853882	1853915
14892	1854009	1854027
14893	1854127	1854154
14894	1854164	1854281
14895	1854324	1854370
14896	1854443	1854457
14897	1854483	1854526
14898	1854576	1854601
14899	1854668	1854729
14900	1854771	1854886
14901	1854929	1854981
14902	1855046	1855092
14903	1855161	1855226
14904	1855307	1855356
14905	1855442	1855448
14906	1855514	1855571
14907	1855628	1855725
14908	1855856	1855949
14909	1856044	1856126
14910	1856213	1856248
14911	1856279	1856325
14912	1856362	1856390
14913	1856495	1856510
14914	1856584	1856665
14915	1856692	1856744
14916	1856806	1856898
14917	1857009	1857074
14918	1857089	1857095
14919	1857110	1857184
14920	1857206	1857258
14921	1857314	1857346
14922	1857480	1857555
14923	1857639	1857688
14924	1857782	1857836
14925	1857852	1857862
14926	1857890	1858002
14927	1858076	1858128
14928	1858212	1858323
14929	1858358	1858413
14930	1858525	1858622
14931	1858703	1858772
14932	1858787	1858797
14933	1858866	1858988
14934	1859021	1859052
14935	1859104	1859112
14936	1859141	1859156
14937	1859242	1859262
14938	1859304	1859337
14939	1859447	1859481
14940	1859520	1859548
14941	1859594	1859620
14942	1859686	1859764
14943	1859895	1859924
14944	1859953	1860071
14945	1860142	1860200
14946	1860224	1860351
14947	1860425	1860487
14948	1860506	1860546
14949	1860627	1860640
14950	1860693	1860709
14951	1860842	1860909
14952	1860988	1861004
14953	1861067	1861138
14954	1861169	1861229
14955	1861293	1861388
14956	1861465	1861574
14957	1861610	1861688
14958	1861821	1861846
14959	1861871	1861909
14960	1861939	1861998
14961	1862015	1862036
14962	1862089	1862148
14963	1862221	1862310
14964	1862388	1862444
14965	1862533	1862603
14966	1862715	1862811
14967	1862907	1862952
14968	1862978	1863046
14969	1863155	1863245
14970	1863287	1863310
14971	1863357	1863369
14972	1863433	1863488
14973	1863506	1863593
14974	1863641	1863681
14975	1863719	1863835
14976	1863883	1863963
14977	1864006	1864076
14978	1864125	1864142
14979	1864203	1864261
14980	1864292	1864335
14981	1864367	1864415
14982	1864508	1864574
14983	1864623	1864650
14984	1864673	1864732
14985	1864763	1864821
14986	1864856	1864877
14987	1864979	1865069
14988	1865152	1865261
14989	1865285	1865376
14990	1865459	1865541
14991	1865649	1865657
14992	1865754	1865792
14993	1865836	1865981
14994	1866018	1866099
14995	1866248	1866366
14996	1866420	1866501
14997	1866561	1866606
14998	1866643	1866749
14999	1866775	1866806
15000	1866834	1866887
15001	1866994	1867060
15002	1867134	1867159
15003	1867217	1867223
15004	1867297	1867388
15005	1867492	1867563
15006	1867601	1867665
15007	1867697	1867736
15008	1867814	1867848
15009	1867928	1867973
15010	1868041	1868133
15011	1868161	1868220
15012	1868374	1868381
15013	1868391	1868453
15014	1868512	1868548
15015	1868590	1868632
15016	1868662	1868702
15017	1868789	1868851
15018	1868968	1869093
15019	1869136	1869290
15020	1869308	1869374
15021	1869432	1869457
15022	1869571	1869642
15023	1869726	1869822
15024	1869882	1869906
15025	1869980	1870036
15026	1870124	1870234
15027	1870271	1870309
15028	1870364	1870438
15029	1870493	1870565
15030	1870584	1870669
15031	1870701	1870802
15032	1870876	1870887
15033	1871001	1871053
15034	1871100	1871138
15035	1871183	1871189
15036	1871292	1871377
15037	1871400	1871472
15038	1871568	1871619
15039	1871673	1871725
15040	1871854	1871954
15041	1872050	1872131
15042	1872203	1872291
15043	1872401	1872485
15044	1872531	1872584
15045	1872744	1872820
15046	1872843	1872923
15047	1872978	1872986
15048	1873038	1873093
15049	1873157	1873241
15050	1873294	1873310
15051	1873355	1873486
15052	1873534	1873555
15053	1873674	1873736
15054	1873849	1873890
15055	1873924	1874071
15056	1874187	1874283
15057	1874314	1874405
15058	1874412	1874468
15059	1874514	1874608
15060	1874666	1874750
15061	1874793	1874897
15062	1874922	1875031
15063	1875112	1875140
15064	1875256	1875277
15065	1875364	1875476
15066	1875555	1875614
15067	1875621	1875645
15068	1875662	1875775
15069	1875914	1875991
15070	1876013	1876048
15071	1876064	1876097
15072	1876183	1876311
15073	1876347	1876373
15074	1876460	1876485
15075	1876517	1876605
15076	1876647	1876741
15077	1876756	1876774
15078	1876919	1876952
15079	1877075	1877156
15080	1877208	1877321
15081	1877325	1877359
15082	1877533	1877662
15083	1877704	1877843
15084	1877934	1877999
15085	1878049	1878066
15086	1878090	1878120
15087	1878224	1878273
15088	1878294	1878365
15089	1878460	1878589
15090	1878666	1878738
15091	1878784	1878821
15092	1878875	1878938
15093	1878978	1879043
15094	1879103	1879179
15095	1879276	1879413
15096	1879423	1879434
15097	1879521	1879531
15098	1879691	1879805
15099	1879818	1879887
15100	1879968	1880031
15101	1880169	1880283
15102	1880372	1880434
15103	1880574	1880622
15104	1880638	1880784
15105	1880836	1880890
15106	1880952	1881001
15107	1881097	1881111
15108	1881195	1881239
15109	1881338	1881388
15110	1881419	1881498
15111	1881526	1881569
15112	1881599	1881698
15113	1881776	1881844
15114	1881907	1881972
15115	1882010	1882096
15116	1882114	1882153
15117	1882248	1882280
15118	1882371	1882440
15119	1882582	1882636
15120	1882672	1882692
15121	1882808	1882900
15122	1882989	1883110
15123	1883176	1883194
15124	1883219	1883237
15125	1883273	1883320
15126	1883425	1883466
15127	1883523	1883601
15128	1883610	1883673
15129	1883730	1883777
15130	1883892	1884008
15131	1884049	1884133
15132	1884212	1884276
15133	1884314	1884422
15134	1884515	1884549
15135	1884572	1884627
15136	1884679	1884791
15137	1884833	1884902
15138	1884957	1885008
15139	1885112	1885120
15140	1885205	1885299
15141	1885356	1885384
15142	1885454	1885518
15143	1885547	1885574
15144	1885678	1885722
15145	1885848	1885947
15146	1886064	1886128
15147	1886166	1886226
15148	1886265	1886330
15149	1886346	1886401
15150	1886449	1886469
15151	1886579	1886596
15152	1886625	1886664
15153	1886741	1886761
15154	1886833	1886880
15155	1886970	1887032
15156	1887121	1887233
15157	1887276	1887400
15158	1887508	1887547
15159	1887557	1887581
15160	1887684	1887699
15161	1887752	1887836
15162	1887924	1887984
15163	1888038	1888132
15164	1888190	1888287
15165	1888334	1888424
15166	1888496	1888521
15167	1888544	1888597
15168	1888625	1888650
15169	1888711	1888761
15170	1888896	1888917
15171	1889006	1889119
15172	1889196	1889219
15173	1889259	1889298
15174	1889425	1889470
15175	1889486	1889604
15176	1889663	1889725
15177	1889766	1889866
15178	1889888	1889993
15179	1890058	1890180
15180	1890217	1890239
15181	1890317	1890392
15182	1890400	1890422
15183	1890474	1890510
15184	1890606	1890684
15185	1890709	1890756
15186	1890905	1890969
15187	1891015	1891159
15188	1891216	1891279
15189	1891332	1891383
15190	1891463	1891513
15191	1891548	1891577
15192	1891589	1891642
15193	1891723	1891748
15194	1891842	1891872
15195	1891882	1891981
15196	1891998	1892061
15197	1892100	1892150
15198	1892189	1892227
15199	1892234	1892285
15200	1892328	1892390
15201	1892499	1892515
15202	1892569	1892597
15203	1892672	1892706
15204	1892783	1892864
15205	1892932	1892966
15206	1893084	1893162
15207	1893226	1893310
15208	1893329	1893441
15209	1893493	1893545
15210	1893596	1893683
15211	1893729	1893753
15212	1893797	1893895
15213	1893975	1894066
15214	1894112	1894206
15215	1894267	1894310
15216	1894435	1894508
15217	1894572	1894679
15218	1894691	1894755
15219	1894799	1894824
15220	1894830	1894865
15221	1894875	1894932
15222	1895058	1895075
15223	1895150	1895209
15224	1895239	1895334
15225	1895365	1895427
15226	1895438	1895497
15227	1895574	1895633
15228	1895691	1895780
15229	1895796	1895836
15230	1895873	1895901
15231	1895980	1896017
15232	1896031	1896115
15233	1896149	1896155
15234	1896194	1896214
15235	1896255	1896300
15236	1896421	1896437
15237	1896487	1896622
15238	1896644	1896757
15239	1896785	1896865
15240	1896901	1897034
15241	1897091	1897163
15242	1897206	1897271
15243	1897327	1897372
15244	1897393	1897492
15245	1897502	1897559
15246	1897630	1897702
15247	1897744	1897762
15248	1897775	1897895
15249	1897971	1898014
15250	1898069	1898202
15251	1898262	1898329
15252	1898455	1898546
15253	1898608	1898674
15254	1898743	1898779
15255	1898854	1898957
15256	1898975	1899037
15257	1899165	1899202
15258	1899289	1899305
15259	1899410	1899451
15260	1899475	1899493
15261	1899512	1899587
15262	1899622	1899775
15263	1899787	1899815
15264	1899916	1899937
15265	1899974	1900016
15266	1900050	1900156
15267	1900206	1900337
15268	1900377	1900387
15269	1900447	1900480
15270	1900535	1900604
15271	1900615	1900682
15272	1900739	1900752
15273	1900773	1900850
15274	1900931	1900986
15275	1901066	1901123
15276	1901137	1901203
15277	1901227	1901304
15278	1901368	1901419
15279	1901500	1901567
15280	1901662	1901714
15281	1901751	1901830
15282	1901925	1901939
15283	1901994	1902092
15284	1902177	1902224
15285	1902245	1902317
15286	1902364	1902452
15287	1902462	1902568
15288	1902598	1902621
15289	1902666	1902740
15290	1902857	1902876
15291	1902965	1903050
15292	1903074	1903123
15293	1903197	1903281
15294	1903345	1903368
15295	1903418	1903455
15296	1903515	1903609
15297	1903677	1903754
15298	1903787	1903875
15299	1903916	1904032
15300	1904051	1904105
15301	1904151	1904224
15302	1904267	1904281
15303	1904374	1904406
15304	1904426	1904465
15305	1904481	1904533
15306	1904558	1904593
15307	1904606	1904697
15308	1904745	1904786
15309	1904824	1904860
15310	1904875	1904992
15311	1905047	1905113
15312	1905202	1905246
15313	1905265	1905310
15314	1905386	1905466
15315	1905492	1905529
15316	1905615	1905695
15317	1905766	1905775
15318	1905851	1905918
15319	1905956	1906005
15320	1906117	1906180
15321	1906245	1906372
15322	1906423	1906481
15323	1906523	1906535
15324	1906642	1906722
15325	1906748	1906836
15326	1906878	1906941
15327	1907017	1907029
15328	1907072	1907159
15329	1907199	1907303
15330	1907387	1907428
15331	1907452	1907465
15332	1907484	1907619
15333	1907728	1907743
15334	1907847	1907879
15335	1907914	1907928
15336	1907994	1908080
15337	1908135	1908159
15338	1908245	1908353
15339	1908411	1908545
15340	1908576	1908669
15341	1908714	1908807
15342	1908820	1908837
15343	1908845	1908890
15344	1908923	1908951
15345	1909049	1909110
15346	1909141	1909218
15347	1909273	1909353
15348	1909411	1909426
15349	1909475	1909557
15350	1909593	1909648
15351	1909671	1909768
15352	1909831	1909904
15353	1909959	1910046
15354	1910077	1910137
15355	1910158	1910195
15356	1910234	1910350
15357	1910431	1910486
15358	1910569	1910621
15359	1910670	1910690
15360	1910761	1910888
15361	1910948	1911006
15362	1911033	1911160
15363	1911295	1911363
15364	1911426	1911522
15365	1911576	1911655
15366	1911721	1911746
15367	1911774	1911831
15368	1911868	1911918
15369	1911955	1912010
15370	1912054	1912089
15371	1912161	1912267
15372	1912343	1912354
15373	1912426	1912449
15374	1912456	1912542
15375	1912562	1912626
15376	1912659	1912750
15377	1912827	1912862
15378	1912903	1912991
15379	1913053	1913090
15380	1913180	1913277
15381	1913385	1913458
15382	1913499	1913578
15383	1913652	1913709
15384	1913773	1913785
15385	1913889	1913934
15386	1914052	1914134
15387	1914200	1914260
15388	1914348	1914398
15389	1914413	1914472
15390	1914510	1914583
15391	1914605	1914656
15392	1914672	1914719
15393	1914865	1914911
15394	1914938	1914977
15395	1915007	1915036
15396	1915104	1915117
15397	1915156	1915162
15398	1915183	1915251
15399	1915274	1915294
15400	1915421	1915505
15401	1915575	1915668
15402	1915680	1915733
15403	1915831	1915887
15404	1915959	1916074
15405	1916118	1916182
15406	1916280	1916317
15407	1916376	1916466
15408	1916479	1916512
15409	1916558	1916694
15410	1916789	1916835
15411	1916853	1916932
15412	1917063	1917113
15413	1917166	1917213
15414	1917257	1917353
15415	1917364	1917420
15416	1917484	1917592
15417	1917710	1917723
15418	1917803	1917854
15419	1917873	1917924
15420	1917987	1918058
15421	1918112	1918143
15422	1918210	1918317
15423	1918319	1918355
15424	1918474	1918543
15425	1918612	1918662
15426	1918694	1918766
15427	1918852	1918900
15428	1918918	1918935
15429	1918954	1919101
15430	1919181	1919228
15431	1919271	1919286
15432	1919329	1919337
15433	1919378	1919424
15434	1919453	1919530
15435	1919651	1919706
15436	1919807	1919872
15437	1919917	1919959
15438	1919969	1920037
15439	1920048	1920100
15440	1920193	1920233
15441	1920321	1920348
15442	1920410	1920440
15443	1920453	1920487
15444	1920548	1920637
15445	1920677	1920744
15446	1920825	1920838
15447	1920868	1920971
15448	1921075	1921114
15449	1921200	1921217
15450	1921242	1921316
15451	1921430	1921453
15452	1921485	1921563
15453	1921607	1921641
15454	1921715	1921749
15455	1921769	1921808
15456	1921846	1921959
15457	1922064	1922112
15458	1922135	1922221
15459	1922261	1922287
15460	1922309	1922346
15461	1922394	1922415
15462	1922425	1922448
15463	1922558	1922623
15464	1922675	1922753
15465	1922812	1922847
15466	1922877	1922902
15467	1922914	1922995
15468	1923077	1923096
15469	1923179	1923298
15470	1923305	1923386
15471	1923488	1923558
15472	1923634	1923700
15473	1923768	1923832
15474	1923866	1923933
15475	1923950	1924051
15476	1924123	1924170
15477	1924191	1924307
15478	1924370	1924435
15479	1924448	1924490
15480	1924563	1924691
15481	1924737	1924787
15482	1924796	1924857
15483	1924918	1925040
15484	1925134	1925208
15485	1925222	1925356
15486	1925424	1925510
15487	1925571	1925653
15488	1925708	1925742
15489	1925836	1925949
15490	1926004	1926085
15491	1926182	1926197
15492	1926281	1926377
15493	1926431	1926440
15494	1926477	1926609
15495	1926654	1926705
15496	1926781	1926893
15497	1926933	1927031
15498	1927077	1927163
15499	1927200	1927214
15500	1927229	1927359
15501	1927406	1927450
15502	1927469	1927543
15503	1927576	1927659
15504	1927750	1927798
15505	1927870	1927891
15506	1927908	1927936
15507	1928050	1928118
15508	1928151	1928331
15509	1928469	1928486
15510	1928564	1928659
15511	1928773	1928830
15512	1928898	1928931
15513	1928983	1929035
15514	1929115	1929208
15515	1929305	1929377
15516	1929467	1929549
15517	1929572	1929586
15518	1929659	1929792
15519	1929858	1929897
15520	1929908	1929976
15521	1930029	1930035
15522	1930173	1930197
15523	1930266	1930367
15524	1930443	1930492
15525	1930550	1930674
15526	1930696	1930752
15527	1930807	1930946
15528	1931019	1931045
15529	1931073	1931087
15530	1931140	1931230
15531	1931366	1931484
15532	1931497	1931572
15533	1931710	1931742
15534	1931767	1931847
15535	1931925	1931958
15536	1932054	1932150
15537	1932261	1932278
15538	1932321	1932395
15539	1932442	1932526
15540	1932612	1932646
15541	1932697	1932761
15542	1932830	1932853
15543	1932915	1933009
15544	1933037	1933079
15545	1933183	1933312
15546	1933372	1933438
15547	1933519	1933565
15548	1933604	1933626
15549	1933677	1933697
15550	1933736	1933750
15551	1933789	1933859
15552	1933938	1934048
15553	1934122	1934133
15554	1934146	1934215
15555	1934251	1934323
15556	1934390	1934417
15557	1934480	1934533
15558	1934652	1934778
15559	1934812	1934837
15560	1934908	1935032
15561	1935064	1935194
15562	1935213	1935263
15563	1935345	1935426
15564	1935475	1935537
15565	1935627	1935676
15566	1935741	1935751
15567	1935873	1935887
15568	1935957	1936002
15569	1936109	1936208
15570	1936291	1936366
15571	1936428	1936516
15572	1936534	1936587
15573	1936650	1936724
15574	1936827	1936848
15575	1936935	1937024
15576	1937099	1937168
15577	1937218	1937325
15578	1937343	1937364
15579	1937453	1937505
15580	1937557	1937606
15581	1937648	1937718
15582	1937771	1937851
15583	1937930	1938045
15584	1938071	1938215
15585	1938300	1938311
15586	1938369	1938375
15587	1938422	1938446
15588	1938532	1938635
15589	1938693	1938713
15590	1938764	1938802
15591	1938825	1938876
15592	1938978	1939013
15593	1939060	1939119
15594	1939268	1939367
15595	1939393	1939500
15596	1939543	1939587
15597	1939669	1939727
15598	1939770	1939821
15599	1939835	1939845
15600	1939944	1940009
15601	1940068	1940108
15602	1940156	1940191
15603	1940254	1940323
15604	1940335	1940382
15605	1940447	1940473
15606	1940631	1940685
15607	1940732	1940803
15608	1940837	1940956
15609	1941002	1941060
15610	1941216	1941263
15611	1941354	1941426
15612	1941514	1941526
15613	1941583	1941640
15614	1941659	1941680
15615	1941754	1941804
15616	1941811	1941858
15617	1941932	1942030
15618	1942095	1942167
15619	1942203	1942250
15620	1942303	1942392
15621	1942445	1942484
15622	1942592	1942691
15623	1942720	1942735
15624	1942837	1942900
15625	1942954	1943073
15626	1943097	1943111
15627	1943176	1943291
15628	1943306	1943419
15629	1943532	1943538
15630	1943585	1943673
15631	1943788	1943891
15632	1943964	1943983
15633	1944032	1944064
15634	1944113	1944203
15635	1944259	1944341
15636	1944422	1944448
15637	1944461	1944485
15638	1944558	1944598
15639	1944698	1944751
15640	1944808	1944832
15641	1944926	1944944
15642	1945057	1945151
15643	1945265	1945327
15644	1945366	1945525
15645	1945605	1945619
15646	1945717	1945787
15647	1945829	1945965
15648	1946024	1946081
15649	1946172	1946265
15650	1946276	1946379
15651	1946445	1946528
15652	1946612	1946665
15653	1946718	1946784
15654	1946815	1946850
15655	1946905	1946966
15656	1947015	1947048
15657	1947158	1947231
15658	1947268	1947286
15659	1947334	1947433
15660	1947530	1947613
15661	1947681	1947732
15662	1947798	1947894
15663	1947955	1948029
15664	1948043	1948098
15665	1948155	1948213
15666	1948333	1948382
15667	1948435	1948478
15668	1948598	1948661
15669	1948720	1948808
15670	1948861	1948906
15671	1949024	1949112
15672	1949194	1949225
15673	1949281	1949319
15674	1949341	1949413
15675	1949424	1949485
15676	1949555	1949607
15677	1949642	1949676
15678	1949758	1949863
15679	1949951	1950041
15680	1950091	1950179
15681	1950260	1950362
15682	1950448	1950554
15683	1950626	1950710
15684	1950814	1950838
15685	1950892	1950998
15686	1951081	1951178
15687	1951203	1951256
15688	1951347	1951462
15689	1951476	1951561
15690	1951680	1951699
15691	1951770	1951852
15692	1951898	1952018
15693	1952038	1952064
15694	1952072	1952130
15695	1952198	1952311
15696	1952353	1952435
15697	1952522	1952571
15698	1952648	1952672
15699	1952742	1952769
15700	1952852	1952921
15701	1953068	1953111
15702	1953175	1953274
15703	1953289	1953335
15704	1953387	1953454
15705	1953521	1953599
15706	1953710	1953752
15707	1953766	1953803
15708	1953833	1953868
15709	1953897	1953929
15710	1953958	1954068
15711	1954164	1954205
15712	1954264	1954320
15713	1954357	1954443
15714	1954521	1954561
15715	1954581	1954620
15716	1954761	1954850
15717	1954878	1954931
15718	1955005	1955042
15719	1955124	1955159
15720	1955190	1955245
15721	1955275	1955339
15722	1955442	1955529
15723	1955550	1955562
15724	1955573	1955688
15725	1955737	1955799
15726	1955869	1956002
15727	1956059	1956140
15728	1956207	1956279
15729	1956377	1956501
15730	1956605	1956639
15731	1956701	1956718
15732	1956747	1956846
15733	1956879	1956969
15734	1956998	1957094
15735	1957169	1957185
15736	1957260	1957292
15737	1957358	1957511
15738	1957554	1957586
15739	1957602	1957635
15740	1957735	1957842
15741	1957872	1957966
15742	1957995	1958073
15743	1958179	1958223
15744	1958298	1958312
15745	1958382	1958474
15746	1958572	1958658
15747	1958713	1958729
15748	1958751	1958874
15749	1958912	1958969
15750	1959060	1959125
15751	1959153	1959167
15752	1959239	1959268
15753	1959320	1959390
15754	1959501	1959550
15755	1959582	1959604
15756	1959660	1959676
15757	1959774	1959817
15758	1959902	1959952
15759	1959959	1960008
15760	1960063	1960166
15761	1960236	1960338
15762	1960357	1960404
15763	1960478	1960507
15764	1960596	1960701
15765	1960751	1960771
15766	1960891	1960908
15767	1960992	1961026
15768	1961093	1961210
15769	1961318	1961376
15770	1961490	1961558
15771	1961623	1961733
15772	1961782	1961814
15773	1961900	1961991
15774	1962043	1962058
15775	1962136	1962170
15776	1962224	1962300
15777	1962369	1962453
15778	1962513	1962620
15779	1962661	1962708
15780	1962775	1962776
15781	1962849	1962975
15782	1963023	1963165
15783	1963206	1963312
15784	1963414	1963477
15785	1963595	1963673
15786	1963723	1963856
15787	1963901	1963955
15788	1964067	1964188
15789	1964223	1964239
15790	1964252	1964344
15791	1964359	1964421
15792	1964465	1964503
15793	1964609	1964665
15794	1964733	1964823
15795	1964881	1964910
15796	1964928	1965051
15797	1965136	1965235
15798	1965308	1965400
15799	1965435	1965456
15800	1965507	1965559
15801	1965633	1965707
15802	1965725	1965807
15803	1965928	1966032
15804	1966101	1966225
15805	1966268	1966389
15806	1966457	1966567
15807	1966647	1966657
15808	1966673	1966741
15809	1966830	1966897
15810	1967023	1967059
15811	1967109	1967127
15812	1967227	1967301
15813	1967320	1967369
15814	1967403	1967519
15815	1967600	1967667
15816	1967720	1967757
15817	1967787	1967815
15818	1967838	1967859
15819	1967887	1967960
15820	1968074	1968089
15821	1968170	1968212
15822	1968325	1968349
15823	1968477	1968540
15824	1968638	1968667
15825	1968675	1968793
15826	1968855	1968906
15827	1968960	1968983
15828	1969045	1969104
15829	1969189	1969298
15830	1969384	1969502
15831	1969552	1969603
15832	1969661	1969724
15833	1969862	1969948
15834	1970004	1970017
15835	1970054	1970092
15836	1970115	1970210
15837	1970234	1970330
15838	1970414	1970501
15839	1970600	1970611
15840	1970658	1970671
15841	1970739	1970846
15842	1970953	1971046
15843	1971150	1971257
15844	1971312	1971334
15845	1971348	1971367
15846	1971483	1971533
15847	1971580	1971627
15848	1971704	1971761
15849	1971896	1971962
15850	1971970	1971981
15851	1971990	1972048
15852	1972122	1972192
15853	1972305	1972322
15854	1972361	1972452
15855	1972507	1972639
15856	1972699	1972762
15857	1972778	1972827
15858	1972884	1972937
15859	1973041	1973119
15860	1973180	1973200
15861	1973306	1973363
15862	1973473	1973498
15863	1973544	1973558
15864	1973625	1973676
15865	1973782	1973853
15866	1973901	1973926
15867	1973999	1974009
15868	1974084	1974140
15869	1974230	1974301
15870	1974333	1974334
15871	1974376	1974392
15872	1974501	1974538
15873	1974598	1974641
15874	1974726	1974771
15875	1974865	1974888
15876	1974929	1975046
15877	1975084	1975158
15878	1975211	1975326
15879	1975327	1975424
15880	1975507	1975572
15881	1975599	1975644
15882	1975685	1975772
15883	1975801	1975830
15884	1975979	1976002
15885	1976044	1976073
15886	1976111	1976177
15887	1976249	1976355
15888	1976461	1976484
15889	1976553	1976626
15890	1976669	1976725
15891	1976781	1976804
15892	1976871	1976959
15893	1977012	1977121
15894	1977128	1977195
15895	1977235	1977259
15896	1977361	1977394
15897	1977414	1977521
15898	1977603	1977657
15899	1977737	1977789
15900	1977904	1977989
15901	1978097	1978151
15902	1978209	1978304
15903	1978385	1978489
15904	1978599	1978624
15905	1978677	1978766
15906	1978844	1978876
15907	1978942	1979051
15908	1979092	1979208
15909	1979229	1979269
15910	1979325	1979431
15911	1979480	1979529
15912	1979566	1979648
15913	1979710	1979766
15914	1979812	1979908
15915	1979980	1980067
15916	1980095	1980194
15917	1980212	1980279
15918	1980293	1980383
15919	1980492	1980519
15920	1980600	1980614
15921	1980690	1980839
15922	1980860	1980919
15923	1980944	1980969
15924	1981041	1981094
15925	1981155	1981194
15926	1981273	1981288
15927	1981368	1981385
15928	1981455	1981481
15929	1981525	1981582
15930	1981594	1981695
15931	1981733	1981802
15932	1981830	1981931
15933	1981983	1982074
15934	1982184	1982191
15935	1982245	1982314
15936	1982333	1982345
15937	1982378	1982426
15938	1982469	1982487
15939	1982542	1982659
15940	1982740	1982837
15941	1982928	1983032
15942	1983085	1983177
15943	1983254	1983328
15944	1983346	1983465
15945	1983554	1983587
15946	1983629	1983655
15947	1983686	1983735
15948	1983759	1983815
15949	1983852	1983899
15950	1983962	1984003
15951	1984063	1984152
15952	1984232	1984271
15953	1984294	1984355
15954	1984442	1984521
15955	1984610	1984698
15956	1984745	1984826
15957	1984902	1984997
15958	1985033	1985131
15959	1985224	1985279
15960	1985370	1985468
15961	1985502	1985586
15962	1985687	1985774
15963	1985848	1985883
15964	1985974	1985980
15965	1986027	1986065
15966	1986152	1986268
15967	1986334	1986360
15968	1986452	1986497
15969	1986647	1986655
15970	1986718	1986738
15971	1986800	1986922
15972	1986974	1987035
15973	1987090	1987217
15974	1987336	1987421
15975	1987507	1987612
15976	1987729	1987842
15977	1987896	1987967
15978	1988045	1988131
15979	1988248	1988314
15980	1988363	1988382
15981	1988434	1988473
15982	1988540	1988655
15983	1988712	1988826
15984	1988844	1988898
15985	1988967	1988988
15986	1989058	1989123
15987	1989209	1989275
15988	1989303	1989348
15989	1989411	1989437
15990	1989468	1989528
15991	1989545	1989694
15992	1989720	1989832
15993	1989885	1989924
15994	1990016	1990046
15995	1990052	1990142
15996	1990154	1990209
15997	1990305	1990362
15998	1990493	1990505
15999	1990581	1990594
16000	1990666	1990694
16001	1990762	1990835
16002	1990908	1990982
16003	1991078	1991125
16004	1991245	1991277
16005	1991339	1991376
16006	1991395	1991440
16007	1991545	1991650
16008	1991684	1991850
16009	1991871	1991913
16010	1991941	1991975
16011	1992091	1992169
16012	1992188	1992213
16013	1992246	1992292
16014	1992312	1992402
16015	1992430	1992502
16016	1992548	1992620
16017	1992752	1992803
16018	1992818	1992843
16019	1992973	1993013
16020	1993053	1993102
16021	1993125	1993157
16022	1993226	1993329
16023	1993330	1993430
16024	1993511	1993584
16025	1993631	1993650
16026	1993720	1993762
16027	1993795	1993853
16028	1993945	1993998
16029	1994033	1994154
16030	1994235	1994317
16031	1994330	1994377
16032	1994384	1994439
16033	1994516	1994647
16034	1994747	1994807
16035	1994838	1994950
16036	1995011	1995098
16037	1995175	1995282
16038	1995324	1995401
16039	1995423	1995478
16040	1995548	1995589
16041	1995647	1995660
16042	1995750	1995796
16043	1995833	1995885
16044	1995963	1996012
16045	1996091	1996200
16046	1996268	1996316
16047	1996333	1996374
16048	1996389	1996459
16049	1996506	1996570
16050	1996592	1996633
16051	1996723	1996795
16052	1996824	1996891
16053	1996979	1997012
16054	1997059	1997109
16055	1997184	1997275
16056	1997336	1997423
16057	1997498	1997549
16058	1997623	1997700
16059	1997783	1997859
16060	1997938	1997976
16061	1998059	1998111
16062	1998141	1998246
16063	1998332	1998380
16064	1998489	1998542
16065	1998612	1998734
16066	1998841	1998883
16067	1998917	1998933
16068	1999040	1999119
16069	1999161	1999254
16070	1999280	1999311
16071	1999356	1999388
16072	1999401	1999464
16073	1999479	1999528
16074	1999542	1999588
16075	1999601	1999721
16076	1999868	1999934
16077	2000008	2000027
16078	2000109	2000185
16079	2000260	2000267
16080	2000334	2000411
16081	2000423	2000455
16082	2000498	2000543
16083	2000618	2000760
16084	2000793	2000904
16085	2000977	2001085
16086	2001155	2001281
16087	2001431	2001493
16088	2001538	2001652
16089	2001700	2001722
16090	2001815	2001890
16091	2001977	2002047
16092	2002121	2002172
16093	2002247	2002295
16094	2002369	2002432
16095	2002493	2002537
16096	2002574	2002622
16097	2002659	2002683
16098	2002806	2002925
16099	2003008	2003048
16100	2003077	2003198
16101	2003207	2003340
16102	2003400	2003416
16103	2003500	2003508
16104	2003625	2003651
16105	2003726	2003796
16106	2003830	2003863
16107	2003885	2003946
16108	2004017	2004083
16109	2004148	2004297
16110	2004336	2004392
16111	2004538	2004589
16112	2004664	2004679
16113	2004778	2004883
16114	2004906	2004954
16115	2004971	2005082
16116	2005106	2005187
16117	2005280	2005373
16118	2005405	2005516
16119	2005553	2005635
16120	2005685	2005716
16121	2005758	2005827
16122	2005906	2005931
16123	2005945	2006031
16124	2006119	2006206
16125	2006242	2006305
16126	2006389	2006441
16127	2006502	2006532
16128	2006590	2006607
16129	2006637	2006750
16130	2006766	2006889
16131	2006967	2007055
16132	2007088	2007110
16133	2007160	2007195
16134	2007243	2007244
16135	2007251	2007338
16136	2007375	2007406
16137	2007483	2007590
16138	2007628	2007711
16139	2007746	2007802
16140	2007856	2007942
16141	2008021	2008083
16142	2008208	2008235
16143	2008318	2008381
16144	2008404	2008454
16145	2008603	2008673
16146	2008756	2008860
16147	2008877	2009019
16148	2009081	2009180
16149	2009277	2009343
16150	2009394	2009418
16151	2009493	2009597
16152	2009720	2009830
16153	2009845	2009855
16154	2009970	2009972
16155	2010008	2010098
16156	2010200	2010267
16157	2010277	2010368
16158	2010427	2010471
16159	2010503	2010574
16160	2010611	2010657
16161	2010663	2010705
16162	2010758	2010807
16163	2010884	2010915
16164	2011028	2011090
16165	2011199	2011232
16166	2011293	2011382
16167	2011492	2011608
16168	2011642	2011773
16169	2011826	2011949
16170	2011957	2011998
16171	2012070	2012158
16172	2012274	2012370
16173	2012385	2012426
16174	2012547	2012600
16175	2012663	2012715
16176	2012760	2012826
16177	2012936	2013033
16178	2013112	2013169
16179	2013275	2013306
16180	2013415	2013479
16181	2013579	2013600
16182	2013718	2013738
16183	2013760	2013824
16184	2013867	2013883
16185	2014005	2014043
16186	2014119	2014196
16187	2014280	2014300
16188	2014375	2014467
16189	2014594	2014662
16190	2014741	2014777
16191	2014813	2014884
16192	2014903	2014960
16193	2015067	2015118
16194	2015242	2015306
16195	2015354	2015459
16196	2015535	2015612
16197	2015695	2015757
16198	2015781	2015889
16199	2015971	2016013
16200	2016044	2016158
16201	2016168	2016283
16202	2016377	2016445
16203	2016505	2016552
16204	2016581	2016612
16205	2016735	2016811
16206	2016846	2016884
16207	2016899	2017001
16208	2017032	2017082
16209	2017138	2017168
16210	2017313	2017346
16211	2017380	2017414
16212	2017494	2017573
16213	2017644	2017709
16214	2017752	2017791
16215	2017810	2017874
16216	2017956	2018048
16217	2018151	2018257
16218	2018276	2018307
16219	2018325	2018436
16220	2018519	2018535
16221	2018556	2018627
16222	2018758	2018793
16223	2018832	2018925
16224	2018960	2019059
16225	2019104	2019133
16226	2019160	2019184
16227	2019254	2019322
16228	2019401	2019428
16229	2019471	2019506
16230	2019550	2019558
16231	2019600	2019700
16232	2019813	2019950
16233	2020016	2020065
16234	2020118	2020200
16235	2020260	2020344
16236	2020413	2020461
16237	2020503	2020619
16238	2020652	2020740
16239	2020811	2020850
16240	2020913	2020948
16241	2020998	2021039
16242	2021070	2021161
16243	2021215	2021258
16244	2021321	2021374
16245	2021488	2021547
16246	2021606	2021742
16247	2021809	2021900
16248	2021966	2022018
16249	2022050	2022087
16250	2022141	2022229
16251	2022244	2022293
16252	2022315	2022331
16253	2022378	2022461
16254	2022504	2022582
16255	2022608	2022617
16256	2022715	2022805
16257	2022852	2022880
16258	2022952	2023083
16259	2023191	2023248
16260	2023344	2023415
16261	2023429	2023449
16262	2023510	2023578
16263	2023624	2023676
16264	2023769	2023797
16265	2023869	2023918
16266	2024001	2024029
16267	2024111	2024155
16268	2024193	2024247
16269	2024319	2024413
16270	2024523	2024590
16271	2024662	2024753
16272	2024829	2024946
16273	2024999	2025033
16274	2025151	2025275
16275	2025299	2025316
16276	2025342	2025390
16277	2025435	2025512
16278	2025528	2025580
16279	2025638	2025701
16280	2025778	2025895
16281	2025931	2026032
16282	2026062	2026070
16283	2026161	2026183
16284	2026271	2026298
16285	2026394	2026438
16286	2026502	2026573
16287	2026637	2026708
16288	2026725	2026836
16289	2026910	2026942
16290	2026993	2027082
16291	2027141	2027206
16292	2027282	2027347
16293	2027383	2027445
16294	2027526	2027555
16295	2027600	2027642
16296	2027706	2027721
16297	2027735	2027822
16298	2027879	2027925
16299	2027998	2028042
16300	2028055	2028068
16301	2028121	2028252
16302	2028328	2028435
16303	2028454	2028499
16304	2028638	2028704
16305	2028770	2028799
16306	2028899	2028920
16307	2028951	2029059
16308	2029082	2029111
16309	2029139	2029225
16310	2029382	2029510
16311	2029554	2029633
16312	2029698	2029741
16313	2029759	2029836
16314	2029927	2030000
16315	2030026	2030069
16316	2030118	2030132
16317	2030250	2030334
16318	2030455	2030509
16319	2030547	2030632
16320	2030704	2030754
16321	2030809	2030904
16322	2030916	2030960
16323	2031006	2031037
16324	2031145	2031247
16325	2031295	2031319
16326	2031341	2031452
16327	2031495	2031573
16328	2031615	2031661
16329	2031675	2031699
16330	2031719	2031773
16331	2031796	2031827
16332	2031917	2031966
16333	2032013	2032081
16334	2032174	2032213
16335	2032266	2032350
16336	2032399	2032417
16337	2032471	2032552
16338	2032586	2032623
16339	2032691	2032767
16340	2032847	2032863
16341	2032897	2033002
16342	2033047	2033067
16343	2033191	2033295
16344	2033341	2033392
16345	2033444	2033523
16346	2033532	2033645
16347	2033746	2033852
16348	2033887	2033949
16349	2034034	2034064
16350	2034075	2034150
16351	2034181	2034210
16352	2034236	2034297
16353	2034391	2034461
16354	2034512	2034578
16355	2034629	2034691
16356	2034765	2034908
16357	2035009	2035060
16358	2035094	2035119
16359	2035145	2035170
16360	2035206	2035303
16361	2035351	2035385
16362	2035426	2035490
16363	2035558	2035605
16364	2035628	2035679
16365	2035744	2035770
16366	2035786	2035830
16367	2035940	2035973
16368	2036010	2036047
16369	2036139	2036203
16370	2036263	2036289
16371	2036295	2036329
16372	2036364	2036408
16373	2036471	2036472
16374	2036548	2036636
16375	2036650	2036667
16376	2036732	2036837
16377	2036861	2036899
16378	2036921	2036971
16379	2037030	2037064
16380	2037148	2037240
16381	2037332	2037348
16382	2037462	2037513
16383	2037604	2037694
16384	2037723	2037810
16385	2037873	2037932
16386	2037998	2038036
16387	2038046	2038083
16388	2038139	2038193
16389	2038239	2038267
16390	2038326	2038439
16391	2038497	2038581
16392	2038599	2038636
16393	2038663	2038695
16394	2038828	2038888
16395	2038977	2039003
16396	2039021	2039047
16397	2039064	2039091
16398	2039163	2039206
16399	2039245	2039315
16400	2039411	2039506
16401	2039564	2039601
16402	2039664	2039711
16403	2039802	2039849
16404	2039952	2040072
16405	2040136	2040163
16406	2040230	2040271
16407	2040369	2040390
16408	2040477	2040512
16409	2040622	2040662
16410	2040698	2040746
16411	2040820	2040917
16412	2040923	2041074
16413	2041125	2041190
16414	2041277	2041393
16415	2041468	2041506
16416	2041577	2041614
16417	2041642	2041689
16418	2041775	2041787
16419	2041889	2041904
16420	2041967	2042012
16421	2042111	2042252
16422	2042317	2042360
16423	2042450	2042480
16424	2042599	2042623
16425	2042663	2042707
16426	2042786	2042804
16427	2042874	2042915
16428	2042921	2042980
16429	2043054	2043154
16430	2043177	2043247
16431	2043371	2043410
16432	2043442	2043553
16433	2043623	2043661
16434	2043714	2043817
16435	2043848	2043916
16436	2043990	2044064
16437	2044108	2044132
16438	2044255	2044322
16439	2044381	2044469
16440	2044610	2044647
16441	2044688	2044780
16442	2044807	2044842
16443	2044895	2044961
16444	2044978	2045138
16445	2045266	2045326
16446	2045397	2045498
16447	2045556	2045636
16448	2045645	2045682
16449	2045697	2045772
16450	2045809	2045907
16451	2045960	2046080
16452	2046127	2046260
16453	2046315	2046431
16454	2046504	2046516
16455	2046633	2046674
16456	2046731	2046793
16457	2046860	2046889
16458	2046964	2047005
16459	2047017	2047068
16460	2047108	2047131
16461	2047235	2047296
16462	2047359	2047420
16463	2047445	2047527
16464	2047605	2047670
16465	2047686	2047699
16466	2047815	2047825
16467	2047939	2047961
16468	2048020	2048063
16469	2048154	2048173
16470	2048270	2048324
16471	2048364	2048469
16472	2048483	2048550
16473	2048599	2048618
16474	2048652	2048784
16475	2048859	2048890
16476	2048938	2048997
16477	2048998	2049058
16478	2049098	2049156
16479	2049192	2049246
16480	2049358	2049473
16481	2049546	2049632
16482	2049756	2049757
16483	2049881	2049935
16484	2049998	2050068
16485	2050106	2050182
16486	2050264	2050282
16487	2050320	2050358
16488	2050369	2050411
16489	2050516	2050545
16490	2050686	2050816
16491	2050886	2050976
16492	2051027	2051087
16493	2051135	2051179
16494	2051280	2051396
16495	2051423	2051493
16496	2051507	2051565
16497	2051718	2051785
16498	2051842	2051869
16499	2051988	2052049
16500	2052114	2052152
16501	2052200	2052213
16502	2052241	2052364
16503	2052434	2052519
16504	2052619	2052658
16505	2052732	2052768
16506	2052792	2052901
16507	2052991	2053024
16508	2053046	2053125
16509	2053206	2053303
16510	2053446	2053534
16511	2053647	2053706
16512	2053826	2053884
16513	2053911	2053970
16514	2054052	2054147
16515	2054245	2054282
16516	2054389	2054448
16517	2054537	2054608
16518	2054653	2054706
16519	2054730	2054746
16520	2054833	2054909
16521	2054968	2055047
16522	2055109	2055191
16523	2055306	2055373
16524	2055388	2055396
16525	2055481	2055577
16526	2055674	2055724
16527	2055778	2055806
16528	2055832	2055919
16529	2056015	2056054
16530	2056066	2056125
16531	2056191	2056198
16532	2056208	2056226
16533	2056268	2056297
16534	2056385	2056464
16535	2056499	2056513
16536	2056567	2056662
16537	2056684	2056724
16538	2056730	2056793
16539	2056846	2056854
16540	2056900	2056929
16541	2056972	2057122
16542	2057190	2057219
16543	2057257	2057282
16544	2057371	2057392
16545	2057433	2057473
16546	2057595	2057693
16547	2057723	2057777
16548	2057816	2057894
16549	2057981	2058047
16550	2058192	2058211
16551	2058267	2058278
16552	2058391	2058442
16553	2058517	2058556
16554	2058580	2058623
16555	2058731	2058764
16556	2058795	2058818
16557	2058899	2058949
16558	2058970	2059028
16559	2059107	2059166
16560	2059222	2059277
16561	2059343	2059424
16562	2059493	2059577
16563	2059620	2059678
16564	2059718	2059781
16565	2059842	2059914
16566	2059967	2060092
16567	2060136	2060170
16568	2060240	2060293
16569	2060337	2060419
16570	2060515	2060559
16571	2060630	2060756
16572	2060792	2060904
16573	2060928	2060940
16574	2061036	2061099
16575	2061206	2061383
16576	2061522	2061575
16577	2061624	2061780
16578	2061792	2061868
16579	2061917	2061983
16580	2062064	2062134
16581	2062239	2062346
16582	2062412	2062441
16583	2062503	2062540
16584	2062588	2062655
16585	2062748	2062851
16586	2062911	2062955
16587	2062988	2063037
16588	2063083	2063110
16589	2063257	2063332
16590	2063366	2063398
16591	2063435	2063525
16592	2063569	2063665
16593	2063690	2063734
16594	2063828	2063882
16595	2063944	2064068
16596	2064125	2064185
16597	2064199	2064210
16598	2064325	2064401
16599	2064502	2064542
16600	2064589	2064634
16601	2064701	2064798
16602	2064849	2064958
16603	2065007	2065064
16604	2065097	2065210
16605	2065309	2065400
16606	2065424	2065473
16607	2065587	2065619
16608	2065675	2065800
16609	2065846	2065881
16610	2065979	2066055
16611	2066095	2066151
16612	2066265	2066310
16613	2066433	2066494
16614	2066553	2066605
16615	2066668	2066709
16616	2066811	2066843
16617	2066938	2067035
16618	2067132	2067214
16619	2067308	2067363
16620	2067393	2067476
16621	2067573	2067585
16622	2067617	2067730
16623	2067798	2067927
16624	2068008	2068044
16625	2068195	2068221
16626	2068294	2068318
16627	2068367	2068408
16628	2068465	2068591
16629	2068677	2068752
16630	2068803	2068876
16631	2068961	2069004
16632	2069031	2069074
16633	2069137	2069161
16634	2069244	2069272
16635	2069334	2069407
16636	2069505	2069610
16637	2069708	2069756
16638	2069843	2069938
16639	2070017	2070142
16640	2070148	2070186
16641	2070218	2070258
16642	2070378	2070499
16643	2070565	2070659
16644	2070719	2070798
16645	2070920	2070977
16646	2070992	2071033
16647	2071082	2071118
16648	2071153	2071198
16649	2071337	2071430
16650	2071511	2071574
16651	2071663	2071689
16652	2071753	2071782
16653	2071834	2071879
16654	2071951	2071978
16655	2072043	2072061
16656	2072117	2072163
16657	2072235	2072252
16658	2072351	2072393
16659	2072485	2072531
16660	2072554	2072656
16661	2072702	2072781
16662	2072882	2072976
16663	2072991	2073070
16664	2073111	2073129
16665	2073224	2073293
16666	2073397	2073435
16667	2073554	2073605
16668	2073691	2073819
16669	2073851	2073955
16670	2074065	2074140
16671	2074236	2074257
16672	2074293	2074330
16673	2074400	2074479
16674	2074572	2074664
16675	2074730	2074748
16676	2074826	2074832
16677	2074930	2074955
16678	2074963	2075088
16679	2075122	2075142
16680	2075209	2075264
16681	2075352	2075463
16682	2075495	2075603
16683	2075624	2075771
16684	2075883	2075912
16685	2075978	2076002
16686	2076038	2076044
16687	2076102	2076173
16688	2076283	2076330
16689	2076404	2076416
16690	2076476	2076585
16691	2076621	2076700
16692	2076830	2076968
16693	2077017	2077081
16694	2077105	2077155
16695	2077223	2077368
16696	2077445	2077507
16697	2077528	2077616
16698	2077632	2077726
16699	2077806	2077827
16700	2077911	2077937
16701	2078006	2078027
16702	2078067	2078155
16703	2078233	2078381
16704	2078404	2078431
16705	2078531	2078595
16706	2078625	2078685
16707	2078783	2078814
16708	2078895	2078959
16709	2079048	2079103
16710	2079170	2079270
16711	2079363	2079404
16712	2079426	2079502
16713	2079545	2079580
16714	2079615	2079719
16715	2079822	2079905
16716	2080011	2080082
16717	2080152	2080240
16718	2080324	2080361
16719	2080413	2080432
16720	2080503	2080553
16721	2080638	2080689
16722	2080730	2080784
16723	2080875	2080957
16724	2081010	2081050
16725	2081153	2081170
16726	2081187	2081276
16727	2081340	2081391
16728	2081422	2081475
16729	2081576	2081669
16730	2081749	2081776
16731	2081873	2081936
16732	2082062	2082133
16733	2082159	2082176
16734	2082210	2082253
16735	2082312	2082448
16736	2082497	2082519
16737	2082600	2082613
16738	2082647	2082663
16739	2082693	2082766
16740	2082799	2082816
16741	2082829	2082889
16742	2082947	2083026
16743	2083034	2083053
16744	2083138	2083172
16745	2083210	2083251
16746	2083284	2083355
16747	2083401	2083420
16748	2083484	2083528
16749	2083543	2083640
16750	2083698	2083714
16751	2083805	2083865
16752	2083918	2083992
16753	2084040	2084102
16754	2084228	2084262
16755	2084282	2084291
16756	2084358	2084425
16757	2084492	2084550
16758	2084613	2084644
16759	2084674	2084730
16760	2084778	2084913
16761	2084940	2084984
16762	2085088	2085122
16763	2085128	2085185
16764	2085311	2085416
16765	2085534	2085617
16766	2085688	2085818
16767	2085872	2085895
16768	2085960	2085975
16769	2086097	2086171
16770	2086228	2086286
16771	2086308	2086339
16772	2086397	2086475
16773	2086521	2086563
16774	2086616	2086721
16775	2086777	2086871
16776	2086900	2086967
16777	2087043	2087056
16778	2087082	2087145
16779	2087212	2087340
16780	2087441	2087562
16781	2087680	2087723
16782	2087806	2087910
16783	2087964	2088044
16784	2088101	2088155
16785	2088229	2088311
16786	2088381	2088451
16787	2088484	2088563
16788	2088618	2088764
16789	2088822	2088888
16790	2088922	2088978
16791	2089024	2089109
16792	2089232	2089332
16793	2089449	2089567
16794	2089614	2089632
16795	2089640	2089701
16796	2089808	2089892
16797	2090035	2090092
16798	2090174	2090249
16799	2090342	2090390
16800	2090487	2090562
16801	2090644	2090693
16802	2090818	2090844
16803	2090891	2090930
16804	2090968	2091017
16805	2091040	2091097
16806	2091115	2091152
16807	2091212	2091296
16808	2091317	2091343
16809	2091373	2091401
16810	2091442	2091524
16811	2091542	2091693
16812	2091734	2091748
16813	2091818	2091843
16814	2091889	2091918
16815	2091998	2092099
16816	2092215	2092265
16817	2092348	2092377
16818	2092400	2092415
16819	2092497	2092528
16820	2092631	2092699
16821	2092723	2092777
16822	2092863	2092892
16823	2092941	2092993
16824	2093105	2093185
16825	2093239	2093335
16826	2093382	2093433
16827	2093445	2093516
16828	2093614	2093724
16829	2093768	2093850
16830	2093942	2094039
16831	2094124	2094203
16832	2094223	2094244
16833	2094358	2094386
16834	2094437	2094525
16835	2094592	2094682
16836	2094736	2094813
16837	2094938	2094989
16838	2095097	2095205
16839	2095272	2095302
16840	2095312	2095405
16841	2095514	2095556
16842	2095640	2095662
16843	2095724	2095774
16844	2095879	2096018
16845	2096080	2096123
16846	2096144	2096313
16847	2096439	2096514
16848	2096576	2096608
16849	2096673	2096748
16850	2096817	2096841
16851	2096937	2096960
16852	2097012	2097108
16853	2097215	2097229
16854	2097291	2097418
16855	2097525	2097560
16856	2097667	2097707
16857	2097732	2097858
16858	2097958	2098078
16859	2098084	2098220
16860	2098261	2098278
16861	2098368	2098433
16862	2098514	2098614
16863	2098669	2098684
16864	2098829	2098965
16865	2099017	2099120
16866	2099158	2099247
16867	2099331	2099444
16868	2099466	2099517
16869	2099555	2099595
16870	2099627	2099689
16871	2099743	2099833
16872	2099909	2100005
16873	2100061	2100161
16874	2100275	2100373
16875	2100441	2100489
16876	2100623	2100721
16877	2100796	2100873
16878	2100972	2101099
16879	2101156	2101194
16880	2101276	2101382
16881	2101424	2101454
16882	2101488	2101521
16883	2101556	2101599
16884	2101621	2101690
16885	2101720	2101828
16886	2101875	2101916
16887	2101937	2101977
16888	2102027	2102110
16889	2102221	2102255
16890	2102296	2102340
16891	2102369	2102423
16892	2102484	2102544
16893	2102600	2102687
16894	2102800	2102813
16895	2102903	2102989
16896	2103002	2103099
16897	2103177	2103229
16898	2103299	2103369
16899	2103503	2103591
16900	2103672	2103752
16901	2103826	2103864
16902	2103887	2104037
16903	2104071	2104118
16904	2104276	2104412
16905	2104423	2104478
16906	2104563	2104621
16907	2104638	2104763
16908	2104890	2104943
16909	2104976	2105005
16910	2105109	2105209
16911	2105261	2105380
16912	2105438	2105459
16913	2105486	2105509
16914	2105522	2105540
16915	2105578	2105616
16916	2105733	2105770
16917	2105797	2105848
16918	2105898	2105992
16919	2106039	2106085
16920	2106124	2106212
16921	2106269	2106302
16922	2106366	2106423
16923	2106453	2106515
16924	2106618	2106672
16925	2106698	2106763
16926	2106815	2106835
16927	2106904	2106918
16928	2106972	2107019
16929	2107104	2107122
16930	2107176	2107265
16931	2107364	2107469
16932	2107507	2107553
16933	2107559	2107671
16934	2107730	2107774
16935	2107874	2107903
16936	2108017	2108057
16937	2108141	2108198
16938	2108267	2108288
16939	2108311	2108400
16940	2108521	2108627
16941	2108708	2108742
16942	2108826	2108900
16943	2109010	2109045
16944	2109090	2109100
16945	2109123	2109175
16946	2109277	2109337
16947	2109343	2109359
16948	2109462	2109511
16949	2109597	2109692
16950	2109737	2109837
16951	2109880	2109906
16952	2109997	2110095
16953	2110190	2110246
16954	2110356	2110369
16955	2110427	2110462
16956	2110537	2110562
16957	2110618	2110714
16958	2110772	2110822
16959	2110904	2110948
16960	2111023	2111119
16961	2111143	2111173
16962	2111238	2111312
16963	2111350	2111438
16964	2111490	2111537
16965	2111556	2111588
16966	2111666	2111800
16967	2111863	2111998
16968	2112006	2112044
16969	2112185	2112218
16970	2112288	2112331
16971	2112344	2112417
16972	2112505	2112559
16973	2112600	2112644
16974	2112681	2112715
16975	2112808	2112826
16976	2112867	2112933
16977	2113033	2113057
16978	2113082	2113105
16979	2113196	2113262
16980	2113343	2113430
16981	2113532	2113611
16982	2113653	2113698
16983	2113766	2113819
16984	2113863	2113906
16985	2113998	2114051
16986	2114116	2114154
16987	2114220	2114336
16988	2114363	2114430
16989	2114462	2114564
16990	2114671	2114691
16991	2114772	2114843
16992	2114865	2114974
16993	2115088	2115156
16994	2115198	2115298
16995	2115325	2115479
16996	2115600	2115649
16997	2115658	2115696
16998	2115810	2115945
16999	2116005	2116072
17000	2116167	2116198
17001	2116222	2116310
17002	2116388	2116435
17003	2116477	2116570
17004	2116600	2116702
17005	2116786	2116859
17006	2116877	2116950
17007	2117020	2117072
17008	2117110	2117155
17009	2117227	2117253
17010	2117274	2117347
17011	2117381	2117458
17012	2117503	2117550
17013	2117622	2117643
17014	2117758	2117830
17015	2117926	2118001
17016	2118026	2118078
17017	2118181	2118236
17018	2118310	2118399
17019	2118440	2118532
17020	2118673	2118767
17021	2118882	2119014
17022	2119063	2119101
17023	2119190	2119240
17024	2119291	2119348
17025	2119409	2119459
17026	2119477	2119572
17027	2119592	2119664
17028	2119760	2119792
17029	2119855	2119915
17030	2119954	2120024
17031	2120058	2120081
17032	2120151	2120254
17033	2120389	2120498
17034	2120546	2120565
17035	2120641	2120787
17036	2120838	2120972
17037	2121002	2121117
17038	2121160	2121190
17039	2121286	2121301
17040	2121323	2121419
17041	2121436	2121521
17042	2121579	2121659
17043	2121727	2121749
17044	2121812	2121842
17045	2121979	2122042
17046	2122175	2122254
17047	2122400	2122479
17048	2122536	2122571
17049	2122665	2122692
17050	2122781	2122891
17051	2122913	2122981
17052	2123073	2123115
17053	2123261	2123313
17054	2123329	2123434
17055	2123491	2123547
17056	2123573	2123704
17057	2123794	2123874
17058	2123919	2123938
17059	2124037	2124127
17060	2124166	2124198
17061	2124235	2124291
17062	2124409	2124493
17063	2124559	2124615
17064	2124641	2124662
17065	2124734	2124782
17066	2124877	2124950
17067	2125014	2125074
17068	2125159	2125254
17069	2125271	2125386
17070	2125413	2125458
17071	2125517	2125639
17072	2125684	2125755
17073	2125788	2125809
17074	2125866	2125903
17075	2125933	2125998
17076	2126089	2126130
17077	2126186	2126207
17078	2126311	2126321
17079	2126415	2126520
17080	2126550	2126611
17081	2126681	2126702
17082	2126722	2126788
17083	2126831	2126895
17084	2126953	2126983
17085	2127022	2127057
17086	2127098	2127209
17087	2127255	2127296
17088	2127384	2127455
17089	2127477	2127532
17090	2127542	2127608
17091	2127707	2127790
17092	2127883	2127902
17093	2127947	2128035
17094	2128072	2128145
17095	2128200	2128263
17096	2128328	2128377
17097	2128430	2128450
17098	2128467	2128500
17099	2128569	2128632
17100	2128662	2128691
17101	2128780	2128907
17102	2129028	2129135
17103	2129153	2129209
17104	2129226	2129252
17105	2129318	2129333
17106	2129468	2129492
17107	2129544	2129665
17108	2129772	2129817
17109	2129952	2130038
17110	2130061	2130074
17111	2130097	2130118
17112	2130210	2130249
17113	2130279	2130363
17114	2130416	2130504
17115	2130554	2130633
17116	2130698	2130746
17117	2130785	2130798
17118	2130834	2130906
17119	2130928	2131040
17120	2131074	2131158
17121	2131202	2131278
17122	2131327	2131340
17123	2131399	2131436
17124	2131448	2131497
17125	2131545	2131600
17126	2131617	2131689
17127	2131752	2131770
17128	2131881	2131998
17129	2132030	2132109
17130	2132180	2132257
17131	2132365	2132415
17132	2132453	2132486
17133	2132494	2132505
17134	2132558	2132623
17135	2132638	2132694
17136	2132704	2132770
17137	2132809	2132818
17138	2132910	2132923
17139	2133043	2133066
17140	2133077	2133084
17141	2133110	2133200
17142	2133255	2133322
17143	2133352	2133371
17144	2133413	2133434
17145	2133508	2133584
17146	2133621	2133655
17147	2133732	2133747
17148	2133766	2133780
17149	2133871	2133884
17150	2133903	2134010
17151	2134051	2134146
17152	2134215	2134286
17153	2134342	2134401
17154	2134473	2134563
17155	2134602	2134754
17156	2134822	2134956
17157	2135037	2135137
17158	2135273	2135329
17159	2135382	2135497
17160	2135585	2135647
17161	2135678	2135710
17162	2135767	2135888
17163	2135947	2136009
17164	2136126	2136170
17165	2136256	2136275
17166	2136345	2136398
17167	2136449	2136625
17168	2136705	2136735
17169	2136762	2136883
17170	2136946	2136971
17171	2136984	2136990
17172	2137065	2137130
17173	2137193	2137229
17174	2137235	2137258
17175	2137314	2137388
17176	2137424	2137443
17177	2137526	2137579
17178	2137634	2137764
17179	2137799	2137827
17180	2137866	2137903
17181	2137955	2137993
17182	2138063	2138143
17183	2138168	2138287
17184	2138347	2138407
17185	2138480	2138595
17186	2138714	2138760
17187	2138797	2138849
17188	2138877	2138941
17189	2139010	2139045
17190	2139077	2139113
17191	2139207	2139314
17192	2139336	2139350
17193	2139407	2139502
17194	2139588	2139635
17195	2139708	2139804
17196	2139823	2139870
17197	2140005	2140081
17198	2140101	2140185
17199	2140219	2140273
17200	2140328	2140343
17201	2140405	2140466
17202	2140588	2140602
17203	2140664	2140732
17204	2140793	2140846
17205	2140889	2140961
17206	2140977	2141064
17207	2141095	2141173
17208	2141302	2141331
17209	2141441	2141468
17210	2141534	2141626
17211	2141642	2141662
17212	2141705	2141725
17213	2141735	2141784
17214	2141834	2141931
17215	2141991	2142036
17216	2142081	2142122
17217	2142211	2142237
17218	2142296	2142350
17219	2142409	2142490
17220	2142548	2142563
17221	2142579	2142673
17222	2142688	2142758
17223	2142868	2142923
17224	2143029	2143113
17225	2143215	2143295
17226	2143330	2143380
17227	2143475	2143520
17228	2143580	2143630
17229	2143769	2143874
17230	2143931	2143995
17231	2144052	2144149
17232	2144238	2144293
17233	2144389	2144434
17234	2144454	2144627
17235	2144733	2144833
17236	2144916	2145030
17237	2145065	2145165
17238	2145190	2145229
17239	2145324	2145336
17240	2145385	2145433
17241	2145448	2145545
17242	2145619	2145697
17243	2145715	2145805
17244	2145875	2145918
17245	2146006	2146125
17246	2146175	2146242
17247	2146269	2146388
17248	2146433	2146532
17249	2146584	2146656
17250	2146736	2146820
17251	2146856	2146921
17252	2146966	2147105
17253	2147179	2147223
17254	2147240	2147256
17255	2147354	2147381
17256	2147457	2147483
17257	2147491	2147567
17258	2147606	2147683
17259	2147827	2147851
17260	2147952	2147978
17261	2148016	2148081
17262	2148091	2148111
17263	2148183	2148217
17264	2148236	2148279
17265	2148382	2148437
17266	2148496	2148572
17267	2148644	2148676
17268	2148828	2148866
17269	2148942	2149048
17270	2149100	2149209
17271	2149291	2149381
17272	2149465	2149495
17273	2149598	2149661
17274	2149706	2149806
17275	2149828	2149863
17276	2149924	2150019
17277	2150089	2150147
17278	2150232	2150283
17279	2150311	2150454
17280	2150546	2150559
17281	2150595	2150604
17282	2150659	2150727
17283	2150758	2150786
17284	2150841	2150920
17285	2150963	2151036
17286	2151119	2151145
17287	2151187	2151229
17288	2151303	2151344
17289	2151400	2151472
17290	2151520	2151593
17291	2151638	2151674
17292	2151748	2151862
17293	2151886	2152032
17294	2152068	2152085
17295	2152095	2152121
17296	2152166	2152311
17297	2152371	2152496
17298	2152619	2152683
17299	2152741	2152764
17300	2152809	2152833
17301	2152899	2153026
17302	2153122	2153132
17303	2153179	2153308
17304	2153384	2153447
17305	2153530	2153551
17306	2153593	2153608
17307	2153663	2153683
17308	2153777	2153836
17309	2153885	2153906
17310	2153955	2153980
17311	2154043	2154138
17312	2154144	2154258
17313	2154295	2154320
17314	2154451	2154494
17315	2154500	2154591
17316	2154652	2154707
17317	2154827	2154879
17318	2154964	2155017
17319	2155074	2155163
17320	2155181	2155238
17321	2155309	2155350
17322	2155405	2155425
17323	2155491	2155580
17324	2155613	2155652
17325	2155730	2155792
17326	2155832	2155967
17327	2156105	2156130
17328	2156189	2156266
17329	2156313	2156320
17330	2156337	2156354
17331	2156488	2156515
17332	2156570	2156661
17333	2156715	2156831
17334	2156855	2156958
17335	2156987	2157034
17336	2157071	2157166
17337	2157279	2157320
17338	2157381	2157387
17339	2157445	2157593
17340	2157665	2157692
17341	2157752	2157794
17342	2157874	2157892
17343	2157926	2157992
17344	2158077	2158097
17345	2158139	2158148
17346	2158193	2158280
17347	2158356	2158378
17348	2158507	2158620
17349	2158676	2158741
17350	2158824	2158912
17351	2158991	2159089
17352	2159132	2159246
17353	2159340	2159389
17354	2159447	2159480
17355	2159520	2159607
17356	2159690	2159712
17357	2159786	2159867
17358	2159922	2159972
17359	2160026	2160127
17360	2160222	2160271
17361	2160311	2160402
17362	2160428	2160507
17363	2160540	2160665
17364	2160698	2160793
17365	2160843	2160917
17366	2160947	2160994
17367	2161089	2161120
17368	2161161	2161201
17369	2161311	2161335
17370	2161349	2161423
17371	2161482	2161530
17372	2161594	2161649
17373	2161693	2161729
17374	2161771	2161864
17375	2161979	2162079
17376	2162152	2162238
17377	2162258	2162318
17378	2162360	2162493
17379	2162582	2162663
17380	2162691	2162712
17381	2162784	2162791
17382	2162835	2162870
17383	2162911	2162978
17384	2163029	2163092
17385	2163179	2163237
17386	2163316	2163354
17387	2163429	2163496
17388	2163612	2163643
17389	2163698	2163739
17390	2163782	2163835
17391	2163875	2163917
17392	2164046	2164080
17393	2164116	2164180
17394	2164271	2164364
17395	2164442	2164512
17396	2164632	2164653
17397	2164724	2164766
17398	2164908	2164964
17399	2165056	2165108
17400	2165224	2165269
17401	2165421	2165540
17402	2165629	2165700
17403	2165809	2165854
17404	2165966	2166012
17405	2166078	2166193
17406	2166278	2166362
17407	2166421	2166463
17408	2166535	2166641
17409	2166725	2166780
17410	2166831	2166914
17411	2167003	2167052
17412	2167092	2167187
17413	2167265	2167339
17414	2167432	2167534
17415	2167631	2167721
17416	2167765	2167821
17417	2167835	2167869
17418	2167984	2167995
17419	2168106	2168203
17420	2168288	2168349
17421	2168402	2168446
17422	2168509	2168542
17423	2168624	2168752
17424	2168808	2168876
17425	2168938	2168939
17426	2169011	2169083
17427	2169146	2169207
17428	2169262	2169286
17429	2169297	2169303
17430	2169383	2169440
17431	2169487	2169573
17432	2169707	2169842
17433	2169951	2169968
17434	2170024	2170076
17435	2170184	2170226
17436	2170252	2170293
17437	2170324	2170385
17438	2170492	2170542
17439	2170603	2170610
17440	2170673	2170759
17441	2170802	2170822
17442	2170903	2170989
17443	2171030	2171040
17444	2171085	2171107
17445	2171159	2171259
17446	2171280	2171409
17447	2171500	2171530
17448	2171564	2171608
17449	2171704	2171753
17450	2171854	2171978
17451	2172023	2172075
17452	2172128	2172192
17453	2172264	2172440
17454	2172506	2172621
17455	2172698	2172751
17456	2172762	2172774
17457	2172820	2172839
17458	2172912	2172988
17459	2173054	2173173
17460	2173180	2173206
17461	2173256	2173357
17462	2173377	2173447
17463	2173503	2173616
17464	2173666	2173745
17465	2173888	2174030
17466	2174050	2174086
17467	2174109	2174125
17468	2174191	2174223
17469	2174229	2174272
17470	2174372	2174397
17471	2174477	2174560
17472	2174693	2174794
17473	2174828	2174865
17474	2174889	2174924
17475	2174938	2174985
17476	2175023	2175059
17477	2175101	2175127
17478	2175176	2175270
17479	2175337	2175478
17480	2175538	2175669
17481	2175743	2175859
17482	2175875	2175917
17483	2176002	2176067
17484	2176116	2176204
17485	2176303	2176355
17486	2176408	2176482
17487	2176593	2176594
17488	2176696	2176762
17489	2176841	2176879
17490	2176970	2177006
17491	2177106	2177195
17492	2177281	2177356
17493	2177398	2177472
17494	2177527	2177637
17495	2177724	2177744
17496	2177833	2177914
17497	2177968	2178056
17498	2178112	2178131
17499	2178208	2178261
17500	2178315	2178322
17501	2178372	2178384
17502	2178405	2178415
17503	2178500	2178569
17504	2178649	2178731
17505	2178860	2178906
17506	2178995	2179030
17507	2179071	2179200
17508	2179260	2179383
17509	2179417	2179488
17510	2179518	2179631
17511	2179668	2179738
17512	2179750	2179808
17513	2179850	2179903
17514	2179982	2180049
17515	2180133	2180165
17516	2180176	2180285
17517	2180292	2180353
17518	2180378	2180419
17519	2180431	2180505
17520	2180563	2180647
17521	2180748	2180765
17522	2180835	2180846
17523	2180936	2181007
17524	2181051	2181116
17525	2181193	2181213
17526	2181302	2181343
17527	2181423	2181463
17528	2181499	2181570
17529	2181607	2181699
17530	2181774	2181786
17531	2181925	2182027
17532	2182144	2182227
17533	2182306	2182439
17534	2182487	2182569
17535	2182629	2182700
17536	2182752	2182828
17537	2182894	2182935
17538	2182961	2183007
17539	2183090	2183122
17540	2183132	2183200
17541	2183227	2183350
17542	2183417	2183475
17543	2183569	2183640
17544	2183679	2183690
17545	2183702	2183765
17546	2183808	2183947
17547	2184036	2184134
17548	2184206	2184250
17549	2184361	2184444
17550	2184519	2184579
17551	2184652	2184789
17552	2184815	2184860
17553	2184892	2184913
17554	2184965	2185033
17555	2185144	2185218
17556	2185306	2185429
17557	2185474	2185518
17558	2185552	2185632
17559	2185682	2185711
17560	2185779	2185813
17561	2185891	2185899
17562	2185980	2186058
17563	2186119	2186216
17564	2186274	2186353
17565	2186408	2186463
17566	2186476	2186487
17567	2186579	2186590
17568	2186668	2186750
17569	2186805	2186897
17570	2186927	2186956
17571	2187021	2187078
17572	2187154	2187228
17573	2187276	2187387
17574	2187436	2187506
17575	2187536	2187589
17576	2187666	2187722
17577	2187781	2187873
17578	2187951	2188034
17579	2188142	2188161
17580	2188194	2188223
17581	2188281	2188333
17582	2188408	2188441
17583	2188499	2188516
17584	2188555	2188689
17585	2188728	2188763
17586	2188878	2188929
17587	2188977	2189050
17588	2189117	2189214
17589	2189302	2189397
17590	2189469	2189563
17591	2189619	2189655
17592	2189835	2189920
17593	2189939	2190054
17594	2190105	2190160
17595	2190260	2190291
17596	2190387	2190440
17597	2190512	2190545
17598	2190596	2190622
17599	2190686	2190762
17600	2190865	2190912
17601	2190954	2191000
17602	2191020	2191045
17603	2191145	2191173
17604	2191273	2191320
17605	2191406	2191506
17606	2191532	2191591
17607	2191602	2191644
17608	2191718	2191780
17609	2191819	2191845
17610	2191908	2192002
17611	2192137	2192230
17612	2192272	2192324
17613	2192504	2192563
17614	2192663	2192701
17615	2192723	2192792
17616	2192898	2192964
17617	2193039	2193049
17618	2193108	2193273
17619	2193354	2193419
17620	2193454	2193476
17621	2193524	2193558
17622	2193611	2193648
17623	2193692	2193802
17624	2193829	2193884
17625	2194005	2194031
17626	2194129	2194167
17627	2194213	2194313
17628	2194376	2194420
17629	2194457	2194492
17630	2194559	2194650
17631	2194723	2194815
17632	2194843	2194895
17633	2194987	2195028
17634	2195076	2195156
17635	2195222	2195294
17636	2195353	2195384
17637	2195462	2195530
17638	2195578	2195719
17639	2195748	2195790
17640	2195872	2195924
17641	2196110	2196131
17642	2196141	2196253
17643	2196341	2196435
17644	2196466	2196575
17645	2196603	2196658
17646	2196678	2196747
17647	2196849	2196925
17648	2196935	2196955
17649	2197040	2197119
17650	2197133	2197155
17651	2197166	2197253
17652	2197272	2197293
17653	2197383	2197426
17654	2197475	2197608
17655	2197703	2197730
17656	2197757	2197856
17657	2197877	2197933
17658	2198006	2198147
17659	2198160	2198283
17660	2198327	2198413
17661	2198494	2198562
17662	2198626	2198671
17663	2198697	2198805
17664	2198854	2198922
17665	2198991	2198999
17666	2199041	2199144
17667	2199210	2199290
17668	2199327	2199343
17669	2199424	2199554
17670	2199643	2199683
17671	2199764	2199815
17672	2199891	2199958
17673	2200013	2200026
17674	2200109	2200177
17675	2200297	2200309
17676	2200362	2200392
17677	2200440	2200594
17678	2200728	2200779
17679	2200844	2200904
17680	2200960	2200997
17681	2201048	2201152
17682	2201223	2201288
17683	2201334	2201446
17684	2201501	2201593
17685	2201605	2201631
17686	2201700	2201726
17687	2201746	2201825
17688	2201841	2201901
17689	2202005	2202057
17690	2202140	2202184
17691	2202261	2202287
17692	2202377	2202460
17693	2202516	2202558
17694	2202633	2202663
17695	2202720	2202762
17696	2202841	2202858
17697	2202878	2202953
17698	2202970	2203022
17699	2203040	2203155
17700	2203170	2203207
17701	2203290	2203318
17702	2203344	2203465
17703	2203493	2203647
17704	2203664	2203758
17705	2203774	2203875
17706	2203884	2203942
17707	2204121	2204194
17708	2204244	2204277
17709	2204298	2204403
17710	2204449	2204527
17711	2204562	2204663
17712	2204735	2204809
17713	2204900	2204949
17714	2204961	2204994
17715	2205047	2205124
17716	2205185	2205254
17717	2205316	2205390
17718	2205422	2205452
17719	2205488	2205551
17720	2205595	2205688
17721	2205764	2205776
17722	2205800	2205888
17723	2205972	2206045
17724	2206061	2206070
17725	2206115	2206233
17726	2206329	2206388
17727	2206492	2206541
17728	2206600	2206632
17729	2206670	2206752
17730	2206830	2206882
17731	2206934	2206974
17732	2207066	2207140
17733	2207191	2207240
17734	2207299	2207398
17735	2207474	2207570
17736	2207612	2207667
17737	2207677	2207800
17738	2207853	2207928
17739	2208016	2208058
17740	2208137	2208203
17741	2208209	2208281
17742	2208349	2208437
17743	2208546	2208646
17744	2208723	2208774
17745	2208851	2208924
17746	2208956	2209045
17747	2209160	2209238
17748	2209327	2209369
17749	2209455	2209523
17750	2209535	2209582
17751	2209630	2209679
17752	2209710	2209783
17753	2209829	2209855
17754	2209888	2210049
17755	2210161	2210183
17756	2210199	2210305
17757	2210343	2210365
17758	2210457	2210500
17759	2210530	2210562
17760	2210622	2210646
17761	2210705	2210805
17762	2210901	2210932
17763	2211021	2211130
17764	2211189	2211211
17765	2211237	2211366
17766	2211426	2211466
17767	2211476	2211588
17768	2211663	2211733
17769	2211802	2211881
17770	2211942	2212063
17771	2212092	2212187
17772	2212213	2212257
17773	2212321	2212331
17774	2212390	2212465
17775	2212523	2212584
17776	2212653	2212686
17777	2212700	2212777
17778	2212783	2212843
17779	2212854	2212910
17780	2212931	2213003
17781	2213087	2213177
17782	2213256	2213333
17783	2213387	2213449
17784	2213502	2213533
17785	2213575	2213640
17786	2213661	2213761
17787	2213807	2213856
17788	2213900	2214016
17789	2214087	2214155
17790	2214267	2214330
17791	2214381	2214447
17792	2214495	2214600
17793	2214654	2214709
17794	2214773	2214803
17795	2214821	2214934
17796	2215010	2215038
17797	2215145	2215166
17798	2215210	2215242
17799	2215293	2215305
17800	2215417	2215437
17801	2215475	2215518
17802	2215550	2215634
17803	2215680	2215732
17804	2215784	2215886
17805	2215959	2216000
17806	2216030	2216088
17807	2216098	2216130
17808	2216158	2216230
17809	2216231	2216288
17810	2216352	2216485
17811	2216529	2216594
17812	2216657	2216763
17813	2216847	2216964
17814	2217019	2217061
17815	2217094	2217130
17816	2217206	2217288
17817	2217331	2217379
17818	2217429	2217502
17819	2217587	2217699
17820	2217794	2217846
17821	2217916	2217933
17822	2217985	2218031
17823	2218141	2218203
17824	2218282	2218371
17825	2218399	2218466
17826	2218515	2218592
17827	2218691	2218700
17828	2218787	2218862
17829	2218914	2218962
17830	2219097	2219138
17831	2219168	2219219
17832	2219241	2219319
17833	2219343	2219464
17834	2219563	2219673
17835	2219782	2219839
17836	2219899	2219960
17837	2220011	2220072
17838	2220102	2220170
17839	2220210	2220267
17840	2220278	2220362
17841	2220498	2220565
17842	2220641	2220687
17843	2220826	2220884
17844	2220940	2220974
17845	2221018	2221053
17846	2221149	2221263
17847	2221377	2221416
17848	2221448	2221503
17849	2221634	2221728
17850	2221794	2221832
17851	2221880	2221919
17852	2222012	2222070
17853	2222102	2222146
17854	2222188	2222266
17855	2222376	2222389
17856	2222480	2222598
17857	2222633	2222685
17858	2222782	2222821
17859	2222885	2222916
17860	2223020	2223092
17861	2223108	2223219
17862	2223267	2223384
17863	2223555	2223598
17864	2223643	2223674
17865	2223748	2223812
17866	2223830	2223942
17867	2223977	2224012
17868	2224039	2224058
17869	2224124	2224170
17870	2224306	2224374
17871	2224501	2224517
17872	2224577	2224671
17873	2224761	2224814
17874	2224845	2224906
17875	2224957	2224991
17876	2225088	2225229
17877	2225325	2225486
17878	2225597	2225611
17879	2225665	2225715
17880	2225802	2225834
17881	2225894	2225915
17882	2225985	2226015
17883	2226079	2226103
17884	2226125	2226172
17885	2226229	2226249
17886	2226318	2226350
17887	2226425	2226461
17888	2226556	2226601
17889	2226621	2226674
17890	2226713	2226801
17891	2226819	2226918
17892	2226997	2227091
17893	2227204	2227243
17894	2227341	2227399
17895	2227466	2227537
17896	2227610	2227782
17897	2227909	2227993
17898	2228015	2228061
17899	2228090	2228117
17900	2228167	2228245
17901	2228289	2228390
17902	2228499	2228570
17903	2228621	2228686
17904	2228765	2228821
17905	2228884	2228920
17906	2229049	2229089
17907	2229129	2229187
17908	2229209	2229239
17909	2229282	2229383
17910	2229481	2229610
17911	2229700	2229791
17912	2229877	2229898
17913	2229987	2230023
17914	2230111	2230189
17915	2230222	2230240
17916	2230313	2230394
17917	2230500	2230608
17918	2230632	2230740
17919	2230795	2230911
17920	2230930	2230944
17921	2231054	2231141
17922	2231164	2231221
17923	2231257	2231385
17924	2231421	2231471
17925	2231482	2231499
17926	2231608	2231714
17927	2231757	2231778
17928	2231809	2231835
17929	2231881	2231974
17930	2232023	2232061
17931	2232148	2232175
17932	2232268	2232391
17933	2232454	2232507
17934	2232543	2232563
17935	2232582	2232643
17936	2232698	2232800
17937	2232904	2232953
17938	2233092	2233179
17939	2233289	2233346
17940	2233378	2233417
17941	2233520	2233546
17942	2233600	2233638
17943	2233651	2233667
17944	2233741	2233819
17945	2233861	2233947
17946	2233982	2234058
17947	2234113	2234184
17948	2234278	2234352
17949	2234386	2234498
17950	2234557	2234615
17951	2234641	2234745
17952	2234789	2234800
17953	2234828	2234848
17954	2234945	2235002
17955	2235023	2235101
17956	2235184	2235246
17957	2235274	2235315
17958	2235364	2235394
17959	2235439	2235450
17960	2235488	2235552
17961	2235574	2235623
17962	2235661	2235743
17963	2235772	2235845
17964	2235902	2235987
17965	2236075	2236150
17966	2236171	2236248
17967	2236301	2236318
17968	2236370	2236395
17969	2236450	2236520
17970	2236543	2236609
17971	2236712	2236739
17972	2236783	2236795
17973	2236907	2236976
17974	2237001	2237049
17975	2237140	2237218
17976	2237316	2237341
17977	2237366	2237376
17978	2237452	2237539
17979	2237578	2237633
17980	2237665	2237720
17981	2237795	2237818
17982	2237870	2237923
17983	2237959	2238009
17984	2238040	2238049
17985	2238138	2238207
17986	2238286	2238325
17987	2238388	2238484
17988	2238544	2238598
17989	2238689	2238706
17990	2238795	2238851
17991	2238903	2238943
17992	2238969	2239033
17993	2239040	2239134
17994	2239195	2239261
17995	2239303	2239370
17996	2239424	2239461
17997	2239538	2239550
17998	2239571	2239651
17999	2239739	2239796
18000	2239869	2239921
18001	2239955	2239974
18002	2240041	2240091
18003	2240186	2240274
18004	2240315	2240334
18005	2240403	2240476
18006	2240565	2240645
18007	2240682	2240714
18008	2240784	2240826
18009	2240954	2241024
18010	2241091	2241166
18011	2241211	2241234
18012	2241235	2241268
18013	2241319	2241355
18014	2241426	2241444
18015	2241512	2241535
18016	2241559	2241643
18017	2241714	2241773
18018	2241795	2241823
18019	2241896	2241982
18020	2242007	2242130
18021	2242195	2242281
18022	2242357	2242364
18023	2242411	2242498
18024	2242593	2242624
18025	2242674	2242691
18026	2242788	2242859
18027	2242926	2243069
18028	2243100	2243144
18029	2243145	2243210
18030	2243275	2243362
18031	2243414	2243522
18032	2243566	2243630
18033	2243652	2243802
18034	2243830	2243855
18035	2243891	2243954
18036	2243976	2244021
18037	2244106	2244215
18038	2244259	2244377
18039	2244406	2244445
18040	2244584	2244650
18041	2244699	2244771
18042	2244783	2244831
18043	2244888	2244993
18044	2245077	2245202
18045	2245283	2245354
18046	2245416	2245436
18047	2245480	2245512
18048	2245557	2245573
18049	2245660	2245729
18050	2245743	2245785
18051	2245882	2245985
18052	2246099	2246148
18053	2246189	2246222
18054	2246302	2246399
18055	2246454	2246543
18056	2246616	2246680
18057	2246781	2246871
18058	2246903	2246955
18059	2246990	2247032
18060	2247096	2247166
18061	2247250	2247281
18062	2247326	2247365
18063	2247457	2247558
18064	2247585	2247606
18065	2247647	2247691
18066	2247715	2247860
18067	2247914	2248002
18068	2248105	2248141
18069	2248252	2248274
18070	2248436	2248465
18071	2248536	2248592
18072	2248673	2248745
18073	2248764	2248849
18074	2248870	2248912
18075	2248971	2249032
18076	2249175	2249277
18077	2249393	2249456
18078	2249499	2249548
18079	2249590	2249736
18080	2249782	2249809
18081	2249875	2249908
18082	2249984	2250058
18083	2250093	2250109
18084	2250199	2250295
18085	2250350	2250443
18086	2250564	2250619
18087	2250640	2250650
18088	2250694	2250771
18089	2250850	2250892
18090	2250909	2250978
18091	2251024	2251045
18092	2251080	2251138
18093	2251189	2251264
18094	2251342	2251455
18095	2251568	2251634
18096	2251732	2251830
18097	2251936	2252028
18098	2252129	2252198
18099	2252206	2252313
18100	2252384	2252410
18101	2252463	2252506
18102	2252564	2252649
18103	2252781	2252805
18104	2252837	2252932
18105	2253040	2253074
18106	2253137	2253245
18107	2253332	2253397
18108	2253417	2253495
18109	2253593	2253717
18110	2253744	2253771
18111	2253832	2253918
18112	2253991	2254069
18113	2254110	2254197
18114	2254229	2254295
18115	2254348	2254402
18116	2254475	2254513
18117	2254609	2254690
18118	2254744	2254795
18119	2254898	2255065
18120	2255124	2255194
18121	2255271	2255373
18122	2255474	2255537
18123	2255606	2255728
18124	2255801	2255839
18125	2255926	2256064
18126	2256135	2256181
18127	2256253	2256410
18128	2256459	2256500
18129	2256593	2256714
18130	2256771	2256878
18131	2256967	2257021
18132	2257085	2257162
18133	2257294	2257328
18134	2257370	2257504
18135	2257602	2257620
18136	2257638	2257687
18137	2257726	2257844
18138	2257906	2257949
18139	2258010	2258116
18140	2258198	2258220
18141	2258276	2258297
18142	2258396	2258426
18143	2258523	2258561
18144	2258578	2258591
18145	2258662	2258680
18146	2258716	2258826
18147	2258851	2258868
18148	2258928	2259033
18149	2259067	2259111
18150	2259228	2259248
18151	2259333	2259413
18152	2259510	2259607
18153	2259629	2259724
18154	2259832	2259882
18155	2259924	2259960
18156	2260054	2260167
18157	2260203	2260330
18158	2260370	2260420
18159	2260456	2260486
18160	2260519	2260573
18161	2260637	2260664
18162	2260675	2260804
18163	2260849	2260877
18164	2260964	2260981
18165	2261034	2261117
18166	2261146	2261188
18167	2261216	2261316
18168	2261342	2261487
18169	2261521	2261594
18170	2261657	2261679
18171	2261724	2261765
18172	2261805	2261875
18173	2261928	2262003
18174	2262059	2262082
18175	2262191	2262222
18176	2262305	2262369
18177	2262417	2262438
18178	2262477	2262533
18179	2262656	2262721
18180	2262739	2262851
18181	2262920	2262933
18182	2262946	2263059
18183	2263099	2263177
18184	2263241	2263261
18185	2263362	2263433
18186	2263470	2263527
18187	2263562	2263624
18188	2263712	2263768
18189	2263809	2263898
18190	2263989	2264092
18191	2264201	2264232
18192	2264295	2264325
18193	2264406	2264464
18194	2264561	2264623
18195	2264729	2264755
18196	2264825	2264872
18197	2264925	2264989
18198	2265011	2265053
18199	2265061	2265082
18200	2265120	2265207
18201	2265314	2265399
18202	2265427	2265483
18203	2265503	2265537
18204	2265673	2265788
18205	2265802	2265860
18206	2265896	2265953
18207	2265974	2265995
18208	2266046	2266102
18209	2266122	2266194
18210	2266292	2266355
18211	2266394	2266443
18212	2266480	2266599
18213	2266678	2266761
18214	2266887	2266990
18215	2267044	2267069
18216	2267153	2267246
18217	2267362	2267415
18218	2267490	2267503
18219	2267585	2267683
18220	2267736	2267747
18221	2267802	2267827
18222	2267908	2267940
18223	2268013	2268030
18224	2268062	2268102
18225	2268176	2268234
18226	2268287	2268371
18227	2268407	2268453
18228	2268495	2268608
18229	2268639	2268779
18230	2268896	2268945
18231	2268976	2268990
18232	2269067	2269212
18233	2269356	2269399
18234	2269476	2269587
18235	2269684	2269726
18236	2269781	2269799
18237	2269837	2269843
18238	2269863	2269908
18239	2270000	2270002
18240	2270048	2270091
18241	2270172	2270181
18242	2270243	2270322
18243	2270368	2270435
18244	2270537	2270650
18245	2270723	2270760
18246	2270798	2270814
18247	2270850	2270905
18248	2270921	2270972
18249	2271105	2271166
18250	2271177	2271251
18251	2271345	2271464
18252	2271514	2271635
18253	2271661	2271745
18254	2271791	2271889
18255	2271952	2271991
18256	2272021	2272069
18257	2272207	2272262
18258	2272342	2272406
18259	2272483	2272535
18260	2272615	2272682
18261	2272751	2272820
18262	2272852	2272927
18263	2273019	2273025
18264	2273119	2273127
18265	2273219	2273274
18266	2273345	2273417
18267	2273528	2273571
18268	2273624	2273669
18269	2273702	2273718
18270	2273788	2273871
18271	2273887	2273982
18272	2273988	2274063
18273	2274197	2274229
18274	2274267	2274372
18275	2274424	2274579
18276	2274612	2274692
18277	2274746	2274760
18278	2274809	2274902
18279	2274936	2275032
18280	2275152	2275269
18281	2275360	2275417
18282	2275535	2275591
18283	2275687	2275785
18284	2275852	2275960
18285	2276063	2276173
18286	2276196	2276264
18287	2276316	2276333
18288	2276383	2276445
18289	2276525	2276555
18290	2276620	2276757
18291	2276793	2276878
18292	2276990	2277006
18293	2277096	2277132
18294	2277192	2277275
18295	2277330	2277382
18296	2277513	2277586
18297	2277654	2277743
18298	2277821	2277864
18299	2277939	2278023
18300	2278116	2278185
18301	2278196	2278291
18302	2278331	2278402
18303	2278506	2278598
18304	2278656	2278683
18305	2278736	2278740
18306	2278773	2278900
18307	2278921	2278942
18308	2278966	2279009
18309	2279094	2279135
18310	2279233	2279279
18311	2279333	2279362
18312	2279406	2279494
18313	2279572	2279647
18314	2279667	2279688
18315	2279756	2279840
18316	2279907	2279920
18317	2279992	2280044
18318	2280133	2280166
18319	2280178	2280228
18320	2280250	2280321
18321	2280352	2280427
18322	2280471	2280479
18323	2280564	2280572
18324	2280647	2280746
18325	2280792	2280875
18326	2280988	2281040
18327	2281057	2281084
18328	2281170	2281278
18329	2281299	2281338
18330	2281383	2281404
18331	2281429	2281486
18332	2281574	2281619
18333	2281688	2281720
18334	2281736	2281805
18335	2281851	2281907
18336	2281956	2281978
18337	2282051	2282106
18338	2282180	2282252
18339	2282327	2282391
18340	2282440	2282482
18341	2282553	2282600
18342	2282673	2282699
18343	2282767	2282813
18344	2282885	2282908
18345	2282949	2283000
18346	2283092	2283147
18347	2283173	2283204
18348	2283257	2283307
18349	2283322	2283403
18350	2283442	2283477
18351	2283552	2283595
18352	2283638	2283678
18353	2283839	2283966
18354	2284035	2284170
18355	2284297	2284305
18356	2284321	2284364
18357	2284426	2284462
18358	2284558	2284624
18359	2284703	2284738
18360	2284786	2284842
18361	2284868	2284928
18362	2284956	2285046
18363	2285067	2285090
18364	2285170	2285197
18365	2285307	2285423
18366	2285529	2285627
18367	2285682	2285729
18368	2285764	2285855
18369	2285888	2285961
18370	2285998	2286049
18371	2286145	2286202
18372	2286300	2286326
18373	2286374	2286419
18374	2286444	2286579
18375	2286633	2286687
18376	2286704	2286812
18377	2286856	2286907
18378	2286933	2286995
18379	2287087	2287102
18380	2287157	2287236
18381	2287288	2287300
18382	2287396	2287528
18383	2287575	2287608
18384	2287726	2287843
18385	2287869	2287942
18386	2288035	2288061
18387	2288095	2288173
18388	2288251	2288283
18389	2288306	2288367
18390	2288393	2288484
18391	2288601	2288706
18392	2288832	2288899
18393	2289052	2289072
18394	2289087	2289132
18395	2289164	2289205
18396	2289273	2289325
18397	2289389	2289409
18398	2289458	2289563
18399	2289617	2289690
18400	2289745	2289838
18401	2289857	2289867
18402	2289954	2290085
18403	2290131	2290156
18404	2290195	2290234
18405	2290291	2290370
18406	2290407	2290517
18407	2290589	2290684
18408	2290716	2290739
18409	2290766	2290820
18410	2290867	2290953
18411	2291022	2291045
18412	2291081	2291097
18413	2291107	2291230
18414	2291340	2291402
18415	2291483	2291591
18416	2291655	2291665
18417	2291738	2291808
18418	2291861	2291949
18419	2292054	2292086
18420	2292109	2292119
18421	2292153	2292283
18422	2292398	2292450
18423	2292469	2292557
18424	2292595	2292613
18425	2292727	2292768
18426	2292835	2292960
18427	2293003	2293048
18428	2293093	2293143
18429	2293207	2293312
18430	2293406	2293488
18431	2293514	2293528
18432	2293636	2293715
18433	2293763	2293782
18434	2293879	2293966
18435	2294072	2294124
18436	2294149	2294224
18437	2294256	2294287
18438	2294430	2294478
18439	2294531	2294629
18440	2294683	2294744
18441	2294817	2294926
18442	2294985	2295019
18443	2295066	2295141
18444	2295179	2295277
18445	2295311	2295332
18446	2295448	2295536
18447	2295593	2295695
18448	2295720	2295823
18449	2295853	2295861
18450	2295968	2296038
18451	2296051	2296139
18452	2296208	2296357
18453	2296445	2296540
18454	2296636	2296672
18455	2296777	2296815
18456	2296907	2297028
18457	2297057	2297150
18458	2297189	2297291
18459	2297363	2297417
18460	2297468	2297521
18461	2297561	2297651
18462	2297735	2297749
18463	2297813	2297972
18464	2297984	2298074
18465	2298097	2298123
18466	2298166	2298224
18467	2298235	2298339
18468	2298452	2298503
18469	2298524	2298545
18470	2298648	2298670
18471	2298783	2298797
18472	2298920	2298959
18473	2299051	2299169
18474	2299215	2299311
18475	2299417	2299478
18476	2299542	2299585
18477	2299606	2299702
18478	2299757	2299846
18479	2299893	2299989
18480	2300030	2300124
18481	2300182	2300279
18482	2300377	2300447
18483	2300499	2300534
18484	2300636	2300673
18485	2300731	2300780
18486	2300845	2300866
18487	2300940	2300994
18488	2301042	2301096
18489	2301153	2301233
18490	2301307	2301343
18491	2301417	2301475
18492	2301519	2301560
18493	2301600	2301649
18494	2301736	2301846
18495	2301908	2301916
18496	2301959	2302030
18497	2302068	2302085
18498	2302233	2302340
18499	2302391	2302471
18500	2302519	2302554
18501	2302564	2302608
18502	2302743	2302775
18503	2302822	2302953
18504	2302981	2303095
18505	2303213	2303267
18506	2303311	2303347
18507	2303399	2303482
18508	2303570	2303607
18509	2303655	2303680
18510	2303815	2303853
18511	2303937	2304077
18512	2304209	2304300
18513	2304320	2304369
18514	2304451	2304482
18515	2304558	2304590
18516	2304598	2304735
18517	2304823	2304851
18518	2304914	2304996
18519	2305093	2305232
18520	2305367	2305403
18521	2305479	2305537
18522	2305641	2305673
18523	2305706	2305758
18524	2305791	2305825
18525	2305951	2305964
18526	2305978	2306006
18527	2306144	2306242
18528	2306314	2306376
18529	2306446	2306485
18530	2306520	2306580
18531	2306599	2306608
18532	2306623	2306713
18533	2306839	2306928
18534	2306959	2307029
18535	2307085	2307135
18536	2307208	2307250
18537	2307350	2307450
18538	2307514	2307571
18539	2307643	2307742
18540	2307797	2307897
18541	2307985	2308000
18542	2308094	2308119
18543	2308156	2308307
18544	2308395	2308434
18545	2308549	2308581
18546	2308621	2308628
18547	2308715	2308743
18548	2308859	2308940
18549	2309063	2309150
18550	2309165	2309320
18551	2309332	2309380
18552	2309394	2309474
18553	2309511	2309545
18554	2309613	2309649
18555	2309681	2309722
18556	2309746	2309758
18557	2309801	2309838
18558	2309863	2309888
18559	2309941	2309988
18560	2310051	2310129
18561	2310149	2310200
18562	2310303	2310360
18563	2310392	2310473
18564	2310485	2310532
18565	2310600	2310740
18566	2310791	2310792
18567	2310900	2311002
18568	2311086	2311155
18569	2311217	2311316
18570	2311330	2311346
18571	2311427	2311518
18572	2311568	2311669
18573	2311781	2311834
18574	2311934	2311971
18575	2312012	2312113
18576	2312161	2312258
18577	2312367	2312407
18578	2312516	2312528
18579	2312566	2312632
18580	2312736	2312758
18581	2312873	2312928
18582	2313017	2313046
18583	2313063	2313090
18584	2313149	2313196
18585	2313236	2313389
18586	2313428	2313452
18587	2313529	2313543
18588	2313565	2313639
18589	2313733	2313747
18590	2313859	2313964
18591	2314014	2314039
18592	2314077	2314091
18593	2314149	2314206
18594	2314248	2314269
18595	2314324	2314366
18596	2314386	2314437
18597	2314566	2314620
18598	2314739	2314773
18599	2314835	2314928
18600	2314959	2315028
18601	2315034	2315168
18602	2315189	2315218
18603	2315305	2315314
18604	2315381	2315424
18605	2315492	2315503
18606	2315522	2315539
18607	2315556	2315616
18608	2315662	2315740
18609	2315761	2315854
18610	2315888	2316018
18611	2316083	2316116
18612	2316170	2316260
18613	2316333	2316375
18614	2316387	2316504
18615	2316588	2316631
18616	2316780	2316851
18617	2316914	2316933
18618	2317005	2317068
18619	2317199	2317211
18620	2317221	2317245
18621	2317272	2317339
18622	2317419	2317455
18623	2317469	2317573
18624	2317657	2317707
18625	2317779	2317813
18626	2317851	2317910
18627	2317950	2318063
18628	2318087	2318112
18629	2318145	2318198
18630	2318255	2318312
18631	2318420	2318465
18632	2318547	2318622
18633	2318712	2318734
18634	2318794	2318855
18635	2318914	2318961
18636	2318981	2319111
18637	2319166	2319192
18638	2319231	2319306
18639	2319413	2319479
18640	2319534	2319595
18641	2319653	2319737
18642	2319841	2319934
18643	2320030	2320060
18644	2320133	2320180
18645	2320279	2320356
18646	2320370	2320410
18647	2320438	2320498
18648	2320560	2320667
18649	2320713	2320817
18650	2320826	2320941
18651	2320999	2321044
18652	2321115	2321166
18653	2321286	2321325
18654	2321381	2321430
18655	2321495	2321618
18656	2321725	2321815
18657	2321915	2321997
18658	2322036	2322118
18659	2322207	2322220
18660	2322259	2322331
18661	2322337	2322364
18662	2322399	2322434
18663	2322477	2322521
18664	2322605	2322724
18665	2322814	2322901
18666	2322925	2323012
18667	2323078	2323195
18668	2323274	2323369
18669	2323455	2323493
18670	2323547	2323647
18671	2323705	2323769
18672	2323843	2323870
18673	2323967	2324041
18674	2324128	2324226
18675	2324252	2324307
18676	2324407	2324441
18677	2324479	2324554
18678	2324661	2324743
18679	2324843	2324888
18680	2324942	2324983
18681	2325085	2325227
18682	2325342	2325397
18683	2325459	2325538
18684	2325561	2325641
18685	2325716	2325742
18686	2325754	2325828
18687	2325935	2326039
18688	2326188	2326279
18689	2326329	2326363
18690	2326445	2326521
18691	2326541	2326622
18692	2326693	2326793
18693	2326821	2326860
18694	2326991	2327011
18695	2327088	2327147
18696	2327208	2327236
18697	2327351	2327368
18698	2327423	2327491
18699	2327628	2327678
18700	2327727	2327810
18701	2327811	2327854
18702	2327979	2328017
18703	2328071	2328171
18704	2328184	2328207
18705	2328224	2328318
18706	2328372	2328406
18707	2328489	2328508
18708	2328541	2328621
18709	2328681	2328769
18710	2328787	2328800
18711	2328903	2329005
18712	2329095	2329150
18713	2329172	2329199
18714	2329215	2329276
18715	2329297	2329323
18716	2329343	2329406
18717	2329510	2329621
18718	2329718	2329806
18719	2329807	2329915
18720	2329979	2330077
18721	2330156	2330175
18722	2330272	2330370
18723	2330399	2330508
18724	2330632	2330646
18725	2330771	2330846
18726	2330858	2330918
18727	2330960	2331148
18728	2331232	2331337
18729	2331417	2331430
18730	2331532	2331623
18731	2331711	2331818
18732	2331900	2331945
18733	2332033	2332117
18734	2332169	2332281
18735	2332336	2332420
18736	2332474	2332519
18737	2332557	2332648
18738	2332748	2332795
18739	2332855	2332905
18740	2332918	2332949
18741	2333016	2333139
18742	2333215	2333232
18743	2333284	2333319
18744	2333392	2333433
18745	2333477	2333489
18746	2333540	2333574
18747	2333621	2333679
18748	2333749	2333765
18749	2333891	2333967
18750	2333980	2334049
18751	2334115	2334164
18752	2334199	2334228
18753	2334293	2334345
18754	2334459	2334606
18755	2334713	2334745
18756	2334882	2334987
18757	2334988	2335035
18758	2335050	2335124
18759	2335242	2335304
18760	2335337	2335430
18761	2335477	2335492
18762	2335531	2335585
18763	2335671	2335794
18764	2335878	2335901
18765	2335916	2336007
18766	2336039	2336106
18767	2336135	2336189
18768	2336285	2336372
18769	2336477	2336523
18770	2336588	2336660
18771	2336727	2336769
18772	2336848	2336966
18773	2337014	2337055
18774	2337136	2337273
18775	2337345	2337491
18776	2337561	2337613
18777	2337716	2337815
18778	2337886	2338016
18779	2338032	2338164
18780	2338234	2338320
18781	2338420	2338432
18782	2338466	2338516
18783	2338581	2338618
18784	2338664	2338742
18785	2338782	2338869
18786	2338888	2338979
18787	2339104	2339197
18788	2339262	2339287
18789	2339377	2339403
18790	2339424	2339474
18791	2339558	2339559
18792	2339649	2339699
18793	2339716	2339780
18794	2339869	2340004
18795	2340046	2340141
18796	2340161	2340254
18797	2340271	2340350
18798	2340457	2340471
18799	2340602	2340649
18800	2340709	2340751
18801	2340769	2340839
18802	2340907	2340997
18803	2341023	2341052
18804	2341090	2341175
18805	2341200	2341232
18806	2341343	2341366
18807	2341476	2341536
18808	2341622	2341710
18809	2341776	2341805
18810	2341897	2341919
18811	2342038	2342105
18812	2342249	2342326
18813	2342362	2342392
18814	2342504	2342532
18815	2342631	2342780
18816	2342818	2342857
18817	2342885	2342926
18818	2343048	2343171
18819	2343201	2343254
18820	2343375	2343416
18821	2343496	2343542
18822	2343557	2343590
18823	2343603	2343679
18824	2343812	2343827
18825	2343918	2343986
18826	2344025	2344057
18827	2344079	2344158
18828	2344193	2344236
18829	2344294	2344361
18830	2344401	2344453
18831	2344573	2344596
18832	2344654	2344683
18833	2344728	2344830
18834	2344875	2344893
18835	2344963	2345041
18836	2345092	2345125
18837	2345211	2345283
18838	2345356	2345431
18839	2345494	2345513
18840	2345559	2345571
18841	2345580	2345610
18842	2345640	2345661
18843	2345689	2345778
18844	2345779	2345807
18845	2345967	2345980
18846	2346067	2346178
18847	2346194	2346291
18848	2346366	2346452
18849	2346555	2346606
18850	2346630	2346732
18851	2346790	2346892
18852	2346938	2346970
18853	2347037	2347105
18854	2347220	2347279
18855	2347353	2347380
18856	2347481	2347524
18857	2347574	2347662
18858	2347734	2347818
18859	2347847	2347937
18860	2347993	2348079
18861	2348146	2348218
18862	2348245	2348331
18863	2348387	2348469
18864	2348593	2348676
18865	2348705	2348776
18866	2348861	2348911
18867	2348987	2349028
18868	2349046	2349173
18869	2349193	2349239
18870	2349259	2349375
18871	2349430	2349452
18872	2349465	2349514
18873	2349627	2349639
18874	2349658	2349691
18875	2349741	2349790
18876	2349802	2349884
18877	2349890	2349963
18878	2350057	2350069
18879	2350089	2350160
18880	2350173	2350181
18881	2350274	2350334
18882	2350366	2350395
18883	2350439	2350543
18884	2350674	2350692
18885	2350792	2350879
18886	2350942	2350976
18887	2351024	2351067
18888	2351091	2351187
18889	2351221	2351281
18890	2351334	2351412
18891	2351421	2351439
18892	2351492	2351523
18893	2351570	2351596
18894	2351618	2351635
18895	2351726	2351766
18896	2351821	2351871
18897	2351963	2352057
18898	2352206	2352238
18899	2352289	2352290
18900	2352363	2352394
18901	2352472	2352553
18902	2352649	2352696
18903	2352793	2352811
18904	2352875	2352908
18905	2352966	2353048
18906	2353106	2353189
18907	2353276	2353351
18908	2353370	2353429
18909	2353466	2353587
18910	2353667	2353760
18911	2353875	2353907
18912	2353969	2354068
18913	2354146	2354177
18914	2354257	2354285
18915	2354381	2354458
18916	2354481	2354559
18917	2354580	2354645
18918	2354701	2354772
18919	2354793	2354928
18920	2355013	2355101
18921	2355139	2355197
18922	2355284	2355419
18923	2355480	2355533
18924	2355632	2355751
18925	2355817	2355860
18926	2355888	2355962
18927	2356011	2356091
18928	2356102	2356189
18929	2356299	2356359
18930	2356366	2356457
18931	2356512	2356611
18932	2356665	2356770
18933	2356785	2356937
18934	2356984	2357084
18935	2357193	2357271
18936	2357347	2357413
18937	2357428	2357495
18938	2357513	2357534
18939	2357592	2357647
18940	2357675	2357812
18941	2357914	2357976
18942	2358021	2358098
18943	2358138	2358184
18944	2358212	2358232
18945	2358336	2358390
18946	2358401	2358466
18947	2358485	2358491
18948	2358514	2358549
18949	2358577	2358682
18950	2358748	2358814
18951	2358910	2358977
18952	2359127	2359149
18953	2359163	2359249
18954	2359278	2359326
18955	2359431	2359502
18956	2359551	2359584
18957	2359630	2359717
18958	2359796	2359885
18959	2359907	2359929
18960	2360021	2360069
18961	2360107	2360185
18962	2360345	2360393
18963	2360457	2360569
18964	2360617	2360734
18965	2360794	2360875
18966	2360920	2360932
18967	2360956	2360969
18968	2361035	2361125
18969	2361203	2361274
18970	2361333	2361428
18971	2361504	2361552
18972	2361580	2361678
18973	2361760	2361875
18974	2361939	2361972
18975	2362058	2362121
18976	2362146	2362214
18977	2362319	2362371
18978	2362397	2362510
18979	2362550	2362580
18980	2362610	2362630
18981	2362666	2362709
18982	2362737	2362781
18983	2362834	2362929
18984	2362960	2363004
18985	2363051	2363165
18986	2363179	2363269
18987	2363335	2363395
18988	2363465	2363490
18989	2363516	2363604
18990	2363723	2363813
18991	2363904	2364002
18992	2364066	2364108
18993	2364136	2364168
18994	2364188	2364207
18995	2364237	2364278
18996	2364309	2364331
18997	2364388	2364412
18998	2364457	2364511
18999	2364637	2364699
19000	2364724	2364756
19001	2364817	2364839
19002	2364897	2364958
19003	2364981	2365077
19004	2365078	2365119
19005	2365133	2365181
19006	2365261	2365307
19007	2365335	2365400
19008	2365497	2365507
19009	2365560	2365676
19010	2365762	2365832
19011	2365909	2365966
19012	2365992	2366120
19013	2366135	2366215
19014	2366290	2366333
19015	2366384	2366449
19016	2366476	2366506
19017	2366605	2366628
19018	2366716	2366792
19019	2366816	2366876
19020	2366940	2367067
19021	2367128	2367145
19022	2367182	2367287
19023	2367362	2367446
19024	2367509	2367520
19025	2367580	2367606
19026	2367633	2367704
19027	2367723	2367774
19028	2367851	2367964
19029	2368037	2368131
19030	2368181	2368267
19031	2368317	2368327
19032	2368396	2368438
19033	2368467	2368495
19034	2368544	2368646
19035	2368714	2368784
19036	2368842	2368872
19037	2368937	2368995
19038	2369141	2369175
19039	2369196	2369323
19040	2369413	2369500
19041	2369530	2369634
19042	2369646	2369681
19043	2369802	2369871
19044	2370011	2370089
19045	2370111	2370137
19046	2370171	2370196
19047	2370238	2370258
19048	2370304	2370342
19049	2370376	2370476
19050	2370513	2370559
19051	2370585	2370636
19052	2370690	2370770
19053	2370869	2370879
19054	2370923	2371000
19055	2371033	2371150
19056	2371182	2371199
19057	2371232	2371254
19058	2371296	2371413
19059	2371504	2371568
19060	2371603	2371616
19061	2371637	2371697
19062	2371707	2371786
19063	2371923	2371936
19064	2371966	2372002
19065	2372041	2372098
19066	2372188	2372257
19067	2372320	2372412
19068	2372454	2372479
19069	2372557	2372596
19070	2372662	2372750
19071	2372791	2372821
19072	2372884	2372934
19073	2372975	2373024
19074	2373055	2373108
19075	2373138	2373194
19076	2373244	2373286
19077	2373386	2373453
19078	2373525	2373551
19079	2373606	2373646
19080	2373686	2373734
19081	2373810	2373870
19082	2373894	2373915
19083	2373996	2374018
19084	2374042	2374087
19085	2374129	2374220
19086	2374312	2374335
19087	2374424	2374505
19088	2374579	2374654
19089	2374710	2374727
19090	2374757	2374906
19091	2374952	2374991
19092	2375056	2375093
19093	2375159	2375201
19094	2375318	2375378
19095	2375403	2375474
19096	2375517	2375525
19097	2375577	2375664
19098	2375760	2375828
19099	2375865	2375944
19100	2375983	2376033
19101	2376142	2376211
19102	2376313	2376363
19103	2376436	2376522
19104	2376586	2376622
19105	2376730	2376805
19106	2376855	2376891
19107	2376957	2376971
19108	2377083	2377180
19109	2377285	2377429
19110	2377517	2377527
19111	2377647	2377716
19112	2377750	2377804
19113	2377818	2377867
19114	2377941	2377986
19115	2378059	2378138
19116	2378196	2378247
19117	2378361	2378459
19118	2378486	2378505
19119	2378634	2378731
19120	2378779	2378819
19121	2378882	2378933
19122	2379017	2379033
19123	2379077	2379182
19124	2379335	2379336
19125	2379359	2379417
19126	2379466	2379546
19127	2379648	2379740
19128	2379805	2379846
19129	2379901	2379944
19130	2380017	2380040
19131	2380093	2380150
19132	2380194	2380256
19133	2380299	2380367
19134	2380403	2380482
19135	2380567	2380590
19136	2380630	2380730
19137	2380804	2380851
19138	2380946	2380997
19139	2381010	2381091
19140	2381127	2381146
19141	2381180	2381196
19142	2381265	2381349
19143	2381438	2381504
19144	2381548	2381598
19145	2381649	2381710
19146	2381783	2381859
19147	2381889	2382020
19148	2382080	2382163
19149	2382229	2382287
19150	2382306	2382434
19151	2382579	2382664
19152	2382748	2382799
19153	2382882	2382926
19154	2383064	2383117
19155	2383144	2383250
19156	2383339	2383349
19157	2383459	2383625
19158	2383644	2383747
19159	2383819	2383921
19160	2383983	2384036
19161	2384065	2384181
19162	2384182	2384252
19163	2384310	2384351
19164	2384405	2384447
19165	2384495	2384535
19166	2384606	2384612
19167	2384675	2384781
19168	2384803	2384822
19169	2384918	2385010
19170	2385093	2385191
19171	2385224	2385242
19172	2385380	2385426
19173	2385446	2385511
19174	2385524	2385609
19175	2385640	2385686
19176	2385752	2385840
19177	2385928	2385990
19178	2386033	2386068
19179	2386078	2386159
19180	2386214	2386240
19181	2386267	2386369
19182	2386383	2386404
19183	2386485	2386552
19184	2386589	2386615
19185	2386629	2386657
19186	2386724	2386738
19187	2386828	2386911
19188	2387056	2387143
19189	2387205	2387249
19190	2387302	2387369
19191	2387506	2387526
19192	2387627	2387675
19193	2387702	2387737
19194	2387785	2387866
19195	2387918	2388005
19196	2388029	2388089
19197	2388107	2388176
19198	2388187	2388242
19199	2388297	2388330
19200	2388356	2388412
19201	2388485	2388534
19202	2388560	2388590
19203	2388659	2388730
19204	2388782	2388899
19205	2389013	2389069
19206	2389207	2389273
19207	2389337	2389351
19208	2389449	2389484
19209	2389577	2389664
19210	2389753	2389767
19211	2389828	2389842
19212	2389905	2389976
19213	2390028	2390087
19214	2390168	2390335
19215	2390380	2390444
19216	2390533	2390545
19217	2390653	2390714
19218	2390757	2390801
19219	2390854	2390958
19220	2391020	2391098
19221	2391114	2391131
19222	2391167	2391307
19223	2391326	2391410
19224	2391423	2391504
19225	2391562	2391622
19226	2391732	2391813
19227	2391856	2391937
19228	2391995	2392060
19229	2392132	2392222
19230	2392258	2392279
19231	2392378	2392494
19232	2392557	2392641
19233	2392681	2392708
19234	2392756	2392791
19235	2392847	2392956
19236	2393026	2393082
19237	2393118	2393191
19238	2393206	2393328
19239	2393343	2393351
19240	2393387	2393519
19241	2393571	2393628
19242	2393676	2393689
19243	2393739	2393848
19244	2393908	2393984
19245	2394030	2394056
19246	2394082	2394125
19247	2394248	2394284
19248	2394371	2394431
19249	2394511	2394592
19250	2394657	2394752
19251	2394782	2394812
19252	2394874	2394912
19253	2394959	2394989
19254	2395039	2395129
19255	2395211	2395230
19256	2395256	2395355
19257	2395404	2395432
19258	2395498	2395522
19259	2395617	2395677
19260	2395804	2395889
19261	2395911	2395944
19262	2396017	2396122
19263	2396254	2396329
19264	2396374	2396442
19265	2396460	2396500
19266	2396538	2396620
19267	2396734	2396837
19268	2396853	2396887
19269	2397034	2397083
19270	2397145	2397205
19271	2397260	2397296
19272	2397314	2397401
19273	2397521	2397605
19274	2397699	2397797
19275	2397871	2397922
19276	2398033	2398058
19277	2398110	2398129
19278	2398199	2398264
19279	2398273	2398353
19280	2398409	2398458
19281	2398502	2398572
19282	2398600	2398661
19283	2398680	2398745
19284	2398869	2398904
19285	2398961	2399001
19286	2399074	2399142
19287	2399247	2399290
19288	2399364	2399424
19289	2399451	2399528
19290	2399624	2399701
19291	2399768	2399825
19292	2399923	2399946
19293	2399995	2400074
19294	2400101	2400235
19295	2400306	2400332
19296	2400346	2400402
19297	2400483	2400532
19298	2400567	2400614
19299	2400673	2400713
19300	2400777	2400844
19301	2401004	2401017
19302	2401058	2401104
19303	2401143	2401177
19304	2401200	2401341
19305	2401471	2401575
19306	2401623	2401682
19307	2401776	2401852
19308	2401964	2401990
19309	2402019	2402040
19310	2402086	2402143
19311	2402213	2402305
19312	2402328	2402438
19313	2402490	2402534
19314	2402542	2402650
19315	2402724	2402765
19316	2402874	2402902
19317	2402937	2402998
19318	2403038	2403125
19319	2403215	2403252
19320	2403297	2403379
19321	2403486	2403623
19322	2403732	2403818
19323	2403883	2403955
19324	2404001	2404019
19325	2404140	2404182
19326	2404257	2404268
19327	2404338	2404399
19328	2404429	2404474
19329	2404570	2404595
19330	2404651	2404734
19331	2404755	2404822
19332	2404923	2405047
19333	2405096	2405150
19334	2405214	2405296
19335	2405367	2405448
19336	2405525	2405579
19337	2405633	2405660
19338	2405746	2405798
19339	2405840	2405914
19340	2405963	2405989
19341	2406008	2406065
19342	2406135	2406194
19343	2406241	2406295
19344	2406324	2406402
19345	2406461	2406485
19346	2406521	2406588
19347	2406719	2406766
19348	2406818	2406873
19349	2406882	2406942
19350	2406983	2407028
19351	2407138	2407162
19352	2407187	2407282
19353	2407313	2407341
19354	2407399	2407430
19355	2407457	2407505
19356	2407538	2407591
19357	2407679	2407798
19358	2407837	2407892
19359	2408005	2408024
19360	2408120	2408291
19361	2408318	2408396
19362	2408477	2408551
19363	2408682	2408739
19364	2408759	2408792
19365	2408807	2408898
19366	2408960	2409051
19367	2409084	2409164
19368	2409208	2409252
19369	2409303	2409353
19370	2409426	2409468
19371	2409494	2409594
19372	2409706	2409792
19373	2409834	2409923
19374	2409959	2409976
19375	2410030	2410067
19376	2410124	2410192
19377	2410212	2410262
19378	2410289	2410302
19379	2410338	2410363
19380	2410451	2410585
19381	2410701	2410798
19382	2410825	2410869
19383	2410936	2410958
19384	2410989	2411091
19385	2411118	2411154
19386	2411168	2411192
19387	2411237	2411375
19388	2411393	2411476
19389	2411545	2411590
19390	2411630	2411710
19391	2411782	2411901
19392	2411932	2412003
19393	2412047	2412116
19394	2412225	2412280
19395	2412337	2412353
19396	2412363	2412364
19397	2412422	2412440
19398	2412529	2412587
19399	2412686	2412826
19400	2412859	2413004
19401	2413082	2413124
19402	2413164	2413209
19403	2413240	2413296
19404	2413388	2413401
19405	2413512	2413549
19406	2413639	2413706
19407	2413723	2413767
19408	2413833	2413902
19409	2413945	2413975
19410	2414039	2414122
19411	2414228	2414320
19412	2414387	2414425
19413	2414460	2414524
19414	2414543	2414587
19415	2414660	2414735
19416	2414802	2414931
19417	2414960	2414973
19418	2415042	2415121
19419	2415164	2415252
19420	2415299	2415315
19421	2415379	2415506
19422	2415538	2415587
19423	2415602	2415633
19424	2415706	2415783
19425	2415912	2416052
19426	2416116	2416147
19427	2416285	2416318
19428	2416346	2416426
19429	2416545	2416580
19430	2416666	2416785
19431	2416795	2416867
19432	2416941	2417079
19433	2417169	2417208
19434	2417320	2417403
19435	2417524	2417621
19436	2417696	2417756
19437	2417797	2417848
19438	2417933	2417976
19439	2418041	2418073
19440	2418194	2418298
19441	2418396	2418429
19442	2418485	2418541
19443	2418619	2418627
19444	2418693	2418774
19445	2418793	2418824
19446	2418884	2418933
19447	2419043	2419114
19448	2419151	2419242
19449	2419249	2419280
19450	2419367	2419382
19451	2419443	2419530
19452	2419548	2419633
19453	2419682	2419719
19454	2419775	2419826
19455	2419886	2419990
19456	2420099	2420147
19457	2420240	2420274
19458	2420380	2420452
19459	2420517	2420550
19460	2420630	2420753
19461	2420807	2420851
19462	2420879	2420973
19463	2421074	2421154
19464	2421242	2421306
19465	2421350	2421385
19466	2421480	2421494
19467	2421584	2421632
19468	2421670	2421695
19469	2421792	2421860
19470	2421899	2421920
19471	2421981	2421995
19472	2422110	2422146
19473	2422168	2422236
19474	2422369	2422464
19475	2422546	2422557
19476	2422592	2422612
19477	2422754	2422755
19478	2422791	2422851
19479	2422927	2422976
19480	2422983	2423013
19481	2423077	2423084
19482	2423176	2423200
19483	2423247	2423280
19484	2423412	2423457
19485	2423486	2423535
19486	2423580	2423653
19487	2423676	2423745
19488	2423759	2423801
19489	2423859	2423916
19490	2424072	2424125
19491	2424257	2424291
19492	2424370	2424454
19493	2424546	2424623
19494	2424711	2424748
19495	2424846	2424922
19496	2424983	2425012
19497	2425033	2425065
19498	2425138	2425226
19499	2425321	2425423
19500	2425457	2425523
19501	2425542	2425583
19502	2425642	2425696
19503	2425763	2425802
19504	2425868	2425940
19505	2426013	2426039
19506	2426092	2426162
19507	2426243	2426266
19508	2426306	2426325
19509	2426415	2426433
19510	2426528	2426563
19511	2426604	2426624
19512	2426708	2426775
19513	2426799	2426862
19514	2426927	2427045
19515	2427104	2427191
19516	2427260	2427328
19517	2427360	2427383
19518	2427453	2427459
19519	2427499	2427548
19520	2427614	2427652
19521	2427674	2427685
19522	2427746	2427828
19523	2427872	2427955
19524	2428001	2428089
19525	2428095	2428101
19526	2428223	2428258
19527	2428347	2428440
19528	2428544	2428661
19529	2428787	2428833
19530	2428852	2428954
19531	2428972	2429023
19532	2429055	2429064
19533	2429106	2429213
19534	2429250	2429284
19535	2429293	2429348
19536	2429378	2429428
19537	2429487	2429564
19538	2429626	2429749
19539	2429779	2429792
19540	2429845	2429867
19541	2429880	2429936
19542	2430041	2430178
19543	2430202	2430249
19544	2430351	2430466
19545	2430521	2430586
19546	2430646	2430686
19547	2430725	2430751
19548	2430835	2430917
19549	2430983	2431021
19550	2431113	2431145
19551	2431191	2431201
19552	2431207	2431244
19553	2431317	2431409
19554	2431535	2431549
19555	2431559	2431602
19556	2431700	2431774
19557	2431885	2431953
19558	2431986	2432023
19559	2432119	2432168
19560	2432217	2432288
19561	2432391	2432490
19562	2432574	2432632
19563	2432718	2432780
19564	2432797	2432862
19565	2432874	2432903
19566	2432988	2433056
19567	2433178	2433238
19568	2433328	2433398
19569	2433469	2433497
19570	2433593	2433708
19571	2433742	2433799
19572	2433858	2433952
19573	2433978	2434045
19574	2434085	2434195
19575	2434212	2434318
19576	2434396	2434530
19577	2434594	2434619
19578	2434643	2434728
19579	2434805	2434904
19580	2434958	2435012
19581	2435020	2435102
19582	2435200	2435262
19583	2435287	2435388
19584	2435433	2435512
19585	2435594	2435638
19586	2435699	2435805
19587	2435928	2436000
19588	2436019	2436044
19589	2436129	2436224
19590	2436296	2436342
19591	2436357	2436392
19592	2436478	2436547
19593	2436575	2436643
19594	2436733	2436753
19595	2436795	2436814
19596	2436911	2437009
19597	2437105	2437157
19598	2437173	2437211
19599	2437346	2437409
19600	2437459	2437504
19601	2437558	2437614
19602	2437667	2437673
19603	2437767	2437790
19604	2437879	2437890
19605	2437931	2438004
19606	2438080	2438144
19607	2438286	2438326
19608	2438352	2438430
19609	2438507	2438608
19610	2438617	2438708
19611	2438724	2438787
19612	2438806	2438855
19613	2438955	2439015
19614	2439077	2439178
19615	2439297	2439356
19616	2439394	2439411
19617	2439432	2439481
19618	2439558	2439602
19619	2439653	2439690
19620	2439770	2439844
19621	2439942	2440092
19622	2440136	2440198
19623	2440291	2440318
19624	2440388	2440444
19625	2440476	2440609
19626	2440690	2440739
19627	2440800	2440861
19628	2440960	2440992
19629	2441014	2441063
19630	2441097	2441222
19631	2441295	2441312
19632	2441426	2441513
19633	2441580	2441750
19634	2441855	2441911
19635	2442008	2442083
19636	2442204	2442244
19637	2442361	2442470
19638	2442559	2442570
19639	2442649	2442676
19640	2442684	2442751
19641	2442763	2442812
19642	2442853	2442951
19643	2443010	2443077
19644	2443117	2443186
19645	2443276	2443284
19646	2443330	2443384
19647	2443397	2443517
19648	2443605	2443666
19649	2443692	2443785
19650	2443868	2443874
19651	2443922	2444066
19652	2444127	2444174
19653	2444184	2444217
19654	2444281	2444347
19655	2444412	2444569
19656	2444608	2444641
19657	2444706	2444799
19658	2444937	2444982
19659	2445054	2445128
19660	2445156	2445215
19661	2445251	2445305
19662	2445401	2445497
19663	2445553	2445633
19664	2445694	2445711
19665	2445811	2445849
19666	2445883	2445952
19667	2446018	2446091
19668	2446132	2446280
19669	2446351	2446418
19670	2446445	2446472
19671	2446511	2446606
19672	2446706	2446797
19673	2446825	2446880
19674	2446963	2447038
19675	2447083	2447134
19676	2447199	2447288
19677	2447314	2447346
19678	2447357	2447376
19679	2447462	2447595
19680	2447705	2447719
19681	2447826	2447941
19682	2448031	2448068
19683	2448177	2448235
19684	2448312	2448386
19685	2448429	2448481
19686	2448544	2448592
19687	2448648	2448727
19688	2448833	2448948
19689	2448956	2449063
19690	2449105	2449179
19691	2449229	2449283
19692	2449358	2449412
19693	2449515	2449545
19694	2449583	2449665
19695	2449730	2449823
19696	2449858	2449962
19697	2450001	2450025
19698	2450118	2450169
19699	2450223	2450327
19700	2450370	2450485
19701	2450511	2450639
19702	2450743	2450841
19703	2450932	2451000
19704	2451043	2451139
19705	2451207	2451304
19706	2451330	2451353
19707	2451418	2451511
19708	2451558	2451658
19709	2451714	2451805
19710	2451874	2451901
19711	2451947	2451985
19712	2452077	2452167
19713	2452206	2452287
19714	2452339	2452400
19715	2452528	2452638
19716	2452737	2452827
19717	2452874	2453021
19718	2453120	2453179
19719	2453277	2453348
19720	2453436	2453478
19721	2453532	2453570
19722	2453622	2453653
19723	2453706	2453755
19724	2453844	2453936
19725	2453986	2454014
19726	2454075	2454120
19727	2454213	2454291
19728	2454362	2454485
19729	2454520	2454611
19730	2454636	2454692
19731	2454715	2454761
19732	2454888	2454940
19733	2455032	2455077
19734	2455078	2455085
19735	2455143	2455227
19736	2455279	2455335
19737	2455352	2455365
19738	2455461	2455570
19739	2455692	2455746
19740	2455812	2455834
19741	2455942	2456023
19742	2456083	2456170
19743	2456219	2456285
19744	2456364	2456407
19745	2456462	2456531
19746	2456600	2456661
19747	2456714	2456774
19748	2456818	2456869
19749	2456963	2457024
19750	2457078	2457094
19751	2457153	2457205
19752	2457229	2457310
19753	2457374	2457436
19754	2457540	2457638
19755	2457662	2457708
19756	2457754	2457775
19757	2457853	2457881
19758	2457922	2458000
19759	2458077	2458151
19760	2458215	2458375
19761	2458490	2458555
19762	2458655	2458715
19763	2458796	2458840
19764	2458860	2458938
19765	2458954	2458992
19766	2459047	2459185
19767	2459282	2459348
19768	2459434	2459464
19769	2459589	2459710
19770	2459804	2459887
19771	2459966	2460028
19772	2460119	2460142
19773	2460185	2460196
19774	2460301	2460347
19775	2460414	2460457
19776	2460559	2460584
19777	2460618	2460692
19778	2460786	2460846
19779	2460906	2461005
19780	2461124	2461181
19781	2461241	2461347
19782	2461413	2461458
19783	2461510	2461548
19784	2461627	2461725
19785	2461751	2461803
19786	2461846	2461878
19787	2461888	2461944
19788	2462082	2462146
19789	2462230	2462243
19790	2462260	2462290
19791	2462345	2462423
19792	2462472	2462510
19793	2462611	2462652
19794	2462668	2462720
19795	2462854	2462902
19796	2462990	2463044
19797	2463151	2463160
19798	2463267	2463317
19799	2463363	2463381
19800	2463524	2463599
19801	2463641	2463704
19802	2463754	2463811
19803	2463884	2463962
19804	2463992	2464097
19805	2464120	2464192
19806	2464293	2464375
19807	2464441	2464478
19808	2464534	2464602
19809	2464708	2464738
19810	2464787	2464825
19811	2464909	2464966
19812	2465021	2465041
19813	2465167	2465247
19814	2465304	2465338
19815	2465349	2465413
19816	2465467	2465521
19817	2465546	2465574
19818	2465713	2465842
19819	2465908	2466035
19820	2466078	2466138
19821	2466211	2466257
19822	2466263	2466324
19823	2466439	2466500
19824	2466530	2466598
19825	2466615	2466631
19826	2466666	2466787
19827	2466860	2466872
19828	2466909	2466926
19829	2466992	2467062
19830	2467087	2467098
19831	2467161	2467207
19832	2467329	2467362
19833	2467499	2467643
19834	2467703	2467721
19835	2467743	2467811
19836	2467865	2467895
19837	2467934	2467998
19838	2468015	2468106
19839	2468254	2468354
19840	2468419	2468495
19841	2468507	2468570
19842	2468624	2468672
19843	2468734	2468761
19844	2468793	2468886
19845	2468938	2469008
19846	2469109	2469172
19847	2469253	2469319
19848	2469382	2469426
19849	2469483	2469519
19850	2469570	2469635
19851	2469666	2469833
19852	2469888	2469989
19853	2470005	2470095
19854	2470212	2470311
19855	2470421	2470436
19856	2470465	2470537
19857	2470567	2470675
19858	2470716	2470724
19859	2470845	2470902
19860	2470960	2471029
19861	2471112	2471223
19862	2471252	2471286
19863	2471309	2471423
19864	2471443	2471519
19865	2471602	2471696
19866	2471759	2471780
19867	2471846	2471880
19868	2471986	2472029
19869	2472093	2472117
19870	2472128	2472190
19871	2472242	2472326
19872	2472390	2472480
19873	2472513	2472585
19874	2472724	2472746
19875	2472811	2472827
19876	2472953	2473047
19877	2473081	2473096
19878	2473144	2473156
19879	2473182	2473245
19880	2473270	2473304
19881	2473360	2473399
19882	2473427	2473477
19883	2473541	2473636
19884	2473755	2473831
19885	2473860	2473987
19886	2474032	2474043
19887	2474197	2474236
19888	2474333	2474396
19889	2474477	2474606
19890	2474680	2474756
19891	2474822	2474844
19892	2474918	2474963
19893	2475038	2475125
19894	2475178	2475253
19895	2475300	2475357
19896	2475447	2475486
19897	2475529	2475657
19898	2475692	2475710
19899	2475723	2475759
19900	2475826	2475935
19901	2476018	2476081
19902	2476195	2476210
19903	2476242	2476303
19904	2476337	2476483
19905	2476547	2476638
19906	2476669	2476781
19907	2476906	2476976
19908	2477057	2477157
19909	2477273	2477319
19910	2477366	2477472
19911	2477573	2477589
19912	2477682	2477726
19913	2477765	2477805
19914	2477924	2477956
19915	2478014	2478093
19916	2478150	2478191
19917	2478235	2478293
19918	2478369	2478465
19919	2478512	2478553
19920	2478596	2478652
19921	2478718	2478761
19922	2478863	2478965
19923	2478976	2479015
19924	2479118	2479214
19925	2479341	2479357
19926	2479429	2479516
19927	2479615	2479688
19928	2479740	2479793
19929	2479808	2479901
19930	2479974	2480004
19931	2480053	2480073
19932	2480148	2480272
19933	2480305	2480334
19934	2480400	2480483
19935	2480493	2480576
19936	2480654	2480671
19937	2480696	2480751
19938	2480805	2480873
19939	2480957	2481032
19940	2481077	2481138
19941	2481154	2481202
19942	2481225	2481269
19943	2481287	2481383
19944	2481409	2481564
19945	2481663	2481747
19946	2481803	2481872
19947	2481943	2481976
19948	2482100	2482115
19949	2482152	2482191
19950	2482243	2482333
19951	2482384	2482408
19952	2482484	2482536
19953	2482624	2482711
19954	2482802	2482870
19955	2482902	2482938
19956	2482975	2483077
19957	2483143	2483184
19958	2483296	2483339
19959	2483431	2483529
19960	2483541	2483622
19961	2483687	2483715
19962	2483789	2483804
19963	2483859	2483930
19964	2483978	2484056
19965	2484080	2484119
19966	2484180	2484248
19967	2484300	2484359
19968	2484460	2484529
19969	2484626	2484643
19970	2484683	2484807
19971	2484837	2484847
19972	2484904	2484993
19973	2485050	2485103
19974	2485145	2485219
19975	2485288	2485365
19976	2485450	2485473
19977	2485527	2485556
19978	2485621	2485711
19979	2485757	2485910
19980	2485920	2486072
19981	2486146	2486163
19982	2486233	2486283
19983	2486327	2486380
19984	2486382	2486419
19985	2486461	2486526
19986	2486678	2486718
19987	2486787	2486788
19988	2486841	2486877
19989	2486971	2487076
19990	2487141	2487217
19991	2487362	2487413
19992	2487459	2487485
19993	2487559	2487698
19994	2487717	2487748
19995	2487807	2487897
19996	2487994	2488063
19997	2488167	2488181
19998	2488255	2488266
19999	2488292	2488360
20000	2488380	2488481
20001	2488542	2488587
20002	2488642	2488714
20003	2488783	2488796
20004	2488863	2488961
20005	2489010	2489032
20006	2489125	2489168
20007	2489288	2489389
20008	2489440	2489448
20009	2489527	2489553
20010	2489574	2489605
20011	2489622	2489647
20012	2489715	2489723
20013	2489821	2489846
20014	2489885	2489966
20015	2490002	2490041
20016	2490092	2490211
20017	2490284	2490335
20018	2490468	2490533
20019	2490630	2490703
20020	2490777	2490831
20021	2490870	2490934
20022	2491002	2491031
20023	2491046	2491138
20024	2491243	2491318
20025	2491395	2491422
20026	2491468	2491585
20027	2491639	2491729
20028	2491787	2491798
20029	2491886	2491980
20030	2492029	2492083
20031	2492175	2492269
20032	2492347	2492443
20033	2492454	2492538
20034	2492562	2492572
20035	2492698	2492772
20036	2492822	2492880
20037	2492920	2492985
20038	2493063	2493093
20039	2493260	2493322
20040	2493412	2493444
20041	2493542	2493613
20042	2493682	2493762
20043	2493781	2493854
20044	2493886	2493987
20045	2494018	2494033
20046	2494081	2494132
20047	2494180	2494277
20048	2494321	2494405
20049	2494428	2494455
20050	2494510	2494577
20051	2494652	2494659
20052	2494713	2494736
20053	2494806	2494843
20054	2494915	2494935
20055	2495020	2495088
20056	2495099	2495202
20057	2495221	2495252
20058	2495284	2495343
20059	2495363	2495480
20060	2495563	2495655
20061	2495769	2495823
20062	2495931	2495977
20063	2496094	2496178
20064	2496241	2496288
20065	2496335	2496391
20066	2496432	2496511
20067	2496628	2496761
20068	2496863	2496917
20069	2496992	2497104
20070	2497150	2497187
20071	2497234	2497270
20072	2497357	2497434
20073	2497495	2497573
20074	2497598	2497632
20075	2497645	2497725
20076	2497787	2497845
20077	2497889	2497972
20078	2497984	2498044
20079	2498061	2498098
20080	2498205	2498218
20081	2498236	2498285
20082	2498298	2498345
20083	2498361	2498429
20084	2498508	2498555
20085	2498623	2498717
20086	2498742	2498828
20087	2498911	2498991
20088	2499005	2499146
20089	2499200	2499270
20090	2499298	2499369
20091	2499434	2499486
20092	2499529	2499553
20093	2499584	2499652
20094	2499762	2499775
20095	2499809	2499844
20096	2499919	2499950
20097	2500059	2500115
20098	2500183	2500239
20099	2500276	2500341
20100	2500461	2500562
20101	2500593	2500629
20102	2500694	2500711
20103	2500742	2500788
20104	2500836	2500964
20105	2501075	2501120
20106	2501179	2501234
20107	2501328	2501382
20108	2501412	2501455
20109	2501518	2501577
20110	2501674	2501698
20111	2501808	2501872
20112	2501891	2501968
20113	2501998	2502074
20114	2502115	2502205
20115	2502219	2502242
20116	2502353	2502359
20117	2502429	2502442
20118	2502498	2502549
20119	2502633	2502665
20120	2502672	2502707
20121	2502780	2502795
20122	2502829	2502858
20123	2502943	2503039
20124	2503060	2503138
20125	2503196	2503270
20126	2503323	2503384
20127	2503471	2503517
20128	2503535	2503593
20129	2503715	2503734
20130	2503788	2503902
20131	2503990	2504061
20132	2504107	2504138
20133	2504156	2504277
20134	2504345	2504377
20135	2504427	2504481
20136	2504540	2504572
20137	2504672	2504729
20138	2504770	2504839
20139	2504908	2504916
20140	2504965	2505058
20141	2505135	2505166
20142	2505246	2505279
20143	2505327	2505435
20144	2505477	2505552
20145	2505594	2505694
20146	2505799	2505851
20147	2505959	2506047
20148	2506091	2506114
20149	2506152	2506267
20150	2506345	2506413
20151	2506478	2506501
20152	2506541	2506617
20153	2506715	2506766
20154	2506796	2506860
20155	2506906	2506961
20156	2507026	2507053
20157	2507127	2507228
20158	2507270	2507336
20159	2507374	2507384
20160	2507473	2507505
20161	2507638	2507688
20162	2507788	2507877
20163	2507964	2508070
20164	2508118	2508166
20165	2508218	2508284
20166	2508324	2508363
20167	2508473	2508566
20168	2508639	2508747
20169	2508828	2508877
20170	2508991	2509001
20171	2509068	2509109
20172	2509161	2509207
20173	2509300	2509376
20174	2509420	2509446
20175	2509488	2509515
20176	2509608	2509624
20177	2509669	2509764
20178	2509806	2509860
20179	2509950	2509995
20180	2510040	2510070
20181	2510121	2510131
20182	2510242	2510391
20183	2510452	2510460
20184	2510575	2510658
20185	2510688	2510790
20186	2510881	2511010
20187	2511083	2511158
20188	2511214	2511298
20189	2511322	2511366
20190	2511417	2511442
20191	2511501	2511590
20192	2511679	2511743
20193	2511875	2511912
20194	2512015	2512049
20195	2512093	2512153
20196	2512173	2512248
20197	2512283	2512306
20198	2512414	2512500
20199	2512645	2512732
20200	2512787	2512822
20201	2512830	2512878
20202	2512899	2513020
20203	2513060	2513079
20204	2513131	2513154
20205	2513176	2513237
20206	2513293	2513334
20207	2513395	2513513
20208	2513581	2513722
20209	2513738	2513767
20210	2513878	2513930
20211	2513969	2514037
20212	2514063	2514203
20213	2514228	2514293
20214	2514331	2514449
20215	2514528	2514555
20216	2514634	2514707
20217	2514719	2514738
20218	2514800	2514893
20219	2514958	2515064
20220	2515142	2515218
20221	2515252	2515268
20222	2515356	2515443
20223	2515525	2515577
20224	2515605	2515646
20225	2515736	2515802
20226	2515880	2515985
20227	2516023	2516117
20228	2516242	2516303
20229	2516358	2516435
20230	2516524	2516587
20231	2516630	2516717
20232	2516852	2516933
20233	2516967	2517044
20234	2517074	2517141
20235	2517153	2517194
20236	2517283	2517368
20237	2517370	2517432
20238	2517465	2517495
20239	2517537	2517607
20240	2517675	2517806
20241	2517836	2517894
20242	2517909	2517975
20243	2518060	2518089
20244	2518107	2518139
20245	2518179	2518230
20246	2518314	2518404
20247	2518500	2518611
20248	2518660	2518755
20249	2518819	2518858
20250	2518889	2518923
20251	2518980	2518994
20252	2519067	2519116
20253	2519207	2519292
20254	2519309	2519319
20255	2519420	2519489
20256	2519541	2519583
20257	2519630	2519751
20258	2519818	2519858
20259	2519914	2520016
20260	2520083	2520146
20261	2520254	2520267
20262	2520330	2520406
20263	2520542	2520581
20264	2520656	2520725
20265	2520737	2520790
20266	2520898	2520956
20267	2521008	2521045
20268	2521184	2521277
20269	2521374	2521495
20270	2521557	2521687
20271	2521715	2521893
20272	2521945	2522075
20273	2522121	2522157
20274	2522233	2522340
20275	2522380	2522414
20276	2522459	2522500
20277	2522558	2522614
20278	2522620	2522750
20279	2522800	2522823
20280	2522938	2523039
20281	2523129	2523238
20282	2523298	2523385
20283	2523426	2523439
20284	2523514	2523569
20285	2523610	2523644
20286	2523702	2523784
20287	2523806	2523867
20288	2523891	2523915
20289	2523929	2524029
20290	2524107	2524169
20291	2524189	2524243
20292	2524345	2524373
20293	2524493	2524593
20294	2524662	2524758
20295	2524833	2524918
20296	2524964	2525049
20297	2525063	2525123
20298	2525207	2525305
20299	2525334	2525383
20300	2525407	2525498
20301	2525567	2525656
20302	2525731	2525790
20303	2525867	2525926
20304	2525961	2525996
20305	2526118	2526152
20306	2526195	2526215
20307	2526293	2526389
20308	2526469	2526498
20309	2526536	2526544
20310	2526638	2526715
20311	2526787	2526836
20312	2526863	2526922
20313	2527001	2527062
20314	2527114	2527193
20315	2527241	2527334
20316	2527414	2527502
20317	2527571	2527572
20318	2527624	2527668
20319	2527705	2527747
20320	2527848	2527931
20321	2527977	2528029
20322	2528132	2528189
20323	2528202	2528287
20324	2528302	2528400
20325	2528427	2528493
20326	2528519	2528559
20327	2528662	2528697
20328	2528758	2528859
20329	2528929	2529010
20330	2529118	2529186
20331	2529214	2529223
20332	2529280	2529366
20333	2529396	2529432
20334	2529449	2529554
20335	2529566	2529661
20336	2529771	2529876
20337	2529894	2529994
20338	2530117	2530146
20339	2530200	2530263
20340	2530345	2530427
20341	2530475	2530587
20342	2530624	2530706
20343	2530753	2530813
20344	2530836	2530872
20345	2530944	2531006
20346	2531086	2531137
20347	2531242	2531293
20348	2531326	2531370
20349	2531413	2531487
20350	2531545	2531630
20351	2531748	2531781
20352	2531833	2531941
20353	2532017	2532046
20354	2532105	2532155
20355	2532254	2532277
20356	2532376	2532456
20357	2532548	2532558
20358	2532681	2532700
20359	2532751	2532809
20360	2532858	2532911
20361	2532982	2533084
20362	2533105	2533139
20363	2533204	2533281
20364	2533376	2533457
20365	2533481	2533531
20366	2533569	2533622
20367	2533756	2533818
20368	2533841	2533860
20369	2533902	2533939
20370	2533999	2534024
20371	2534112	2534181
20372	2534289	2534349
20373	2534379	2534399
20374	2534473	2534540
20375	2534601	2534640
20376	2534729	2534802
20377	2534831	2534872
20378	2534923	2535017
20379	2535068	2535168
20380	2535180	2535189
20381	2535283	2535346
20382	2535412	2535441
20383	2535478	2535587
20384	2535652	2535709
20385	2535762	2535840
20386	2535848	2535987
20387	2536040	2536121
20388	2536195	2536252
20389	2536306	2536351
20390	2536378	2536439
20391	2536484	2536547
20392	2536640	2536791
20393	2536910	2537013
20394	2537064	2537150
20395	2537231	2537282
20396	2537364	2537411
20397	2537466	2537524
20398	2537612	2537647
20399	2537674	2537760
20400	2537830	2537838
20401	2537911	2538055
20402	2538086	2538110
20403	2538161	2538302
20404	2538382	2538442
20405	2538463	2538534
20406	2538544	2538632
20407	2538673	2538746
20408	2538778	2538863
20409	2538928	2538998
20410	2539016	2539052
20411	2539096	2539255
20412	2539307	2539320
20413	2539438	2539498
20414	2539578	2539662
20415	2539767	2539885
20416	2539977	2540059
20417	2540127	2540213
20418	2540354	2540427
20419	2540476	2540542
20420	2540629	2540635
20421	2540712	2540771
20422	2540849	2540898
20423	2540986	2541069
20424	2541095	2541223
20425	2541256	2541355
20426	2541443	2541540
20427	2541605	2541657
20428	2541725	2541814
20429	2541902	2542005
20430	2542028	2542147
20431	2542190	2542238
20432	2542333	2542379
20433	2542520	2542550
20434	2542567	2542621
20435	2542647	2542741
20436	2542803	2542851
20437	2542882	2542963
20438	2542964	2543018
20439	2543119	2543199
20440	2543230	2543343
20441	2543415	2543483
20442	2543533	2543657
20443	2543729	2543819
20444	2543889	2543938
20445	2544019	2544054
20446	2544134	2544275
20447	2544289	2544335
20448	2544396	2544444
20449	2544533	2544592
20450	2544622	2544679
20451	2544706	2544760
20452	2544799	2544925
20453	2545038	2545110
20454	2545160	2545254
20455	2545281	2545305
20456	2545392	2545432
20457	2545523	2545637
20458	2545723	2545775
20459	2545836	2545880
20460	2545921	2546023
20461	2546132	2546161
20462	2546195	2546249
20463	2546314	2546405
20464	2546445	2546465
20465	2546535	2546602
20466	2546705	2546849
20467	2546889	2546951
20468	2547026	2547068
20469	2547141	2547243
20470	2547325	2547363
20471	2547370	2547443
20472	2547524	2547537
20473	2547658	2547739
20474	2547770	2547797
20475	2547829	2547898
20476	2547979	2548029
20477	2548063	2548085
20478	2548102	2548188
20479	2548240	2548354
20480	2548381	2548451
20481	2548497	2548511
20482	2548538	2548610
20483	2548727	2548760
20484	2548766	2548876
20485	2548909	2548973
20486	2549048	2549086
20487	2549130	2549217
20488	2549277	2549314
20489	2549408	2549469
20490	2549499	2549563
20491	2549646	2549673
20492	2549702	2549711
20493	2549761	2549798
20494	2549869	2549889
20495	2549935	2549988
20496	2550033	2550140
20497	2550186	2550286
20498	2550361	2550449
20499	2550511	2550532
20500	2550555	2550667
20501	2550741	2550836
20502	2550971	2550985
20503	2551075	2551116
20504	2551159	2551197
20505	2551256	2551283
20506	2551308	2551393
20507	2551478	2551525
20508	2551633	2551676
20509	2551723	2551771
20510	2551815	2551833
20511	2551932	2551996
20512	2552045	2552070
20513	2552112	2552170
20514	2552288	2552335
20515	2552437	2552502
20516	2552563	2552679
20517	2552754	2552934
20518	2552995	2553091
20519	2553151	2553212
20520	2553312	2553417
20521	2553444	2553455
20522	2553519	2553565
20523	2553586	2553675
20524	2553695	2553706
20525	2553757	2553842
20526	2553893	2553967
20527	2554035	2554145
20528	2554201	2554312
20529	2554475	2554564
20530	2554599	2554643
20531	2554684	2554738
20532	2554774	2554897
20533	2554978	2555058
20534	2555187	2555274
20535	2555282	2555298
20536	2555409	2555465
20537	2555478	2555562
20538	2555691	2555752
20539	2555774	2555859
20540	2555909	2555957
20541	2555988	2556046
20542	2556138	2556168
20543	2556264	2556321
20544	2556448	2556522
20545	2556581	2556704
20546	2556752	2556857
20547	2556900	2556937
20548	2557003	2557086
20549	2557165	2557253
20550	2557310	2557378
20551	2557414	2557466
20552	2557585	2557664
20553	2557726	2557797
20554	2557803	2557834
20555	2557851	2557907
20556	2558019	2558074
20557	2558185	2558235
20558	2558258	2558305
20559	2558324	2558391
20560	2558410	2558484
20561	2558557	2558617
20562	2558628	2558749
20563	2558827	2558935
20564	2558969	2559004
20565	2559030	2559084
20566	2559136	2559217
20567	2559240	2559314
20568	2559351	2559426
20569	2559497	2559580
20570	2559646	2559696
20571	2559765	2559803
20572	2559856	2559961
20573	2559972	2560014
20574	2560123	2560190
20575	2560253	2560364
20576	2560456	2560483
20577	2560617	2560714
20578	2560752	2560852
20579	2560892	2561004
20580	2561043	2561138
20581	2561231	2561295
20582	2561352	2561407
20583	2561461	2561519
20584	2561596	2561653
20585	2561716	2561760
20586	2561782	2561829
20587	2561872	2561975
20588	2562020	2562072
20589	2562159	2562246
20590	2562288	2562333
20591	2562416	2562480
20592	2562557	2562602
20593	2562674	2562767
20594	2562808	2562887
20595	2562903	2562921
20596	2562990	2563081
20597	2563156	2563291
20598	2563324	2563363
20599	2563381	2563501
20600	2563527	2563597
20601	2563663	2563683
20602	2563733	2563754
20603	2563763	2563779
20604	2563827	2563905
20605	2563954	2564019
20606	2564120	2564159
20607	2564195	2564242
20608	2564352	2564384
20609	2564426	2564498
20610	2564581	2564652
20611	2564750	2564767
20612	2564788	2564818
20613	2564868	2564940
20614	2565006	2565064
20615	2565134	2565208
20616	2565237	2565303
20617	2565363	2565405
20618	2565429	2565513
20619	2565549	2565572
20620	2565615	2565649
20621	2565733	2565794
20622	2565900	2565920
20623	2565975	2566097
20624	2566146	2566261
20625	2566297	2566325
20626	2566357	2566378
20627	2566447	2566478
20628	2566550	2566570
20629	2566630	2566697
20630	2566770	2566864
20631	2566938	2566986
20632	2567086	2567105
20633	2567180	2567237
20634	2567258	2567279
20635	2567324	2567346
20636	2567396	2567543
20637	2567583	2567666
20638	2567712	2567828
20639	2567847	2567896
20640	2567954	2567985
20641	2568078	2568101
20642	2568217	2568248
20643	2568326	2568407
20644	2568453	2568556
20645	2568588	2568678
20646	2568772	2568860
20647	2568953	2569014
20648	2569065	2569126
20649	2569199	2569246
20650	2569317	2569333
20651	2569397	2569450
20652	2569462	2569550
20653	2569571	2569645
20654	2569686	2569800
20655	2569834	2569886
20656	2569985	2570008
20657	2570058	2570138
20658	2570205	2570302
20659	2570335	2570376
20660	2570450	2570487
20661	2570569	2570695
20662	2570749	2570883
20663	2570924	2570981
20664	2571015	2571163
20665	2571282	2571316
20666	2571404	2571471
20667	2571560	2571679
20668	2571780	2571810
20669	2571895	2571908
20670	2571931	2571951
20671	2571992	2572045
20672	2572099	2572187
20673	2572205	2572282
20674	2572354	2572451
20675	2572473	2572502
20676	2572509	2572564
20677	2572576	2572589
20678	2572635	2572716
20679	2572723	2572741
20680	2572748	2572818
20681	2572897	2572983
20682	2573006	2573050
20683	2573113	2573226
20684	2573253	2573296
20685	2573351	2573391
20686	2573490	2573574
20687	2573621	2573683
20688	2573731	2573808
20689	2573872	2573890
20690	2573911	2574029
20691	2574052	2574100
20692	2574244	2574288
20693	2574319	2574388
20694	2574449	2574501
20695	2574592	2574657
20696	2574779	2574899
20697	2575012	2575127
20698	2575144	2575211
20699	2575268	2575337
20700	2575471	2575564
20701	2575649	2575665
20702	2575731	2575739
20703	2575808	2575840
20704	2575918	2575992
20705	2576028	2576149
20706	2576191	2576238
20707	2576255	2576270
20708	2576366	2576391
20709	2576437	2576460
20710	2576495	2576611
20711	2576654	2576696
20712	2576737	2576846
20713	2576888	2576961
20714	2576968	2577008
20715	2577097	2577112
20716	2577130	2577190
20717	2577250	2577315
20718	2577439	2577551
20719	2577663	2577694
20720	2577759	2577856
20721	2577915	2577999
20722	2578017	2578074
20723	2578119	2578226
20724	2578318	2578388
20725	2578446	2578463
20726	2578539	2578650
20727	2578713	2578800
20728	2578902	2579027
20729	2579049	2579084
20730	2579162	2579219
20731	2579278	2579350
20732	2579406	2579423
20733	2579488	2579550
20734	2579591	2579658
20735	2579684	2579743
20736	2579860	2579921
20737	2579981	2580005
20738	2580103	2580128
20739	2580266	2580276
20740	2580338	2580399
20741	2580479	2580488
20742	2580540	2580656
20743	2580780	2580846
20744	2580887	2580969
20745	2581047	2581138
20746	2581192	2581242
20747	2581298	2581356
20748	2581405	2581444
20749	2581459	2581531
20750	2581572	2581628
20751	2581704	2581741
20752	2581821	2581898
20753	2581919	2581950
20754	2582014	2582053
20755	2582113	2582134
20756	2582184	2582264
20757	2582297	2582329
20758	2582365	2582481
20759	2582590	2582653
20760	2582666	2582703
20761	2582795	2582848
20762	2582889	2582963
20763	2583034	2583118
20764	2583225	2583331
20765	2583372	2583412
20766	2583452	2583570
20767	2583686	2583778
20768	2583800	2583886
20769	2583984	2584011
20770	2584123	2584194
20771	2584270	2584356
20772	2584402	2584450
20773	2584481	2584538
20774	2584566	2584592
20775	2584642	2584682
20776	2584731	2584838
20777	2584864	2584879
20778	2585019	2585025
20779	2585086	2585150
20780	2585255	2585374
20781	2585403	2585426
20782	2585439	2585464
20783	2585493	2585568
20784	2585576	2585671
20785	2585784	2585854
20786	2585916	2585956
20787	2586049	2586137
20788	2586233	2586254
20789	2586287	2586353
20790	2586416	2586432
20791	2586505	2586528
20792	2586555	2586649
20793	2586734	2586830
20794	2586927	2586988
20795	2587047	2587118
20796	2587213	2587301
20797	2587345	2587429
20798	2587498	2587556
20799	2587679	2587793
20800	2587876	2588003
20801	2588050	2588100
20802	2588148	2588185
20803	2588260	2588321
20804	2588442	2588452
20805	2588527	2588651
20806	2588723	2588752
20807	2588810	2588856
20808	2588884	2588971
20809	2588995	2589056
20810	2589159	2589177
20811	2589251	2589275
20812	2589316	2589317
20813	2589372	2589484
20814	2589519	2589593
20815	2589656	2589705
20816	2589738	2589860
20817	2589868	2589947
20818	2590038	2590084
20819	2590116	2590192
20820	2590263	2590307
20821	2590354	2590397
20822	2590471	2590541
20823	2590634	2590782
20824	2590870	2590880
20825	2590934	2591011
20826	2591047	2591171
20827	2591182	2591195
20828	2591275	2591300
20829	2591381	2591462
20830	2591468	2591616
20831	2591652	2591685
20832	2591730	2591755
20833	2591793	2591843
20834	2591868	2591888
20835	2591944	2592013
20836	2592099	2592201
20837	2592265	2592344
20838	2592428	2592511
20839	2592580	2592625
20840	2592751	2592839
20841	2592890	2592931
20842	2593022	2593060
20843	2593067	2593107
20844	2593130	2593200
20845	2593223	2593267
20846	2593291	2593320
20847	2593359	2593467
20848	2593648	2593712
20849	2593785	2593914
20850	2593985	2594018
20851	2594073	2594132
20852	2594162	2594239
20853	2594298	2594372
20854	2594492	2594537
20855	2594671	2594726
20856	2594747	2594856
20857	2594950	2594967
20858	2595047	2595137
20859	2595180	2595224
20860	2595274	2595325
20861	2595377	2595410
20862	2595450	2595602
20863	2595656	2595668
20864	2595767	2595793
20865	2595853	2595905
20866	2595996	2596082
20867	2596148	2596214
20868	2596230	2596360
20869	2596399	2596450
20870	2596459	2596473
20871	2596540	2596682
20872	2596759	2596841
20873	2596908	2597019
20874	2597076	2597104
20875	2597148	2597250
20876	2597329	2597348
20877	2597369	2597399
20878	2597416	2597459
20879	2597466	2597593
20880	2597659	2597722
20881	2597794	2597860
20882	2597861	2597905
20883	2597960	2597981
20884	2598016	2598078
20885	2598138	2598284
20886	2598368	2598440
20887	2598533	2598561
20888	2598633	2598765
20889	2598805	2598823
20890	2598856	2598928
20891	2599006	2599025
20892	2599064	2599128
20893	2599227	2599279
20894	2599388	2599399
20895	2599473	2599566
20896	2599584	2599615
20897	2599637	2599738
20898	2599857	2599902
20899	2599938	2600048
20900	2600085	2600172
20901	2600190	2600216
20902	2600284	2600310
20903	2600415	2600553
20904	2600687	2600707
20905	2600733	2600788
20906	2600820	2600851
20907	2600901	2600934
20908	2600972	2601005
20909	2601134	2601213
20910	2601306	2601358
20911	2601398	2601457
20912	2601514	2601531
20913	2601581	2601648
20914	2601713	2601750
20915	2601836	2601913
20916	2601965	2602080
20917	2602129	2602211
20918	2602315	2602407
20919	2602435	2602456
20920	2602515	2602593
20921	2602641	2602666
20922	2602738	2602843
20923	2602897	2602940
20924	2602997	2603045
20925	2603087	2603154
20926	2603285	2603340
20927	2603352	2603368
20928	2603462	2603509
20929	2603596	2603638
20930	2603665	2603803
20931	2603897	2603991
20932	2604094	2604184
20933	2604291	2604350
20934	2604396	2604464
20935	2604578	2604621
20936	2604678	2604726
20937	2604754	2604775
20938	2604886	2604961
20939	2604962	2605051
20940	2605095	2605117
20941	2605138	2605260
20942	2605357	2605404
20943	2605477	2605490
20944	2605503	2605524
20945	2605590	2605642
20946	2605677	2605744
20947	2605765	2605776
20948	2605795	2605802
20949	2605857	2605871
20950	2605918	2605965
20951	2606021	2606098
20952	2606171	2606232
20953	2606263	2606343
20954	2606366	2606391
20955	2606435	2606513
20956	2606589	2606691
20957	2606709	2606777
20958	2606904	2606917
20959	2606954	2607006
20960	2607021	2607044
20961	2607061	2607101
20962	2607196	2607280
20963	2607345	2607401
20964	2607462	2607565
20965	2607715	2607825
20966	2607910	2607956
20967	2607991	2608010
20968	2608044	2608140
20969	2608157	2608234
20970	2608277	2608362
20971	2608428	2608457
20972	2608544	2608567
20973	2608628	2608653
20974	2608760	2608804
20975	2608864	2608924
20976	2609035	2609166
20977	2609270	2609315
20978	2609417	2609515
20979	2609554	2609600
20980	2609744	2609836
20981	2609934	2610038
20982	2610090	2610152
20983	2610220	2610246
20984	2610261	2610289
20985	2610348	2610440
20986	2610478	2610534
20987	2610590	2610641
20988	2610729	2610808
20989	2610828	2610871
20990	2610926	2610962
20991	2611048	2611165
20992	2611290	2611326
20993	2611356	2611441
20994	2611469	2611511
20995	2611606	2611659
20996	2611706	2611770
20997	2611810	2611881
20998	2611899	2612024
20999	2612114	2612194
21000	2612301	2612360
21001	2612469	2612501
21002	2612557	2612582
21003	2612643	2612666
21004	2612714	2612765
21005	2612823	2612845
21006	2612907	2612958
21007	2613077	2613152
21008	2613244	2613342
21009	2613365	2613476
21010	2613515	2613602
21011	2613679	2613758
21012	2613823	2613900
21013	2614001	2614092
21014	2614107	2614149
21015	2614197	2614265
21016	2614402	2614474
21017	2614505	2614517
21018	2614646	2614739
21019	2614768	2614810
21020	2614822	2614923
21021	2614952	2614987
21022	2615066	2615108
21023	2615216	2615259
21024	2615336	2615404
21025	2615531	2615545
21026	2615594	2615633
21027	2615647	2615701
21028	2615765	2615810
21029	2615910	2616004
21030	2616039	2616065
21031	2616100	2616133
21032	2616177	2616191
21033	2616277	2616302
21034	2616310	2616322
21035	2616418	2616449
21036	2616558	2616611
21037	2616653	2616730
21038	2616810	2616849
21039	2616892	2616927
21040	2617006	2617056
21041	2617142	2617166
21042	2617247	2617304
21043	2617364	2617407
21044	2617439	2617461
21045	2617537	2617559
21046	2617597	2617654
21047	2617743	2617831
21048	2617968	2618010
21049	2618024	2618114
21050	2618200	2618258
21051	2618284	2618300
21052	2618353	2618426
21053	2618446	2618469
21054	2618542	2618602
21055	2618693	2618756
21056	2618858	2618897
21057	2618956	2619016
21058	2619083	2619118
21059	2619134	2619201
21060	2619334	2619368
21061	2619431	2619479
21062	2619533	2619612
21063	2619645	2619674
21064	2619687	2619735
21065	2619797	2619844
21066	2619901	2619951
21067	2619999	2620074
21068	2620112	2620134
21069	2620181	2620198
21070	2620226	2620283
21071	2620284	2620361
21072	2620411	2620490
21073	2620589	2620617
21074	2620701	2620776
21075	2620858	2620903
21076	2620935	2621007
21077	2621075	2621149
21078	2621184	2621301
21079	2621416	2621480
21080	2621514	2621521
21081	2621557	2621622
21082	2621705	2621763
21083	2621811	2621866
21084	2621878	2621915
21085	2621967	2621989
21086	2622030	2622114
21087	2622152	2622227
21088	2622239	2622298
21089	2622405	2622483
21090	2622564	2622651
21091	2622666	2622701
21092	2622721	2622758
21093	2622794	2622837
21094	2622867	2622906
21095	2622995	2623053
21096	2623130	2623235
21097	2623305	2623322
21098	2623395	2623513
21099	2623564	2623584
21100	2623633	2623696
21101	2623742	2623766
21102	2623835	2623861
21103	2623920	2623951
21104	2623998	2624077
21105	2624172	2624244
21106	2624360	2624402
21107	2624493	2624583
21108	2624601	2624669
21109	2624795	2624924
21110	2625007	2625017
21111	2625027	2625104
21112	2625171	2625248
21113	2625286	2625371
21114	2625408	2625471
21115	2625492	2625565
21116	2625600	2625621
21117	2625693	2625758
21118	2625800	2625850
21119	2625912	2625956
21120	2626044	2626057
21121	2626078	2626111
21122	2626181	2626226
21123	2626348	2626400
21124	2626533	2626616
21125	2626682	2626695
21126	2626724	2626763
21127	2626792	2626916
21128	2626956	2626999
21129	2627023	2627040
21130	2627098	2627145
21131	2627184	2627265
21132	2627339	2627388
21133	2627554	2627634
21134	2627670	2627718
21135	2627740	2627755
21136	2627861	2627899
21137	2627996	2628086
21138	2628197	2628229
21139	2628270	2628304
21140	2628341	2628448
21141	2628536	2628642
21142	2628735	2628747
21143	2628851	2628927
21144	2629052	2629146
21145	2629166	2629221
21146	2629258	2629388
21147	2629473	2629497
21148	2629507	2629522
21149	2629593	2629696
21150	2629722	2629807
21151	2629828	2629889
21152	2629946	2630013
21153	2630148	2630317
21154	2630332	2630470
21155	2630587	2630650
21156	2630673	2630765
21157	2630822	2630868
21158	2630894	2630952
21159	2631052	2631089
21160	2631180	2631245
21161	2631288	2631348
21162	2631393	2631403
21163	2631453	2631523
21164	2631577	2631652
21165	2631689	2631753
21166	2631818	2631839
21167	2631893	2631933
21168	2632033	2632081
21169	2632180	2632224
21170	2632309	2632397
21171	2632475	2632600
21172	2632658	2632760
21173	2632861	2632958
21174	2633056	2633103
21175	2633158	2633173
21176	2633277	2633325
21177	2633351	2633445
21178	2633518	2633535
21179	2633578	2633602
21180	2633663	2633722
21181	2633803	2633813
21182	2633893	2633918
21183	2634023	2634101
21184	2634206	2634292
21185	2634370	2634413
21186	2634496	2634561
21187	2634616	2634645
21188	2634729	2634822
21189	2634921	2634990
21190	2635077	2635090
21191	2635189	2635280
21192	2635317	2635457
21193	2635558	2635607
21194	2635668	2635764
21195	2635789	2635813
21196	2635857	2635911
21197	2635997	2636028
21198	2636097	2636159
21199	2636181	2636281
21200	2636413	2636432
21201	2636476	2636499
21202	2636545	2636644
21203	2636670	2636715
21204	2636729	2636770
21205	2636792	2636825
21206	2636851	2636869
21207	2636900	2636959
21208	2636993	2637101
21209	2637136	2637178
21210	2637272	2637357
21211	2637414	2637495
21212	2637574	2637642
21213	2637715	2637799
21214	2637824	2637868
21215	2637924	2637975
21216	2638045	2638108
21217	2638193	2638252
21218	2638333	2638429
21219	2638481	2638506
21220	2638520	2638593
21221	2638667	2638790
21222	2638824	2638868
21223	2638904	2638999
21224	2639107	2639201
21225	2639252	2639342
21226	2639353	2639413
21227	2639442	2639493
21228	2639558	2639647
21229	2639742	2639835
21230	2639885	2639935
21231	2640005	2640086
21232	2640158	2640242
21233	2640279	2640355
21234	2640408	2640427
21235	2640475	2640494
21236	2640534	2640579
21237	2640619	2640676
21238	2640737	2640872
21239	2640956	2641010
21240	2641121	2641226
21241	2641260	2641369
21242	2641470	2641481
21243	2641583	2641721
21244	2641767	2641861
21245	2641875	2641933
21246	2641972	2642131
21247	2642159	2642248
21248	2642276	2642298
21249	2642343	2642430
21250	2642491	2642529
21251	2642648	2642722
21252	2642815	2642891
21253	2642951	2643000
21254	2643018	2643120
21255	2643195	2643254
21256	2643381	2643500
21257	2643511	2643551
21258	2643673	2643747
21259	2643847	2643860
21260	2643984	2643994
21261	2644027	2644067
21262	2644152	2644185
21263	2644286	2644407
21264	2644445	2644467
21265	2644549	2644556
21266	2644627	2644641
21267	2644678	2644739
21268	2644816	2644886
21269	2644888	2644953
21270	2644986	2645120
21271	2645241	2645325
21272	2645364	2645458
21273	2645471	2645549
21274	2645615	2645688
21275	2645730	2645812
21276	2645877	2645940
21277	2645978	2646028
21278	2646148	2646246
21279	2646324	2646410
21280	2646452	2646486
21281	2646590	2646633
21282	2646652	2646716
21283	2646799	2646860
21284	2646894	2646975
21285	2647024	2647121
21286	2647178	2647227
21287	2647261	2647306
21288	2647326	2647370
21289	2647440	2647526
21290	2647548	2647657
21291	2647668	2647696
21292	2647770	2647817
21293	2647860	2647959
21294	2648028	2648086
21295	2648104	2648181
21296	2648247	2648272
21297	2648349	2648395
21298	2648412	2648463
21299	2648546	2648588
21300	2648675	2648816
21301	2648891	2648939
21302	2648976	2649037
21303	2649053	2649135
21304	2649190	2649248
21305	2649323	2649376
21306	2649397	2649456
21307	2649499	2649576
21308	2649681	2649698
21309	2649755	2649851
21310	2649879	2649940
21311	2650008	2650029
21312	2650070	2650161
21313	2650242	2650322
21314	2650424	2650495
21315	2650532	2650569
21316	2650650	2650755
21317	2650784	2650798
21318	2650845	2650929
21319	2650977	2650996
21320	2651111	2651172
21321	2651203	2651262
21322	2651345	2651414
21323	2651548	2651673
21324	2651690	2651708
21325	2651749	2651773
21326	2651861	2651928
21327	2652020	2652068
21328	2652147	2652252
21329	2652320	2652333
21330	2652340	2652386
21331	2652446	2652509
21332	2652545	2652586
21333	2652634	2652738
21334	2652798	2652870
21335	2652921	2652962
21336	2652995	2653029
21337	2653076	2653159
21338	2653233	2653277
21339	2653313	2653360
21340	2653429	2653489
21341	2653538	2653574
21342	2653625	2653642
21343	2653653	2653684
21344	2653700	2653730
21345	2653780	2653810
21346	2653922	2653979
21347	2654043	2654130
21348	2654180	2654272
21349	2654389	2654481
21350	2654519	2654583
21351	2654623	2654753
21352	2654888	2654980
21353	2655090	2655107
21354	2655222	2655293
21355	2655388	2655447
21356	2655479	2655560
21357	2655677	2655699
21358	2655770	2655812
21359	2655835	2655842
21360	2655910	2655961
21361	2656039	2656145
21362	2656194	2656275
21363	2656369	2656422
21364	2656448	2656553
21365	2656658	2656771
21366	2656831	2656939
21367	2657033	2657057
21368	2657085	2657181
21369	2657245	2657352
21370	2657435	2657561
21371	2657625	2657697
21372	2657783	2657838
21373	2657889	2658004
21374	2658094	2658181
21375	2658235	2658312
21376	2658353	2658408
21377	2658484	2658553
21378	2658592	2658711
21379	2658719	2658811
21380	2658844	2658850
21381	2658982	2659039
21382	2659121	2659211
21383	2659236	2659292
21384	2659354	2659374
21385	2659420	2659486
21386	2659565	2659615
21387	2659674	2659813
21388	2659944	2659967
21389	2660002	2660061
21390	2660125	2660167
21391	2660277	2660352
21392	2660399	2660473
21393	2660534	2660645
21394	2660657	2660695
21395	2660712	2660746
21396	2660833	2660904
21397	2660963	2660995
21398	2661097	2661143
21399	2661240	2661275
21400	2661344	2661417
21401	2661471	2661513
21402	2661548	2661617
21403	2661618	2661679
21404	2661750	2661808
21405	2661911	2661949
21406	2662007	2662038
21407	2662157	2662204
21408	2662338	2662392
21409	2662424	2662521
21410	2662612	2662750
21411	2662775	2662830
21412	2662861	2662905
21413	2662992	2663077
21414	2663111	2663192
21415	2663250	2663359
21416	2663442	2663515
21417	2663571	2663595
21418	2663659	2663730
21419	2663807	2663964
21420	2664035	2664050
21421	2664082	2664188
21422	2664270	2664318
21423	2664381	2664396
21424	2664478	2664557
21425	2664680	2664701
21426	2664723	2664832
21427	2664885	2664978
21428	2664992	2665098
21429	2665175	2665196
21430	2665219	2665232
21431	2665369	2665395
21432	2665556	2665617
21433	2665680	2665707
21434	2665802	2665884
21435	2665946	2665954
21436	2666013	2666080
21437	2666121	2666135
21438	2666164	2666215
21439	2666294	2666342
21440	2666471	2666543
21441	2666622	2666675
21442	2666751	2666759
21443	2666799	2666932
21444	2667019	2667157
21445	2667177	2667248
21446	2667272	2667322
21447	2667344	2667430
21448	2667480	2667600
21449	2667609	2667678
21450	2667772	2667791
21451	2667844	2667894
21452	2667981	2668045
21453	2668127	2668164
21454	2668229	2668283
21455	2668316	2668363
21456	2668423	2668512
21457	2668574	2668721
21458	2668780	2668907
21459	2668948	2669079
21460	2669169	2669190
21461	2669308	2669346
21462	2669444	2669544
21463	2669572	2669638
21464	2669712	2669799
21465	2669837	2669893
21466	2669986	2670048
21467	2670082	2670090
21468	2670144	2670158
21469	2670217	2670275
21470	2670363	2670447
21471	2670461	2670554
21472	2670582	2670629
21473	2670641	2670677
21474	2670701	2670735
21475	2670792	2670877
21476	2670918	2670959
21477	2671071	2671109
21478	2671210	2671256
21479	2671285	2671399
21480	2671472	2671549
21481	2671661	2671751
21482	2671829	2671896
21483	2671946	2671997
21484	2672022	2672058
21485	2672121	2672202
21486	2672263	2672352
21487	2672388	2672438
21488	2672594	2672620
21489	2672674	2672697
21490	2672750	2672829
21491	2672837	2672938
21492	2673023	2673065
21493	2673145	2673226
21494	2673270	2673325
21495	2673375	2673383
21496	2673436	2673454
21497	2673550	2673601
21498	2673649	2673701
21499	2673748	2673848
21500	2673903	2673972
21501	2674041	2674139
21502	2674189	2674203
21503	2674319	2674386
21504	2674421	2674483
21505	2674500	2674531
21506	2674549	2674623
21507	2674641	2674697
21508	2674808	2674843
21509	2674854	2674908
21510	2674958	2674977
21511	2674992	2675065
21512	2675080	2675147
21513	2675243	2675289
21514	2675324	2675336
21515	2675386	2675447
21516	2675475	2675524
21517	2675620	2675643
21518	2675668	2675724
21519	2675799	2675830
21520	2675854	2675953
21521	2676058	2676089
21522	2676202	2676248
21523	2676341	2676355
21524	2676483	2676546
21525	2676630	2676692
21526	2676796	2676856
21527	2676984	2677037
21528	2677087	2677124
21529	2677132	2677139
21530	2677219	2677272
21531	2677345	2677435
21532	2677524	2677546
21533	2677591	2677608
21534	2677683	2677742
21535	2677814	2677873
21536	2677919	2677988
21537	2678092	2678170
21538	2678225	2678282
21539	2678381	2678492
21540	2678524	2678566
21541	2678608	2678650
21542	2678714	2678759
21543	2678804	2678830
21544	2678907	2679040
21545	2679073	2679183
21546	2679201	2679224
21547	2679288	2679318
21548	2679370	2679467
21549	2679578	2679613
21550	2679721	2679738
21551	2679781	2679852
21552	2679919	2679978
21553	2680110	2680188
21554	2680216	2680237
21555	2680266	2680354
21556	2680385	2680425
21557	2680508	2680594
21558	2680714	2680747
21559	2680815	2680868
21560	2680921	2680958
21561	2680985	2681098
21562	2681155	2681199
21563	2681277	2681346
21564	2681359	2681406
21565	2681456	2681577
21566	2681605	2681678
21567	2681763	2681879
21568	2681935	2681986
21569	2682026	2682069
21570	2682115	2682164
21571	2682241	2682321
21572	2682386	2682429
21573	2682507	2682613
21574	2682637	2682727
21575	2682861	2682934
21576	2682976	2683019
21577	2683076	2683152
21578	2683171	2683253
21579	2683268	2683348
21580	2683422	2683471
21581	2683522	2683584
21582	2683638	2683660
21583	2683715	2683729
21584	2683739	2683806
21585	2683864	2683927
21586	2684029	2684138
21587	2684218	2684225
21588	2684327	2684374
21589	2684422	2684492
21590	2684516	2684612
21591	2684689	2684780
21592	2684856	2684932
21593	2684984	2685039
21594	2685132	2685285
21595	2685357	2685409
21596	2685437	2685485
21597	2685590	2685600
21598	2685715	2685743
21599	2685818	2685862
21600	2685977	2686095
21601	2686120	2686204
21602	2686300	2686413
21603	2686455	2686581
21604	2686694	2686715
21605	2686729	2686752
21606	2686811	2686882
21607	2686921	2687000
21608	2687066	2687095
21609	2687160	2687250
21610	2687257	2687358
21611	2687422	2687482
21612	2687551	2687650
21613	2687678	2687800
21614	2687838	2687948
21615	2688017	2688122
21616	2688230	2688284
21617	2688313	2688397
21618	2688425	2688492
21619	2688549	2688596
21620	2688631	2688653
21621	2688677	2688702
21622	2688746	2688788
21623	2688871	2689007
21624	2689050	2689122
21625	2689197	2689351
21626	2689353	2689386
21627	2689428	2689491
21628	2689531	2689680
21629	2689759	2689802
21630	2689803	2689943
21631	2689964	2689986
21632	2690082	2690129
21633	2690191	2690212
21634	2690242	2690271
21635	2690313	2690358
21636	2690385	2690442
21637	2690507	2690565
21638	2690567	2690575
21639	2690604	2690648
21640	2690725	2690749
21641	2690776	2690823
21642	2690864	2690927
21643	2690965	2691080
21644	2691095	2691200
21645	2691245	2691272
21646	2691303	2691419
21647	2691459	2691555
21648	2691566	2691613
21649	2691676	2691800
21650	2691877	2691912
21651	2691961	2692025
21652	2692057	2692120
21653	2692131	2692289
21654	2692344	2692365
21655	2692445	2692509
21656	2692551	2692649
21657	2692694	2692864
21658	2692879	2692936
21659	2693021	2693095
21660	2693159	2693330
21661	2693436	2693580
21662	2693687	2693783
21663	2693813	2693833
21664	2693947	2694006
21665	2694060	2694171
21666	2694205	2694275
21667	2694326	2694349
21668	2694445	2694496
21669	2694509	2694549
21670	2694601	2694659
21671	2694760	2694800
21672	2694887	2694940
21673	2694961	2695064
21674	2695070	2695188
21675	2695279	2695295
21676	2695349	2695383
21677	2695444	2695559
21678	2695627	2695672
21679	2695703	2695717
21680	2695739	2695754
21681	2695839	2695856
21682	2695873	2695960
21683	2696057	2696110
21684	2696193	2696248
21685	2696278	2696328
21686	2696338	2696393
21687	2696449	2696546
21688	2696589	2696619
21689	2696706	2696754
21690	2696788	2696887
21691	2696942	2697018
21692	2697139	2697229
21693	2697273	2697330
21694	2697370	2697421
21695	2697490	2697515
21696	2697567	2697631
21697	2697749	2697795
21698	2697870	2697893
21699	2697987	2698000
21700	2698038	2698111
21701	2698144	2698215
21702	2698313	2698363
21703	2698374	2698388
21704	2698410	2698479
21705	2698599	2698668
21706	2698678	2698700
21707	2698785	2698804
21708	2698860	2698899
21709	2698993	2699130
21710	2699131	2699155
21711	2699223	2699274
21712	2699315	2699345
21713	2699424	2699455
21714	2699508	2699523
21715	2699571	2699612
21716	2699666	2699720
21717	2699825	2699870
21718	2699931	2699974
21719	2699987	2700031
21720	2700125	2700176
21721	2700231	2700286
21722	2700338	2700424
21723	2700513	2700552
21724	2700646	2700743
21725	2700808	2700897
21726	2700998	2701086
21727	2701131	2701187
21728	2701270	2701354
21729	2701476	2701596
21730	2701654	2701748
21731	2701774	2701793
21732	2701828	2701912
21733	2702016	2702084
21734	2702132	2702164
21735	2702206	2702250
21736	2702364	2702411
21737	2702469	2702499
21738	2702555	2702629
21739	2702700	2702761
21740	2702784	2702856
21741	2702925	2703018
21742	2703127	2703191
21743	2703280	2703342
21744	2703370	2703443
21745	2703469	2703493
21746	2703573	2703633
21747	2703684	2703722
21748	2703791	2703844
21749	2703955	2704001
21750	2704062	2704093
21751	2704099	2704149
21752	2704226	2704257
21753	2704302	2704351
21754	2704407	2704503
21755	2704537	2704564
21756	2704637	2704714
21757	2704781	2704825
21758	2704838	2704938
21759	2705014	2705079
21760	2705140	2705160
21761	2705181	2705249
21762	2705357	2705380
21763	2705427	2705524
21764	2705563	2705662
21765	2705696	2705762
21766	2705792	2705870
21767	2705922	2705997
21768	2706094	2706131
21769	2706152	2706171
21770	2706252	2706336
21771	2706366	2706446
21772	2706542	2706643
21773	2706710	2706809
21774	2706863	2706885
21775	2707004	2707070
21776	2707108	2707143
21777	2707206	2707222
21778	2707273	2707308
21779	2707360	2707413
21780	2707482	2707561
21781	2707585	2707618
21782	2707736	2707779
21783	2707847	2707919
21784	2707997	2708031
21785	2708138	2708205
21786	2708284	2708339
21787	2708377	2708416
21788	2708470	2708504
21789	2708548	2708635
21790	2708733	2708776
21791	2708798	2708884
21792	2708934	2708993
21793	2709067	2709143
21794	2709189	2709320
21795	2709364	2709429
21796	2709488	2709544
21797	2709634	2709647
21798	2709734	2709805
21799	2709821	2709980
21800	2710004	2710065
21801	2710180	2710201
21802	2710219	2710268
21803	2710376	2710492
21804	2710563	2710607
21805	2710630	2710706
21806	2710780	2710819
21807	2710870	2710897
21808	2710929	2710975
21809	2711032	2711090
21810	2711132	2711177
21811	2711284	2711305
21812	2711327	2711372
21813	2711410	2711448
21814	2711513	2711586
21815	2711668	2711692
21816	2711821	2711887
21817	2711921	2711992
21818	2712017	2712119
21819	2712213	2712314
21820	2712345	2712437
21821	2712545	2712594
21822	2712609	2712647
21823	2712732	2712738
21824	2712806	2712883
21825	2712942	2713015
21826	2713174	2713276
21827	2713364	2713389
21828	2713510	2713556
21829	2713608	2713676
21830	2713785	2713849
21831	2713888	2713912
21832	2713942	2714054
21833	2714150	2714212
21834	2714245	2714293
21835	2714376	2714409
21836	2714519	2714549
21837	2714615	2714646
21838	2714737	2714762
21839	2714891	2714965
21840	2715000	2715079
21841	2715150	2715234
21842	2715371	2715455
21843	2715482	2715543
21844	2715641	2715695
21845	2715733	2715812
21846	2715907	2715918
21847	2715965	2716011
21848	2716037	2716082
21849	2716140	2716217
21850	2716273	2716313
21851	2716386	2716403
21852	2716427	2716452
21853	2716525	2716536
21854	2716574	2716676
21855	2716691	2716718
21856	2716824	2716869
21857	2716897	2717036
21858	2717129	2717168
21859	2717220	2717290
21860	2717414	2717509
21861	2717516	2717572
21862	2717615	2717631
21863	2717690	2717773
21864	2717813	2717935
21865	2717952	2717989
21866	2718112	2718175
21867	2718198	2718224
21868	2718338	2718428
21869	2718533	2718593
21870	2718674	2718682
21871	2718783	2718790
21872	2718832	2718858
21873	2718958	2718975
21874	2719065	2719196
21875	2719257	2719337
21876	2719406	2719498
21877	2719571	2719643
21878	2719727	2719895
21879	2719923	2719951
21880	2720032	2720112
21881	2720182	2720236
21882	2720412	2720480
21883	2720572	2720632
21884	2720722	2720844
21885	2720950	2720984
21886	2721030	2721118
21887	2721144	2721222
21888	2721329	2721344
21889	2721418	2721426
21890	2721550	2721559
21891	2721578	2721640
21892	2721695	2721756
21893	2721855	2721954
21894	2722046	2722090
21895	2722092	2722110
21896	2722207	2722305
21897	2722354	2722368
21898	2722439	2722516
21899	2722556	2722602
21900	2722644	2722771
21901	2722822	2722866
21902	2722881	2722975
21903	2722987	2723065
21904	2723167	2723261
21905	2723396	2723484
21906	2723501	2723590
21907	2723673	2723680
21908	2723687	2723710
21909	2723737	2723766
21910	2723794	2723868
21911	2723886	2723978
21912	2723994	2724034
21913	2724061	2724076
21914	2724103	2724205
21915	2724234	2724325
21916	2724367	2724440
21917	2724516	2724558
21918	2724599	2724709
21919	2724766	2724841
21920	2724900	2724980
21921	2725051	2725149
21922	2725281	2725388
21923	2725424	2725453
21924	2725525	2725537
21925	2725543	2725642
21926	2725718	2725792
21927	2725901	2725957
21928	2726035	2726093
21929	2726171	2726259
21930	2726273	2726379
21931	2726437	2726522
21932	2726572	2726642
21933	2726739	2726774
21934	2726843	2726945
21935	2726965	2727036
21936	2727089	2727174
21937	2727209	2727249
21938	2727348	2727417
21939	2727448	2727484
21940	2727610	2727648
21941	2727740	2727826
21942	2727935	2727966
21943	2728062	2728178
21944	2728283	2728299
21945	2728388	2728398
21946	2728420	2728486
21947	2728634	2728680
21948	2728707	2728833
21949	2728902	2728942
21950	2729058	2729071
21951	2729120	2729160
21952	2729251	2729290
21953	2729393	2729452
21954	2729490	2729536
21955	2729608	2729683
21956	2729749	2729863
21957	2729900	2729928
21958	2730034	2730090
21959	2730134	2730148
21960	2730201	2730214
21961	2730239	2730275
21962	2730367	2730378
21963	2730451	2730462
21964	2730532	2730644
21965	2730678	2730746
21966	2730838	2730903
21967	2731029	2731055
21968	2731075	2731188
21969	2731297	2731379
21970	2731441	2731490
21971	2731513	2731547
21972	2731647	2731694
21973	2731747	2731854
21974	2731956	2732033
21975	2732117	2732144
21976	2732222	2732354
21977	2732361	2732395
21978	2732418	2732495
21979	2732529	2732577
21980	2732716	2732756
21981	2732848	2732941
21982	2732968	2733082
21983	2733122	2733157
21984	2733228	2733246
21985	2733296	2733413
21986	2733470	2733516
21987	2733536	2733621
21988	2733669	2733781
21989	2733845	2733886
21990	2733937	2733978
21991	2733998	2734126
21992	2734203	2734263
21993	2734311	2734325
21994	2734361	2734435
21995	2734539	2734613
21996	2734697	2734821
21997	2734890	2734948
21998	2735025	2735028
21999	2735132	2735195
22000	2735293	2735323
22001	2735347	2735376
22002	2735395	2735434
22003	2735530	2735626
22004	2735664	2735724
22005	2735770	2735853
22006	2735911	2735965
22007	2736051	2736156
22008	2736184	2736214
22009	2736301	2736324
22010	2736398	2736508
22011	2736552	2736577
22012	2736636	2736732
22013	2736832	2736842
22014	2736921	2737001
22015	2737054	2737143
22016	2737185	2737257
22017	2737381	2737419
22018	2737537	2737571
22019	2737660	2737766
22020	2737847	2737911
22021	2737935	2738030
22022	2738047	2738080
22023	2738144	2738237
22024	2738347	2738479
22025	2738578	2738641
22026	2738720	2738781
22027	2738849	2738877
22028	2738950	2739042
22029	2739088	2739103
22030	2739110	2739204
22031	2739255	2739317
22032	2739406	2739416
22033	2739557	2739573
22034	2739699	2739808
22035	2739901	2740007
22036	2740056	2740145
22037	2740209	2740284
22038	2740444	2740474
22039	2740597	2740640
22040	2740679	2740818
22041	2740844	2740872
22042	2741004	2741109
22043	2741205	2741272
22044	2741322	2741342
22045	2741383	2741453
22046	2741522	2741613
22047	2741754	2741779
22048	2741829	2741902
22049	2741918	2741991
22050	2742119	2742160
22051	2742184	2742217
22052	2742293	2742382
22053	2742449	2742519
22054	2742565	2742722
22055	2742784	2742855
22056	2742875	2742902
22057	2742992	2743048
22058	2743141	2743193
22059	2743209	2743238
22060	2743262	2743346
22061	2743419	2743510
22062	2743617	2743673
22063	2743708	2743801
22064	2743870	2743926
22065	2744069	2744139
22066	2744217	2744310
22067	2744322	2744418
22068	2744511	2744580
22069	2744655	2744696
22070	2744755	2744856
22071	2744863	2744960
22072	2744989	2745051
22073	2745149	2745181
22074	2745239	2745340
22075	2745431	2745447
22076	2745573	2745635
22077	2745672	2745718
22078	2745761	2745906
22079	2746055	2746171
22080	2746248	2746357
22081	2746453	2746481
22082	2746534	2746535
22083	2746551	2746655
22084	2746727	2746796
22085	2746806	2746871
22086	2746898	2746975
22087	2747060	2747149
22088	2747204	2747224
22089	2747285	2747429
22090	2747533	2747541
22091	2747672	2747714
22092	2747800	2747816
22093	2747885	2747958
22094	2747996	2748102
22095	2748204	2748214
22096	2748286	2748315
22097	2748367	2748391
22098	2748439	2748502
22099	2748550	2748605
22100	2748760	2748800
22101	2748884	2748997
22102	2749093	2749118
22103	2749259	2749305
22104	2749313	2749384
22105	2749418	2749443
22106	2749497	2749594
22107	2749626	2749731
22108	2749744	2749793
22109	2749918	2749980
22110	2750009	2750050
22111	2750147	2750239
22112	2750286	2750336
22113	2750464	2750528
22114	2750639	2750710
22115	2750746	2750821
22116	2750936	2750958
22117	2751044	2751154
22118	2751192	2751265
22119	2751351	2751430
22120	2751480	2751613
22121	2751698	2751750
22122	2751821	2751880
22123	2751974	2752038
22124	2752089	2752113
22125	2752168	2752253
22126	2752322	2752341
22127	2752429	2752457
22128	2752562	2752639
22129	2752745	2752843
22130	2752865	2752905
22131	2752915	2753030
22132	2753052	2753095
22133	2753154	2753182
22134	2753232	2753299
22135	2753427	2753506
22136	2753521	2753580
22137	2753626	2753712
22138	2753803	2753820
22139	2753894	2754014
22140	2754069	2754151
22141	2754206	2754261
22142	2754292	2754368
22143	2754410	2754483
22144	2754566	2754641
22145	2754689	2754730
22146	2754759	2754798
22147	2754830	2754858
22148	2754865	2754922
22149	2754932	2755017
22150	2755058	2755148
22151	2755211	2755255
22152	2755334	2755417
22153	2755456	2755555
22154	2755569	2755583
22155	2755660	2755708
22156	2755734	2755759
22157	2755811	2755835
22158	2755898	2755959
22159	2756011	2756064
22160	2756103	2756171
22161	2756199	2756251
22162	2756379	2756467
22163	2756550	2756601
22164	2756669	2756698
22165	2756708	2756793
22166	2756898	2756904
22167	2756963	2757041
22168	2757100	2757174
22169	2757205	2757292
22170	2757401	2757443
22171	2757552	2757565
22172	2757589	2757624
22173	2757657	2757720
22174	2757753	2757791
22175	2757900	2757934
22176	2758047	2758175
22177	2758292	2758332
22178	2758391	2758461
22179	2758590	2758613
22180	2758725	2758848
22181	2758953	2758982
22182	2759024	2759035
22183	2759097	2759157
22184	2759245	2759329
22185	2759402	2759459
22186	2759553	2759616
22187	2759643	2759679
22188	2759693	2759728
22189	2759752	2759817
22190	2759896	2759906
22191	2759996	2760133
22192	2760190	2760206
22193	2760218	2760273
22194	2760332	2760374
22195	2760387	2760422
22196	2760461	2760533
22197	2760589	2760640
22198	2760719	2760784
22199	2760876	2760953
22200	2761097	2761107
22201	2761133	2761168
22202	2761196	2761254
22203	2761317	2761415
22204	2761560	2761618
22205	2761744	2761754
22206	2761838	2761926
22207	2761967	2761973
22208	2762053	2762066
22209	2762092	2762209
22210	2762264	2762311
22211	2762352	2762386
22212	2762414	2762460
22213	2762534	2762549
22214	2762660	2762751
22215	2762799	2762861
22216	2762899	2762996
22217	2763054	2763117
22218	2763146	2763182
22219	2763270	2763308
22220	2763400	2763492
22221	2763522	2763570
22222	2763590	2763614
22223	2763620	2763639
22224	2763673	2763755
22225	2763833	2763933
22226	2764008	2764053
22227	2764121	2764264
22228	2764273	2764340
22229	2764391	2764465
22230	2764510	2764530
22231	2764598	2764670
22232	2764687	2764715
22233	2764755	2764855
22234	2764869	2764900
22235	2764929	2764979
22236	2765050	2765194
22237	2765221	2765287
22238	2765348	2765475
22239	2765521	2765641
22240	2765659	2765714
22241	2765775	2765825
22242	2765890	2765951
22243	2766036	2766117
22244	2766155	2766190
22245	2766267	2766345
22246	2766390	2766420
22247	2766493	2766522
22248	2766543	2766622
22249	2766669	2766699
22250	2766770	2766824
22251	2766907	2767024
22252	2767135	2767149
22253	2767281	2767360
22254	2767366	2767413
22255	2767439	2767511
22256	2767588	2767641
22257	2767679	2767723
22258	2767772	2767865
22259	2767878	2767927
22260	2767965	2767995
22261	2768059	2768121
22262	2768147	2768169
22263	2768255	2768348
22264	2768471	2768570
22265	2768599	2768672
22266	2768733	2768851
22267	2768971	2769056
22268	2769098	2769125
22269	2769222	2769248
22270	2769334	2769427
22271	2769475	2769527
22272	2769557	2769589
22273	2769597	2769669
22274	2769737	2769798
22275	2769872	2769927
22276	2770008	2770032
22277	2770126	2770142
22278	2770267	2770292
22279	2770369	2770415
22280	2770450	2770569
22281	2770623	2770688
22282	2770721	2770835
22283	2770846	2770942
22284	2770962	2771029
22285	2771088	2771186
22286	2771323	2771410
22287	2771469	2771575
22288	2771655	2771722
22289	2771788	2771842
22290	2771943	2772053
22291	2772068	2772209
22292	2772317	2772384
22293	2772482	2772517
22294	2772540	2772617
22295	2772647	2772720
22296	2772826	2772881
22297	2772913	2773014
22298	2773080	2773171
22299	2773196	2773229
22300	2773309	2773336
22301	2773378	2773428
22302	2773493	2773544
22303	2773620	2773738
22304	2773744	2773847
22305	2773923	2773945
22306	2774003	2774093
22307	2774145	2774279
22308	2774354	2774417
22309	2774541	2774605
22310	2774671	2774767
22311	2774825	2774894
22312	2774974	2775082
22313	2775167	2775198
22314	2775345	2775364
22315	2775444	2775497
22316	2775585	2775644
22317	2775694	2775732
22318	2775795	2775825
22319	2775853	2775946
22320	2776087	2776208
22321	2776243	2776360
22322	2776366	2776505
22323	2776604	2776664
22324	2776756	2776790
22325	2776930	2777026
22326	2777078	2777155
22327	2777166	2777211
22328	2777281	2777314
22329	2777425	2777531
22330	2777608	2777692
22331	2777704	2777827
22332	2777909	2778018
22333	2778081	2778110
22334	2778195	2778231
22335	2778237	2778260
22336	2778281	2778344
22337	2778373	2778510
22338	2778561	2778625
22339	2778682	2778711
22340	2778734	2778825
22341	2778934	2779020
22342	2779057	2779080
22343	2779111	2779163
22344	2779251	2779378
22345	2779438	2779541
22346	2779669	2779707
22347	2779814	2779864
22348	2779965	2779992
22349	2780015	2780056
22350	2780152	2780175
22351	2780276	2780402
22352	2780497	2780543
22353	2780614	2780661
22354	2780719	2780830
22355	2780892	2781013
22356	2781064	2781147
22357	2781211	2781268
22358	2781321	2781438
22359	2781483	2781567
22360	2781602	2781663
22361	2781731	2781797
22362	2781920	2781936
22363	2782027	2782051
22364	2782125	2782228
22365	2782263	2782309
22366	2782379	2782432
22367	2782514	2782537
22368	2782593	2782626
22369	2782667	2782711
22370	2782742	2782775
22371	2782874	2782906
22372	2782997	2783097
22373	2783199	2783283
22374	2783383	2783425
22375	2783435	2783476
22376	2783577	2783618
22377	2783662	2783802
22378	2783827	2783924
22379	2783991	2784114
22380	2784167	2784259
22381	2784307	2784359
22382	2784462	2784540
22383	2784684	2784756
22384	2784789	2784938
22385	2784999	2785092
22386	2785167	2785245
22387	2785277	2785309
22388	2785364	2785456
22389	2785495	2785576
22390	2785662	2785691
22391	2785710	2785731
22392	2785821	2785914
22393	2785937	2785975
22394	2786106	2786151
22395	2786188	2786212
22396	2786288	2786325
22397	2786415	2786438
22398	2786506	2786623
22399	2786772	2786853
22400	2786906	2786945
22401	2787036	2787158
22402	2787230	2787340
22403	2787359	2787430
22404	2787450	2787525
22405	2787561	2787638
22406	2787762	2787870
22407	2787961	2788017
22408	2788114	2788167
22409	2788208	2788300
22410	2788350	2788370
22411	2788458	2788487
22412	2788540	2788572
22413	2788680	2788756
22414	2788788	2788815
22415	2788856	2788876
22416	2788895	2788971
22417	2788987	2789087
22418	2789134	2789227
22419	2789411	2789466
22420	2789527	2789569
22421	2789606	2789694
22422	2789809	2789836
22423	2789890	2789907
22424	2789961	2790016
22425	2790089	2790110
22426	2790173	2790192
22427	2790275	2790333
22428	2790359	2790422
22429	2790514	2790537
22430	2790553	2790665
22431	2790724	2790823
22432	2790900	2790996
22433	2791115	2791158
22434	2791232	2791358
22435	2791436	2791446
22436	2791531	2791590
22437	2791655	2791746
22438	2791757	2791825
22439	2791891	2791911
22440	2791935	2792028
22441	2792069	2792091
22442	2792110	2792207
22443	2792286	2792351
22444	2792459	2792473
22445	2792492	2792535
22446	2792599	2792645
22447	2792697	2792827
22448	2792891	2792939
22449	2793061	2793093
22450	2793136	2793192
22451	2793228	2793252
22452	2793349	2793372
22453	2793411	2793465
22454	2793547	2793624
22455	2793730	2793755
22456	2793792	2793825
22457	2793889	2793954
22458	2793968	2794077
22459	2794126	2794145
22460	2794225	2794320
22461	2794383	2794389
22462	2794437	2794470
22463	2794478	2794546
22464	2794564	2794595
22465	2794725	2794791
22466	2794834	2794956
22467	2795008	2795021
22468	2795068	2795133
22469	2795219	2795242
22470	2795287	2795310
22471	2795351	2795369
22472	2795392	2795497
22473	2795644	2795692
22474	2795743	2795812
22475	2795832	2795868
22476	2795975	2795997
22477	2796121	2796151
22478	2796211	2796256
22479	2796316	2796354
22480	2796402	2796438
22481	2796512	2796607
22482	2796692	2796750
22483	2796825	2796949
22484	2797022	2797091
22485	2797182	2797342
22486	2797437	2797479
22487	2797532	2797628
22488	2797645	2797703
22489	2797714	2797727
22490	2797753	2797869
22491	2797926	2797961
22492	2797974	2797992
22493	2798035	2798052
22494	2798107	2798140
22495	2798203	2798256
22496	2798296	2798353
22497	2798389	2798441
22498	2798539	2798564
22499	2798668	2798763
22500	2798781	2798815
22501	2798856	2798881
22502	2798940	2799039
22503	2799055	2799080
22504	2799139	2799276
22505	2799304	2799336
22506	2799382	2799457
22507	2799546	2799611
22508	2799679	2799797
22509	2799890	2799955
22510	2800011	2800028
22511	2800104	2800105
22512	2800136	2800223
22513	2800284	2800299
22514	2800346	2800374
22515	2800491	2800585
22516	2800675	2800811
22517	2800840	2800908
22518	2800994	2801046
22519	2801082	2801221
22520	2801370	2801438
22521	2801501	2801545
22522	2801633	2801697
22523	2801748	2801778
22524	2801815	2801873
22525	2801942	2801962
22526	2802049	2802060
22527	2802109	2802173
22528	2802205	2802244
22529	2802293	2802384
22530	2802478	2802574
22531	2802609	2802629
22532	2802645	2802684
22533	2802718	2802829
22534	2802887	2802910
22535	2803047	2803123
22536	2803134	2803191
22537	2803271	2803282
22538	2803330	2803359
22539	2803402	2803458
22540	2803516	2803587
22541	2803602	2803663
22542	2803689	2803739
22543	2803788	2803873
22544	2803937	2803986
22545	2804123	2804227
22546	2804311	2804371
22547	2804439	2804546
22548	2804564	2804588
22549	2804662	2804757
22550	2804773	2804884
22551	2804928	2804945
22552	2805054	2805056
22553	2805099	2805213
22554	2805303	2805315
22555	2805419	2805481
22556	2805493	2805546
22557	2805568	2805673
22558	2805770	2805791
22559	2805818	2805840
22560	2805886	2805997
22561	2806091	2806108
22562	2806130	2806198
22563	2806314	2806397
22564	2806480	2806550
22565	2806585	2806622
22566	2806660	2806713
22567	2806777	2806824
22568	2806875	2806903
22569	2806992	2807029
22570	2807128	2807227
22571	2807250	2807287
22572	2807351	2807467
22573	2807516	2807575
22574	2807632	2807746
22575	2807811	2807889
22576	2807992	2808024
22577	2808105	2808150
22578	2808255	2808342
22579	2808363	2808401
22580	2808443	2808542
22581	2808648	2808727
22582	2808781	2808798
22583	2808849	2808917
22584	2808965	2808986
22585	2809063	2809075
22586	2809128	2809167
22587	2809216	2809243
22588	2809283	2809380
22589	2809406	2809472
22590	2809498	2809571
22591	2809660	2809752
22592	2809764	2809823
22593	2809854	2809951
22594	2810031	2810056
22595	2810113	2810194
22596	2810257	2810323
22597	2810371	2810496
22598	2810541	2810614
22599	2810684	2810730
22600	2810794	2810838
22601	2810884	2810934
22602	2811082	2811119
22603	2811146	2811210
22604	2811240	2811299
22605	2811412	2811437
22606	2811453	2811479
22607	2811516	2811536
22608	2811556	2811579
22609	2811687	2811744
22610	2811848	2811866
22611	2811971	2812026
22612	2812055	2812180
22613	2812237	2812273
22614	2812337	2812376
22615	2812414	2812459
22616	2812572	2812586
22617	2812606	2812664
22618	2812769	2812881
22619	2812934	2812972
22620	2813016	2813124
22621	2813140	2813207
22622	2813312	2813324
22623	2813417	2813502
22624	2813589	2813727
22625	2813755	2813817
22626	2813865	2813921
22627	2813989	2814024
22628	2814068	2814101
22629	2814128	2814171
22630	2814214	2814256
22631	2814286	2814365
22632	2814387	2814428
22633	2814452	2814472
22634	2814505	2814593
22635	2814656	2814675
22636	2814773	2814829
22637	2814881	2814950
22638	2815006	2815045
22639	2815197	2815301
22640	2815411	2815467
22641	2815489	2815557
22642	2815652	2815687
22643	2815730	2815776
22644	2815804	2815826
22645	2815852	2815927
22646	2815944	2815965
22647	2816041	2816131
22648	2816188	2816197
22649	2816289	2816328
22650	2816353	2816445
22651	2816507	2816634
22652	2816716	2816731
22653	2816781	2816858
22654	2816928	2816984
22655	2817039	2817256
22656	2817351	2817387
22657	2817464	2817503
22658	2817549	2817617
22659	2817678	2817733
22660	2817766	2817823
22661	2817887	2817925
22662	2817971	2818025
22663	2818115	2818123
22664	2818159	2818175
22665	2818233	2818302
22666	2818383	2818443
22667	2818484	2818556
22668	2818644	2818715
22669	2818745	2818789
22670	2818861	2818927
22671	2818957	2818976
22672	2819012	2819022
22673	2819075	2819128
22674	2819224	2819248
22675	2819269	2819395
22676	2819424	2819532
22677	2819644	2819729
22678	2819815	2819840
22679	2819893	2819987
22680	2820078	2820103
22681	2820142	2820198
22682	2820213	2820307
22683	2820371	2820440
22684	2820490	2820519
22685	2820627	2820681
22686	2820788	2820854
22687	2820923	2820964
22688	2821098	2821159
22689	2821254	2821305
22690	2821344	2821402
22691	2821480	2821523
22692	2821629	2821695
22693	2821726	2821796
22694	2821834	2821861
22695	2821904	2822052
22696	2822069	2822111
22697	2822174	2822220
22698	2822276	2822320
22699	2822432	2822561
22700	2822614	2822664
22701	2822671	2822763
22702	2822857	2822902
22703	2822949	2823066
22704	2823149	2823165
22705	2823239	2823314
22706	2823383	2823398
22707	2823444	2823460
22708	2823518	2823575
22709	2823595	2823694
22710	2823747	2823834
22711	2823852	2823928
22712	2824008	2824141
22713	2824209	2824231
22714	2824345	2824395
22715	2824486	2824567
22716	2824630	2824701
22717	2824757	2824819
22718	2824913	2825009
22719	2825125	2825162
22720	2825246	2825259
22721	2825272	2825356
22722	2825422	2825467
22723	2825506	2825592
22724	2825618	2825648
22725	2825755	2825829
22726	2825896	2825953
22727	2826017	2826115
22728	2826244	2826292
22729	2826348	2826453
22730	2826480	2826556
22731	2826656	2826739
22732	2826811	2826913
22733	2826970	2826989
22734	2827047	2827082
22735	2827139	2827264
22736	2827314	2827409
22737	2827468	2827578
22738	2827663	2827695
22739	2827815	2827854
22740	2827883	2827906
22741	2827933	2828003
22742	2828078	2828079
22743	2828139	2828219
22744	2828303	2828388
22745	2828442	2828543
22746	2828599	2828666
22747	2828691	2828734
22748	2828827	2828867
22749	2828967	2828997
22750	2829032	2829085
22751	2829186	2829224
22752	2829291	2829399
22753	2829451	2829541
22754	2829554	2829585
22755	2829692	2829731
22756	2829781	2829912
22757	2830022	2830086
22758	2830111	2830174
22759	2830222	2830249
22760	2830308	2830336
22761	2830466	2830579
22762	2830588	2830606
22763	2830636	2830652
22764	2830681	2830687
22765	2830714	2830740
22766	2830840	2830877
22767	2830982	2831037
22768	2831074	2831148
22769	2831269	2831335
22770	2831388	2831470
22771	2831578	2831623
22772	2831672	2831741
22773	2831815	2831857
22774	2831874	2831922
22775	2832014	2832099
22776	2832199	2832320
22777	2832331	2832360
22778	2832409	2832494
22779	2832554	2832638
22780	2832785	2832839
22781	2832925	2832944
22782	2833030	2833048
22783	2833129	2833204
22784	2833286	2833355
22785	2833397	2833499
22786	2833578	2833639
22787	2833711	2833857
22788	2833963	2833992
22789	2834050	2834073
22790	2834091	2834135
22791	2834178	2834287
22792	2834368	2834398
22793	2834421	2834472
22794	2834521	2834541
22795	2834628	2834721
22796	2834779	2834903
22797	2834933	2834977
22798	2835024	2835088
22799	2835141	2835177
22800	2835214	2835302
22801	2835397	2835412
22802	2835517	2835586
22803	2835701	2835799
22804	2835878	2835975
22805	2836049	2836110
22806	2836152	2836213
22807	2836271	2836408
22808	2836504	2836626
22809	2836696	2836738
22810	2836785	2836830
22811	2836855	2836991
22812	2837121	2837215
22813	2837273	2837316
22814	2837413	2837539
22815	2837642	2837760
22816	2837810	2837867
22817	2837955	2838001
22818	2838119	2838182
22819	2838263	2838318
22820	2838425	2838486
22821	2838611	2838637
22822	2838686	2838782
22823	2838856	2838928
22824	2838949	2839035
22825	2839142	2839298
22826	2839372	2839412
22827	2839478	2839503
22828	2839564	2839653
22829	2839707	2839773
22830	2839911	2840004
22831	2840046	2840185
22832	2840237	2840319
22833	2840378	2840459
22834	2840470	2840502
22835	2840618	2840647
22836	2840697	2840759
22837	2840880	2841001
22838	2841081	2841113
22839	2841162	2841182
22840	2841236	2841301
22841	2841390	2841424
22842	2841434	2841514
22843	2841566	2841638
22844	2841755	2841823
22845	2841877	2841920
22846	2841965	2842014
22847	2842061	2842117
22848	2842177	2842212
22849	2842220	2842286
22850	2842359	2842431
22851	2842439	2842488
22852	2842518	2842589
22853	2842641	2842647
22854	2842724	2842830
22855	2842919	2843042
22856	2843123	2843164
22857	2843259	2843320
22858	2843340	2843348
22859	2843392	2843443
22860	2843505	2843634
22861	2843689	2843778
22862	2843861	2843920
22863	2844011	2844064
22864	2844138	2844167
22865	2844208	2844252
22866	2844338	2844435
22867	2844508	2844629
22868	2844716	2844777
22869	2844795	2844857
22870	2844882	2844989
22871	2845069	2845194
22872	2845310	2845357
22873	2845424	2845446
22874	2845514	2845608
22875	2845615	2845674
22876	2845780	2845814
22877	2845892	2845921
22878	2846018	2846133
22879	2846150	2846158
22880	2846229	2846245
22881	2846276	2846316
22882	2846354	2846411
22883	2846456	2846547
22884	2846652	2846675
22885	2846709	2846745
22886	2846878	2846902
22887	2846911	2846992
22888	2847036	2847049
22889	2847160	2847237
22890	2847238	2847306
22891	2847363	2847394
22892	2847505	2847513
22893	2847531	2847581
22894	2847646	2847714
22895	2847786	2847832
22896	2847870	2848017
22897	2848075	2848159
22898	2848226	2848279
22899	2848301	2848426
22900	2848458	2848522
22901	2848544	2848673
22902	2848698	2848737
22903	2848824	2848876
22904	2848924	2848987
22905	2849040	2849161
22906	2849316	2849372
22907	2849398	2849509
22908	2849533	2849638
22909	2849739	2849829
22910	2849903	2849941
22911	2849993	2850053
22912	2850080	2850091
22913	2850153	2850225
22914	2850279	2850346
22915	2850417	2850474
22916	2850506	2850565
22917	2850601	2850700
22918	2850785	2850797
22919	2850904	2850955
22920	2851038	2851080
22921	2851121	2851228
22922	2851348	2851400
22923	2851416	2851519
22924	2851602	2851685
22925	2851778	2851852
22926	2851991	2852039
22927	2852126	2852183
22928	2852256	2852310
22929	2852384	2852466
22930	2852534	2852616
22931	2852731	2852742
22932	2852759	2852774
22933	2852806	2852837
22934	2852856	2852987
22935	2853078	2853116
22936	2853207	2853264
22937	2853362	2853410
22938	2853418	2853451
22939	2853499	2853595
22940	2853645	2853689
22941	2853746	2853783
22942	2853835	2853904
22943	2854003	2854023
22944	2854125	2854139
22945	2854185	2854239
22946	2854276	2854337
22947	2854459	2854508
22948	2854531	2854599
22949	2854674	2854816
22950	2854822	2854983
22951	2855019	2855048
22952	2855086	2855106
22953	2855134	2855199
22954	2855253	2855309
22955	2855391	2855469
22956	2855487	2855512
22957	2855590	2855723
22958	2855733	2855785
22959	2855824	2855890
22960	2855965	2856043
22961	2856084	2856104
22962	2856131	2856253
22963	2856319	2856357
22964	2856437	2856520
22965	2856568	2856672
22966	2856717	2856809
22967	2856864	2856913
22968	2856997	2857112
22969	2857126	2857207
22970	2857229	2857241
22971	2857302	2857343
22972	2857386	2857410
22973	2857491	2857492
22974	2857601	2857651
22975	2857692	2857832
22976	2857881	2857924
22977	2857973	2858028
22978	2858097	2858121
22979	2858154	2858180
22980	2858230	2858322
22981	2858415	2858520
22982	2858570	2858598
22983	2858629	2858730
22984	2858789	2858920
22985	2858965	2858985
22986	2859025	2859057
22987	2859110	2859224
22988	2859289	2859291
22989	2859333	2859354
22990	2859449	2859498
22991	2859555	2859568
22992	2859631	2859647
22993	2859714	2859775
22994	2859808	2859912
22995	2859934	2860036
22996	2860118	2860134
22997	2860176	2860297
22998	2860367	2860462
22999	2860522	2860543
23000	2860585	2860668
23001	2860709	2860751
23002	2860796	2860893
23003	2860985	2861074
23004	2861199	2861259
23005	2861370	2861460
23006	2861528	2861564
23007	2861588	2861628
23008	2861685	2861691
23009	2861738	2861837
23010	2861897	2861903
23011	2861963	2862009
23012	2862103	2862229
23013	2862262	2862323
23014	2862348	2862432
23015	2862459	2862529
23016	2862537	2862596
23017	2862730	2862789
23018	2862816	2862849
23019	2862945	2862979
23020	2863064	2863092
23021	2863094	2863198
23022	2863305	2863353
23023	2863370	2863470
23024	2863538	2863640
23025	2863731	2863805
23026	2863836	2863956
23027	2864041	2864112
23028	2864172	2864179
23029	2864292	2864352
23030	2864416	2864533
23031	2864596	2864657
23032	2864682	2864801
23033	2864853	2864887
23034	2864974	2865050
23035	2865093	2865136
23036	2865245	2865280
23037	2865358	2865385
23038	2865399	2865469
23039	2865535	2865570
23040	2865611	2865734
23041	2865790	2865813
23042	2865884	2865918
23043	2865995	2866028
23044	2866065	2866146
23045	2866200	2866221
23046	2866300	2866374
23047	2866473	2866587
23048	2866634	2866703
23049	2866743	2866857
23050	2866982	2867045
23051	2867074	2867127
23052	2867188	2867226
23053	2867260	2867362
23054	2867423	2867430
23055	2867465	2867541
23056	2867559	2867662
23057	2867698	2867739
23058	2867778	2867814
23059	2867856	2867955
23060	2868024	2868111
23061	2868175	2868206
23062	2868269	2868284
23063	2868322	2868399
23064	2868421	2868441
23065	2868463	2868475
23066	2868529	2868565
23067	2868630	2868725
23068	2868736	2868827
23069	2868866	2868881
23070	2868912	2868989
23071	2869056	2869096
23072	2869235	2869242
23073	2869330	2869358
23074	2869438	2869470
23075	2869494	2869518
23076	2869629	2869679
23077	2869757	2869855
23078	2869878	2869947
23079	2870057	2870092
23080	2870131	2870192
23081	2870210	2870319
23082	2870419	2870453
23083	2870510	2870602
23084	2870662	2870697
23085	2870749	2870800
23086	2870842	2870926
23087	2870988	2871023
23088	2871031	2871069
23089	2871129	2871164
23090	2871221	2871231
23091	2871417	2871541
23092	2871680	2871682
23093	2871728	2871785
23094	2871836	2871885
23095	2871957	2871987
23096	2872008	2872037
23097	2872196	2872223
23098	2872338	2872430
23099	2872594	2872638
23100	2872666	2872763
23101	2872840	2872890
23102	2872965	2873040
23103	2873081	2873213
23104	2873229	2873278
23105	2873322	2873368
23106	2873466	2873521
23107	2873621	2873688
23108	2873748	2873793
23109	2873847	2873873
23110	2873933	2874038
23111	2874122	2874201
23112	2874216	2874269
23113	2874308	2874364
23114	2874424	2874441
23115	2874559	2874668
23116	2874719	2874837
23117	2874997	2875008
23118	2875083	2875104
23119	2875172	2875200
23120	2875282	2875464
23121	2875497	2875530
23122	2875555	2875618
23123	2875667	2875733
23124	2875844	2875975
23125	2876063	2876124
23126	2876224	2876357
23127	2876453	2876568
23128	2876614	2876628
23129	2876654	2876669
23130	2876780	2876872
23131	2876923	2876965
23132	2877009	2877067
23133	2877112	2877132
23134	2877151	2877167
23135	2877255	2877303
23136	2877364	2877409
23137	2877532	2877617
23138	2877669	2877779
23139	2877790	2877816
23140	2877827	2877896
23141	2877933	2877944
23142	2877989	2878045
23143	2878130	2878199
23144	2878252	2878276
23145	2878309	2878339
23146	2878402	2878465
23147	2878567	2878657
23148	2878706	2878812
23149	2878869	2878935
23150	2879037	2879083
23151	2879114	2879245
23152	2879379	2879446
23153	2879504	2879597
23154	2879651	2879692
23155	2879751	2879817
23156	2879886	2879982
23157	2880075	2880196
23158	2880252	2880307
23159	2880333	2880433
23160	2880533	2880584
23161	2880663	2880769
23162	2880855	2880914
23163	2880968	2881071
23164	2881100	2881125
23165	2881257	2881311
23166	2881362	2881436
23167	2881453	2881523
23168	2881597	2881609
23169	2881660	2881693
23170	2881713	2881771
23171	2881899	2881913
23172	2881993	2882095
23173	2882139	2882185
23174	2882335	2882392
23175	2882512	2882539
23176	2882572	2882581
23177	2882592	2882677
23178	2882709	2882753
23179	2882764	2882819
23180	2882841	2882904
23181	2882954	2883051
23182	2883151	2883203
23183	2883279	2883420
23184	2883454	2883528
23185	2883620	2883649
23186	2883725	2883791
23187	2883855	2883896
23188	2883996	2884125
23189	2884216	2884272
23190	2884351	2884410
23191	2884501	2884540
23192	2884577	2884652
23193	2884703	2884800
23194	2884885	2884942
23195	2884959	2885056
23196	2885144	2885220
23197	2885290	2885344
23198	2885425	2885453
23199	2885521	2885528
23200	2885555	2885627
23201	2885634	2885655
23202	2885685	2885740
23203	2885831	2885875
23204	2885915	2886005
23205	2886094	2886102
23206	2886127	2886188
23207	2886229	2886344
23208	2886425	2886467
23209	2886506	2886587
23210	2886634	2886731
23211	2886824	2886888
23212	2887013	2887116
23213	2887182	2887265
23214	2887357	2887432
23215	2887461	2887509
23216	2887630	2887671
23217	2887830	2887917
23218	2887970	2888029
23219	2888077	2888194
23220	2888256	2888314
23221	2888411	2888462
23222	2888584	2888608
23223	2888640	2888732
23224	2888802	2888831
23225	2888853	2888861
23226	2888891	2888933
23227	2888985	2889029
23228	2889074	2889150
23229	2889158	2889200
23230	2889259	2889309
23231	2889389	2889414
23232	2889449	2889504
23233	2889562	2889632
23234	2889651	2889688
23235	2889730	2889731
23236	2889760	2889850
23237	2889939	2890110
23238	2890187	2890221
23239	2890256	2890307
23240	2890357	2890490
23241	2890535	2890576
23242	2890608	2890614
23243	2890796	2890819
23244	2890848	2890934
23245	2890987	2891009
23246	2891086	2891187
23247	2891228	2891274
23248	2891296	2891324
23249	2891380	2891464
23250	2891548	2891583
23251	2891694	2891781
23252	2891809	2891832
23253	2891975	2892055
23254	2892101	2892128
23255	2892215	2892309
23256	2892330	2892366
23257	2892454	2892526
23258	2892639	2892689
23259	2892775	2892853
23260	2892932	2892980
23261	2893080	2893115
23262	2893156	2893226
23263	2893292	2893330
23264	2893471	2893506
23265	2893610	2893729
23266	2893758	2893777
23267	2893789	2893853
23268	2893898	2893925
23269	2893977	2894036
23270	2894060	2894107
23271	2894136	2894230
23272	2894309	2894320
23273	2894335	2894446
23274	2894499	2894510
23275	2894587	2894666
23276	2894752	2894778
23277	2894817	2894845
23278	2894859	2894975
23279	2895108	2895197
23280	2895259	2895260
23281	2895409	2895507
23282	2895623	2895648
23283	2895681	2895716
23284	2895727	2895791
23285	2895811	2895890
23286	2895955	2896038
23287	2896096	2896203
23288	2896255	2896283
23289	2896335	2896363
23290	2896418	2896494
23291	2896503	2896535
23292	2896583	2896620
23293	2896658	2896710
23294	2896747	2896838
23295	2896848	2896855
23296	2896913	2897010
23297	2897058	2897141
23298	2897188	2897273
23299	2897342	2897438
23300	2897480	2897549
23301	2897685	2897738
23302	2897796	2897883
23303	2897893	2897987
23304	2898122	2898158
23305	2898173	2898221
23306	2898301	2898337
23307	2898401	2898453
23308	2898529	2898642
23309	2898758	2898827
23310	2898942	2899011
23311	2899024	2899107
23312	2899239	2899378
23313	2899409	2899482
23314	2899512	2899534
23315	2899560	2899654
23316	2899722	2899838
23317	2899884	2899949
23318	2900055	2900117
23319	2900134	2900271
23320	2900362	2900409
23321	2900453	2900469
23322	2900535	2900573
23323	2900581	2900616
23324	2900694	2900709
23325	2900763	2900865
23326	2900903	2900986
23327	2901086	2901171
23328	2901218	2901267
23329	2901357	2901466
23330	2901530	2901649
23331	2901742	2901843
23332	2901894	2901992
23333	2902057	2902161
23334	2902194	2902200
23335	2902283	2902324
23336	2902345	2902376
23337	2902388	2902464
23338	2902506	2902559
23339	2902606	2902684
23340	2902804	2902905
23341	2902981	2903034
23342	2903138	2903189
23343	2903295	2903362
23344	2903394	2903477
23345	2903571	2903583
23346	2903662	2903737
23347	2903879	2903887
23348	2904014	2904068
23349	2904199	2904220
23350	2904280	2904335
23351	2904358	2904388
23352	2904414	2904441
23353	2904487	2904569
23354	2904629	2904704
23355	2904760	2904815
23356	2904862	2904886
23357	2904952	2905082
23358	2905108	2905204
23359	2905322	2905375
23360	2905507	2905577
23361	2905626	2905719
23362	2905756	2905814
23363	2905890	2905990
23364	2906071	2906152
23365	2906265	2906338
23366	2906375	2906415
23367	2906487	2906506
23368	2906593	2906636
23369	2906674	2906700
23370	2906875	2906915
23371	2906924	2907011
23372	2907055	2907128
23373	2907236	2907248
23374	2907298	2907407
23375	2907484	2907492
23376	2907503	2907602
23377	2907643	2907779
23378	2907838	2907941
23379	2907983	2908025
23380	2908068	2908175
23381	2908216	2908262
23382	2908346	2908469
23383	2908503	2908590
23384	2908608	2908705
23385	2908773	2908833
23386	2908933	2908995
23387	2909092	2909131
23388	2909156	2909201
23389	2909240	2909293
23390	2909322	2909337
23391	2909435	2909481
23392	2909572	2909628
23393	2909679	2909696
23394	2909744	2909791
23395	2909873	2909889
23396	2910014	2910043
23397	2910108	2910169
23398	2910237	2910285
23399	2910352	2910429
23400	2910485	2910515
23401	2910601	2910729
23402	2910793	2910829
23403	2910948	2911038
23404	2911133	2911215
23405	2911223	2911337
23406	2911427	2911515
23407	2911542	2911558
23408	2911612	2911685
23409	2911741	2911808
23410	2911827	2911943
23411	2912000	2912070
23412	2912165	2912207
23413	2912259	2912419
23414	2912463	2912509
23415	2912584	2912618
23416	2912647	2912727
23417	2912790	2912931
23418	2913068	2913138
23419	2913176	2913287
23420	2913320	2913416
23421	2913527	2913646
23422	2913729	2913776
23423	2913827	2913933
23424	2913942	2914027
23425	2914050	2914093
23426	2914185	2914236
23427	2914289	2914373
23428	2914454	2914531
23429	2914622	2914650
23430	2914693	2914757
23431	2914897	2915036
23432	2915126	2915177
23433	2915258	2915349
23434	2915377	2915384
23435	2915452	2915496
23436	2915553	2915614
23437	2915670	2915774
23438	2915905	2916008
23439	2916026	2916045
23440	2916159	2916304
23441	2916369	2916388
23442	2916444	2916504
23443	2916613	2916708
23444	2916783	2916817
23445	2916874	2916962
23446	2917000	2917041
23447	2917070	2917080
23448	2917196	2917224
23449	2917314	2917418
23450	2917563	2917604
23451	2917697	2917784
23452	2917887	2918026
23453	2918057	2918141
23454	2918221	2918317
23455	2918380	2918435
23456	2918456	2918486
23457	2918524	2918569
23458	2918642	2918781
23459	2918838	2918913
23460	2919006	2919125
23461	2919173	2919261
23462	2919375	2919452
23463	2919500	2919548
23464	2919646	2919727
23465	2919897	2919952
23466	2920028	2920035
23467	2920150	2920246
23468	2920331	2920409
23469	2920453	2920485
23470	2920554	2920678
23471	2920689	2920713
23472	2920857	2920904
23473	2920927	2920949
23474	2921019	2921045
23475	2921104	2921228
23476	2921288	2921364
23477	2921422	2921466
23478	2921505	2921532
23479	2921567	2921606
23480	2921664	2921692
23481	2921736	2921839
23482	2921881	2921966
23483	2922036	2922091
23484	2922132	2922197
23485	2922248	2922285
23486	2922390	2922426
23487	2922460	2922559
23488	2922687	2922771
23489	2922834	2922904
23490	2922997	2923075
23491	2923177	2923252
23492	2923352	2923412
23493	2923457	2923502
23494	2923604	2923727
23495	2923737	2923833
23496	2923945	2923986
23497	2924079	2924095
23498	2924208	2924274
23499	2924288	2924320
23500	2924393	2924505
23501	2924556	2924621
23502	2924692	2924711
23503	2924789	2924876
23504	2924933	2925009
23505	2925160	2925190
23506	2925268	2925355
23507	2925366	2925413
23508	2925537	2925598
23509	2925626	2925671
23510	2925748	2925865
23511	2925909	2925990
23512	2926069	2926201
23513	2926340	2926347
23514	2926413	2926460
23515	2926518	2926596
23516	2926712	2926741
23517	2926835	2926930
23518	2926947	2927003
23519	2927044	2927081
23520	2927132	2927216
23521	2927286	2927382
23522	2927505	2927537
23523	2927616	2927651
23524	2927695	2927784
23525	2927865	2927913
23526	2927930	2927980
23527	2928007	2928107
23528	2928184	2928275
23529	2928296	2928305
23530	2928350	2928421
23531	2928482	2928510
23532	2928592	2928638
23533	2928674	2928758
23534	2928808	2928869
23535	2928923	2928990
23536	2929027	2929103
23537	2929139	2929174
23538	2929204	2929270
23539	2929333	2929364
23540	2929460	2929574
23541	2929600	2929623
23542	2929687	2929724
23543	2929766	2929829
23544	2929884	2929930
23545	2929947	2929973
23546	2929986	2930026
23547	2930088	2930149
23548	2930229	2930254
23549	2930363	2930392
23550	2930424	2930457
23551	2930530	2930615
23552	2930712	2930887
23553	2930961	2931024
23554	2931067	2931102
23555	2931146	2931228
23556	2931296	2931335
23557	2931397	2931520
23558	2931561	2931626
23559	2931723	2931784
23560	2931803	2931826
23561	2931874	2931964
23562	2932078	2932149
23563	2932225	2932237
23564	2932301	2932405
23565	2932418	2932478
23566	2932574	2932640
23567	2932679	2932770
23568	2932814	2932919
23569	2932971	2933144
23570	2933162	2933182
23571	2933220	2933234
23572	2933293	2933323
23573	2933404	2933516
23574	2933567	2933641
23575	2933700	2933774
23576	2933803	2933815
23577	2933853	2933916
23578	2933927	2933965
23579	2934010	2934067
23580	2934160	2934288
23581	2934325	2934338
23582	2934362	2934385
23583	2934477	2934485
23584	2934537	2934566
23585	2934599	2934643
23586	2934713	2934744
23587	2934856	2934915
23588	2934952	2935000
23589	2935032	2935083
23590	2935128	2935180
23591	2935212	2935394
23592	2935429	2935521
23593	2935527	2935613
23594	2935733	2935838
23595	2935985	2935998
23596	2936014	2936110
23597	2936177	2936206
23598	2936234	2936296
23599	2936326	2936368
23600	2936412	2936459
23601	2936478	2936569
23602	2936697	2936716
23603	2936747	2936807
23604	2936851	2936887
23605	2936991	2937033
23606	2937103	2937140
23607	2937167	2937290
23608	2937419	2937449
23609	2937540	2937580
23610	2937682	2937699
23611	2937724	2937848
23612	2937883	2937950
23613	2937975	2937986
23614	2938019	2938057
23615	2938109	2938217
23616	2938244	2938306
23617	2938344	2938448
23618	2938470	2938535
23619	2938572	2938615
23620	2938667	2938690
23621	2938719	2938772
23622	2938792	2938831
23623	2938870	2938954
23624	2939015	2939041
23625	2939102	2939125
23626	2939166	2939229
23627	2939303	2939374
23628	2939474	2939500
23629	2939530	2939554
23630	2939636	2939758
23631	2939780	2939865
23632	2939948	2939999
23633	2940048	2940085
23634	2940139	2940211
23635	2940306	2940319
23636	2940375	2940414
23637	2940527	2940591
23638	2940664	2940747
23639	2940796	2940840
23640	2940873	2940974
23641	2941079	2941115
23642	2941164	2941304
23643	2941358	2941396
23644	2941473	2941572
23645	2941659	2941726
23646	2941892	2941929
23647	2942014	2942059
23648	2942139	2942192
23649	2942258	2942337
23650	2942417	2942560
23651	2942615	2942680
23652	2942727	2942747
23653	2942847	2942859
23654	2942881	2942946
23655	2943008	2943094
23656	2943192	2943258
23657	2943308	2943399
23658	2943458	2943467
23659	2943565	2943622
23660	2943703	2943726
23661	2943768	2943835
23662	2943848	2943855
23663	2943866	2943932
23664	2943961	2943969
23665	2944005	2944114
23666	2944180	2944199
23667	2944278	2944350
23668	2944411	2944420
23669	2944529	2944616
23670	2944735	2944822
23671	2944934	2944969
23672	2944986	2945027
23673	2945083	2945098
23674	2945215	2945248
23675	2945370	2945468
23676	2945607	2945687
23677	2945748	2945917
23678	2946016	2946129
23679	2946147	2946264
23680	2946302	2946373
23681	2946430	2946467
23682	2946502	2946547
23683	2946609	2946668
23684	2946705	2946782
23685	2946948	2946970
23686	2947038	2947101
23687	2947177	2947225
23688	2947283	2947337
23689	2947432	2947452
23690	2947538	2947619
23691	2947663	2947689
23692	2947854	2947921
23693	2948050	2948115
23694	2948173	2948280
23695	2948428	2948468
23696	2948586	2948661
23697	2948678	2948736
23698	2948798	2948837
23699	2948883	2948947
23700	2949052	2949112
23701	2949158	2949286
23702	2949403	2949458
23703	2949519	2949574
23704	2949639	2949657
23705	2949726	2949823
23706	2949872	2949908
23707	2950037	2950184
23708	2950267	2950341
23709	2950409	2950430
23710	2950547	2950612
23711	2950655	2950670
23712	2950788	2950808
23713	2950961	2951018
23714	2951106	2951178
23715	2951269	2951358
23716	2951371	2951412
23717	2951549	2951587
23718	2951630	2951673
23719	2951699	2951785
23720	2951872	2951969
23721	2952057	2952134
23722	2952177	2952243
23723	2952387	2952445
23724	2952530	2952572
23725	2952613	2952657
23726	2952669	2952732
23727	2952793	2952882
23728	2952917	2953002
23729	2953080	2953181
23730	2953226	2953369
23731	2953418	2953453
23732	2953512	2953603
23733	2953685	2953767
23734	2953830	2953887
23735	2954007	2954068
23736	2954124	2954212
23737	2954244	2954305
23738	2954365	2954392
23739	2954471	2954494
23740	2954581	2954605
23741	2954622	2954692
23742	2954744	2954768
23743	2954799	2954847
23744	2954900	2954907
23745	2954920	2954987
23746	2954999	2955073
23747	2955089	2955101
23748	2955192	2955232
23749	2955322	2955364
23750	2955382	2955486
23751	2955581	2955660
23752	2955716	2955792
23753	2955820	2955892
23754	2956064	2956124
23755	2956136	2956240
23756	2956305	2956368
23757	2956382	2956481
23758	2956536	2956608
23759	2956657	2956732
23760	2956771	2956824
23761	2956933	2956954
23762	2956993	2957049
23763	2957161	2957221
23764	2957244	2957301
23765	2957388	2957419
23766	2957529	2957580
23767	2957618	2957677
23768	2957691	2957698
23769	2957710	2957752
23770	2957833	2957873
23771	2957929	2958049
23772	2958203	2958250
23773	2958301	2958323
23774	2958449	2958552
23775	2958571	2958644
23776	2958666	2958745
23777	2958795	2958834
23778	2958958	2958996
23779	2959026	2959045
23780	2959060	2959146
23781	2959228	2959358
23782	2959419	2959442
23783	2959505	2959540
23784	2959547	2959649
23785	2959736	2959765
23786	2959808	2959904
23787	2959975	2960053
23788	2960076	2960181
23789	2960296	2960389
23790	2960493	2960537
23791	2960606	2960666
23792	2960724	2960797
23793	2960855	2960993
23794	2961099	2961224
23795	2961246	2961290
23796	2961409	2961428
23797	2961493	2961509
23798	2961565	2961607
23799	2961681	2961788
23800	2961836	2961986
23801	2962029	2962111
23802	2962132	2962187
23803	2962206	2962248
23804	2962296	2962373
23805	2962442	2962518
23806	2962672	2962731
23807	2962749	2962838
23808	2962854	2962961
23809	2962988	2963039
23810	2963083	2963129
23811	2963217	2963224
23812	2963299	2963371
23813	2963386	2963514
23814	2963644	2963726
23815	2963828	2963932
23816	2963983	2964012
23817	2964026	2964100
23818	2964146	2964288
23819	2964301	2964391
23820	2964497	2964598
23821	2964632	2964733
23822	2964835	2964858
23823	2964954	2965015
23824	2965039	2965153
23825	2965190	2965255
23826	2965300	2965389
23827	2965477	2965514
23828	2965597	2965608
23829	2965660	2965705
23830	2965786	2965828
23831	2965969	2965997
23832	2966059	2966077
23833	2966192	2966322
23834	2966422	2966515
23835	2966561	2966642
23836	2966673	2966709
23837	2966743	2966857
23838	2966937	2966974
23839	2967068	2967174
23840	2967294	2967340
23841	2967391	2967446
23842	2967481	2967510
23843	2967529	2967601
23844	2967677	2967704
23845	2967818	2967819
23846	2967920	2968062
23847	2968120	2968155
23848	2968185	2968203
23849	2968240	2968308
23850	2968404	2968523
23851	2968583	2968637
23852	2968731	2968744
23853	2968771	2968851
23854	2968909	2968947
23855	2969109	2969184
23856	2969226	2969306
23857	2969364	2969428
23858	2969461	2969598
23859	2969684	2969733
23860	2969786	2969860
23861	2969937	2969977
23862	2969994	2970081
23863	2970154	2970187
23864	2970226	2970307
23865	2970364	2970374
23866	2970388	2970433
23867	2970530	2970600
23868	2970640	2970673
23869	2970772	2970822
23870	2970864	2970949
23871	2970987	2971103
23872	2971219	2971289
23873	2971330	2971394
23874	2971432	2971478
23875	2971521	2971656
23876	2971696	2971717
23877	2971728	2971841
23878	2971859	2971926
23879	2971955	2971999
23880	2972034	2972091
23881	2972188	2972271
23882	2972322	2972400
23883	2972432	2972528
23884	2972605	2972633
23885	2972707	2972771
23886	2972800	2972843
23887	2972862	2972955
23888	2973010	2973056
23889	2973107	2973233
23890	2973299	2973423
23891	2973580	2973745
23892	2973822	2973871
23893	2973915	2973975
23894	2974080	2974185
23895	2974262	2974353
23896	2974367	2974389
23897	2974431	2974519
23898	2974562	2974609
23899	2974641	2974758
23900	2974848	2974924
23901	2974961	2974973
23902	2975053	2975091
23903	2975217	2975295
23904	2975330	2975377
23905	2975442	2975525
23906	2975548	2975566
23907	2975596	2975661
23908	2975738	2975830
23909	2975855	2975962
23910	2975984	2976146
23911	2976174	2976203
23912	2976297	2976362
23913	2976408	2976445
23914	2976487	2976501
23915	2976512	2976571
23916	2976650	2976771
23917	2976785	2976872
23918	2976978	2977068
23919	2977075	2977169
23920	2977270	2977316
23921	2977331	2977375
23922	2977438	2977540
23923	2977671	2977679
23924	2977704	2977829
23925	2977848	2977939
23926	2978074	2978105
23927	2978150	2978254
23928	2978276	2978360
23929	2978379	2978438
23930	2978550	2978588
23931	2978641	2978740
23932	2978799	2978857
23933	2978938	2978962
23934	2978970	2979037
23935	2979084	2979160
23936	2979208	2979279
23937	2979280	2979326
23938	2979416	2979461
23939	2979561	2979666
23940	2979713	2979768
23941	2979819	2979852
23942	2979968	2980010
23943	2980076	2980113
23944	2980182	2980250
23945	2980299	2980352
23946	2980380	2980408
23947	2980453	2980549
23948	2980605	2980656
23949	2980755	2980817
23950	2980915	2981042
23951	2981142	2981241
23952	2981302	2981366
23953	2981461	2981493
23954	2981516	2981528
23955	2981561	2981636
23956	2981692	2981739
23957	2981875	2981945
23958	2981977	2982071
23959	2982149	2982202
23960	2982257	2982338
23961	2982385	2982408
23962	2982470	2982521
23963	2982582	2982625
23964	2982713	2982750
23965	2982829	2982882
23966	2982892	2982996
23967	2983085	2983093
23968	2983120	2983135
23969	2983158	2983208
23970	2983228	2983340
23971	2983442	2983523
23972	2983577	2983667
23973	2983700	2983794
23974	2983874	2983881
23975	2984031	2984069
23976	2984191	2984235
23977	2984278	2984309
23978	2984365	2984403
23979	2984525	2984554
23980	2984714	2984773
23981	2984880	2984976
23982	2985051	2985100
23983	2985123	2985223
23984	2985261	2985331
23985	2985406	2985447
23986	2985528	2985630
23987	2985660	2985736
23988	2985777	2985805
23989	2985873	2985919
23990	2985987	2986007
23991	2986029	2986188
23992	2986272	2986273
23993	2986330	2986387
23994	2986425	2986514
23995	2986641	2986696
23996	2986770	2986816
23997	2986839	2986923
23998	2987033	2987111
23999	2987165	2987216
24000	2987261	2987344
24001	2987403	2987488
24002	2987571	2987613
24003	2987619	2987687
24004	2987736	2987860
24005	2987907	2987918
24006	2987988	2988031
24007	2988098	2988217
24008	2988309	2988384
24009	2988431	2988554
24010	2988652	2988737
24011	2988792	2988838
24012	2988854	2988902
24013	2988981	2989017
24014	2989032	2989115
24015	2989270	2989369
24016	2989440	2989525
24017	2989538	2989590
24018	2989689	2989740
24019	2989803	2989858
24020	2989954	2990043
24021	2990135	2990264
24022	2990301	2990360
24023	2990395	2990460
24024	2990575	2990711
24025	2990797	2990845
24026	2990860	2990936
24027	2990946	2991054
24028	2991114	2991222
24029	2991317	2991350
24030	2991405	2991419
24031	2991460	2991512
24032	2991570	2991603
24033	2991713	2991747
24034	2991750	2991791
24035	2991820	2991895
24036	2991924	2991977
24037	2992019	2992143
24038	2992224	2992282
24039	2992368	2992398
24040	2992467	2992511
24041	2992533	2992558
24042	2992611	2992675
24043	2992713	2992806
24044	2992923	2992954
24045	2992985	2993062
24046	2993128	2993232
24047	2993365	2993407
24048	2993495	2993572
24049	2993666	2993681
24050	2993792	2993920
24051	2993935	2994061
24052	2994080	2994173
24053	2994233	2994252
24054	2994301	2994369
24055	2994416	2994519
24056	2994567	2994636
24057	2994705	2994770
24058	2994852	2994985
24059	2995009	2995016
24060	2995063	2995086
24061	2995094	2995123
24062	2995213	2995285
24063	2995303	2995380
24064	2995391	2995412
24065	2995488	2995513
24066	2995548	2995653
24067	2995726	2995844
24068	2995892	2995932
24069	2995995	2996068
24070	2996126	2996233
24071	2996315	2996373
24072	2996406	2996453
24073	2996481	2996525
24074	2996555	2996604
24075	2996642	2996725
24076	2996766	2996813
24077	2996854	2996920
24078	2996993	2997010
24079	2997053	2997111
24080	2997155	2997199
24081	2997346	2997433
24082	2997551	2997637
24083	2997737	2997810
24084	2997864	2997892
24085	2997921	2997948
24086	2997993	2998021
24087	2998076	2998157
24088	2998168	2998190
24089	2998294	2998301
24090	2998326	2998338
24091	2998416	2998537
24092	2998641	2998691
24093	2998724	2998770
24094	2998796	2998846
24095	2998866	2998938
24096	2999015	2999111
24097	2999137	2999163
24098	2999183	2999226
24099	2999344	2999404
24100	2999428	2999521
24101	2999582	2999616
24102	2999690	2999709
24103	2999740	2999785
24104	2999823	2999977
24105	3000050	3000086
24106	3000142	3000208
24107	3000303	3000332
24108	3000368	3000383
24109	3000510	3000528
24110	3000591	3000689
24111	3000780	3000832
24112	3000926	3001006
24113	3001051	3001122
24114	3001142	3001272
24115	3001332	3001379
24116	3001436	3001467
24117	3001559	3001597
24118	3001693	3001789
24119	3001899	3001969
24120	3002047	3002123
24121	3002183	3002235
24122	3002285	3002305
24123	3002354	3002421
24124	3002472	3002505
24125	3002552	3002602
24126	3002717	3002758
24127	3002787	3002880
24128	3002963	3002986
24129	3003042	3003094
24130	3003095	3003145
24131	3003244	3003286
24132	3003375	3003411
24133	3003436	3003444
24134	3003516	3003654
24135	3003739	3003814
24136	3003857	3003971
24137	3004001	3004082
24138	3004105	3004116
24139	3004196	3004237
24140	3004255	3004340
24141	3004367	3004440
24142	3004554	3004650
24143	3004681	3004788
24144	3004816	3004846
24145	3004913	3005023
24146	3005112	3005217
24147	3005258	3005386
24148	3005403	3005420
24149	3005446	3005512
24150	3005601	3005630
24151	3005675	3005689
24152	3005776	3005813
24153	3005859	3005930
24154	3005941	3005972
24155	3006043	3006082
24156	3006133	3006204
24157	3006246	3006281
24158	3006363	3006429
24159	3006521	3006596
24160	3006676	3006713
24161	3006773	3006800
24162	3006896	3006913
24163	3006959	3007057
24164	3007123	3007139
24165	3007200	3007220
24166	3007241	3007290
24167	3007371	3007430
24168	3007507	3007548
24169	3007687	3007808
24170	3007901	3007947
24171	3008021	3008082
24172	3008126	3008227
24173	3008308	3008438
24174	3008505	3008553
24175	3008618	3008648
24176	3008722	3008790
24177	3008878	3008947
24178	3009000	3009074
24179	3009084	3009125
24180	3009135	3009184
24181	3009212	3009269
24182	3009319	3009336
24183	3009405	3009446
24184	3009536	3009544
24185	3009608	3009630
24186	3009654	3009720
24187	3009803	3009823
24188	3009867	3009963
24189	3010018	3010027
24190	3010069	3010085
24191	3010163	3010206
24192	3010280	3010308
24193	3010341	3010376
24194	3010423	3010475
24195	3010542	3010615
24196	3010748	3010758
24197	3010855	3010928
24198	3011019	3011124
24199	3011192	3011238
24200	3011271	3011326
24201	3011374	3011458
24202	3011593	3011703
24203	3011746	3011792
24204	3011800	3011806
24205	3011893	3012007
24206	3012086	3012112
24207	3012163	3012325
24208	3012372	3012416
24209	3012476	3012591
24210	3012671	3012760
24211	3012849	3012889
24212	3012946	3013030
24213	3013111	3013195
24214	3013285	3013365
24215	3013419	3013452
24216	3013558	3013645
24217	3013717	3013778
24218	3013902	3014001
24219	3014112	3014208
24220	3014272	3014322
24221	3014450	3014575
24222	3014626	3014674
24223	3014772	3014799
24224	3014881	3014923
24225	3014941	3014979
24226	3015012	3015153
24227	3015294	3015362
24228	3015413	3015485
24229	3015495	3015525
24230	3015561	3015641
24231	3015680	3015707
24232	3015819	3015897
24233	3015943	3015990
24234	3016017	3016134
24235	3016250	3016287
24236	3016352	3016435
24237	3016522	3016575
24238	3016593	3016599
24239	3016673	3016691
24240	3016780	3016864
24241	3016897	3017021
24242	3017125	3017161
24243	3017193	3017321
24244	3017345	3017371
24245	3017451	3017506
24246	3017591	3017676
24247	3017730	3017842
24248	3017925	3017958
24249	3017972	3018084
24250	3018131	3018183
24251	3018251	3018314
24252	3018337	3018396
24253	3018431	3018456
24254	3018499	3018537
24255	3018561	3018645
24256	3018667	3018716
24257	3018782	3018846
24258	3018915	3018947
24259	3019003	3019109
24260	3019189	3019209
24261	3019286	3019297
24262	3019347	3019439
24263	3019530	3019579
24264	3019615	3019697
24265	3019738	3019796
24266	3019853	3019959
24267	3020015	3020066
24268	3020084	3020168
24269	3020219	3020271
24270	3020317	3020373
24271	3020382	3020423
24272	3020469	3020554
24273	3020615	3020694
24274	3020772	3020802
24275	3020902	3020993
24276	3021088	3021139
24277	3021204	3021242
24278	3021277	3021352
24279	3021413	3021505
24280	3021551	3021666
24281	3021717	3021780
24282	3021793	3021848
24283	3021941	3021994
24284	3022018	3022071
24285	3022170	3022247
24286	3022322	3022356
24287	3022475	3022521
24288	3022534	3022574
24289	3022678	3022731
24290	3022765	3022787
24291	3022838	3022876
24292	3022961	3023038
24293	3023067	3023121
24294	3023159	3023191
24295	3023226	3023307
24296	3023346	3023415
24297	3023438	3023530
24298	3023649	3023720
24299	3023745	3023832
24300	3023852	3023943
24301	3023980	3024024
24302	3024077	3024091
24303	3024124	3024229
24304	3024302	3024381
24305	3024422	3024500
24306	3024510	3024532
24307	3024581	3024607
24308	3024684	3024772
24309	3024857	3024961
24310	3025049	3025150
24311	3025221	3025264
24312	3025352	3025423
24313	3025527	3025647
24314	3025700	3025754
24315	3025788	3025892
24316	3025939	3026047
24317	3026121	3026153
24318	3026244	3026269
24319	3026322	3026410
24320	3026518	3026561
24321	3026621	3026660
24322	3026693	3026730
24323	3026736	3026855
24324	3026935	3026960
24325	3027016	3027090
24326	3027134	3027188
24327	3027268	3027312
24328	3027381	3027438
24329	3027558	3027607
24330	3027615	3027667
24331	3027741	3027810
24332	3027882	3027932
24333	3027939	3027967
24334	3028017	3028087
24335	3028178	3028265
24336	3028336	3028385
24337	3028468	3028603
24338	3028636	3028739
24339	3028783	3028838
24340	3028896	3028934
24341	3028967	3028988
24342	3029047	3029113
24343	3029159	3029244
24344	3029336	3029424
24345	3029473	3029545
24346	3029649	3029671
24347	3029807	3029833
24348	3029912	3029941
24349	3029962	3030031
24350	3030062	3030144
24351	3030211	3030269
24352	3030299	3030319
24353	3030330	3030353
24354	3030387	3030437
24355	3030486	3030571
24356	3030656	3030699
24357	3030817	3030944
24358	3030992	3031126
24359	3031179	3031315
24360	3031339	3031408
24361	3031458	3031526
24362	3031533	3031596
24363	3031669	3031757
24364	3031783	3031837
24365	3031928	3031973
24366	3031986	3032049
24367	3032078	3032159
24368	3032220	3032251
24369	3032289	3032353
24370	3032360	3032417
24371	3032533	3032576
24372	3032602	3032679
24373	3032741	3032793
24374	3032842	3032938
24375	3033048	3033103
24376	3033185	3033292
24377	3033403	3033502
24378	3033516	3033538
24379	3033611	3033645
24380	3033686	3033707
24381	3033854	3033960
24382	3034039	3034102
24383	3034185	3034219
24384	3034253	3034312
24385	3034364	3034479
24386	3034592	3034625
24387	3034734	3034821
24388	3034905	3034972
24389	3035024	3035084
24390	3035125	3035153
24391	3035222	3035284
24392	3035388	3035394
24393	3035464	3035478
24394	3035499	3035610
24395	3035721	3035770
24396	3035812	3035828
24397	3035842	3035907
24398	3035937	3035956
24399	3036047	3036111
24400	3036202	3036247
24401	3036421	3036444
24402	3036475	3036577
24403	3036610	3036709
24404	3036774	3036810
24405	3036936	3037006
24406	3037050	3037086
24407	3037125	3037202
24408	3037261	3037365
24409	3037432	3037490
24410	3037512	3037557
24411	3037641	3037699
24412	3037762	3037848
24413	3037923	3038047
24414	3038145	3038221
24415	3038255	3038349
24416	3038426	3038496
24417	3038520	3038603
24418	3038666	3038858
24419	3038928	3038953
24420	3039048	3039108
24421	3039115	3039189
24422	3039223	3039313
24423	3039416	3039465
24424	3039518	3039617
24425	3039680	3039771
24426	3039850	3039879
24427	3039988	3040028
24428	3040126	3040162
24429	3040233	3040317
24430	3040330	3040384
24431	3040433	3040478
24432	3040559	3040662
24433	3040694	3040795
24434	3040924	3040951
24435	3040972	3040985
24436	3041013	3041085
24437	3041131	3041198
24438	3041254	3041294
24439	3041341	3041352
24440	3041437	3041501
24441	3041537	3041555
24442	3041617	3041716
24443	3041812	3041869
24444	3041877	3041951
24445	3042027	3042046
24446	3042066	3042108
24447	3042265	3042343
24448	3042423	3042505
24449	3042590	3042627
24450	3042697	3042785
24451	3042851	3042923
24452	3043018	3043137
24453	3043215	3043310
24454	3043409	3043487
24455	3043575	3043602
24456	3043652	3043683
24457	3043719	3043783
24458	3043896	3043947
24459	3044012	3044051
24460	3044107	3044205
24461	3044273	3044316
24462	3044372	3044447
24463	3044516	3044541
24464	3044607	3044650
24465	3044661	3044708
24466	3044743	3044809
24467	3044941	3045004
24468	3045033	3045166
24469	3045208	3045226
24470	3045328	3045448
24471	3045495	3045585
24472	3045681	3045736
24473	3045799	3045812
24474	3045833	3045949
24475	3046012	3046036
24476	3046086	3046106
24477	3046180	3046213
24478	3046256	3046298
24479	3046347	3046444
24480	3046490	3046601
24481	3046640	3046696
24482	3046731	3046769
24483	3046841	3046863
24484	3046901	3047006
24485	3047033	3047077
24486	3047174	3047228
24487	3047287	3047358
24488	3047429	3047505
24489	3047601	3047656
24490	3047708	3047776
24491	3047819	3047853
24492	3047980	3048092
24493	3048148	3048232
24494	3048276	3048344
24495	3048421	3048444
24496	3048514	3048614
24497	3048667	3048710
24498	3048812	3048908
24499	3049058	3049121
24500	3049238	3049331
24501	3049360	3049450
24502	3049556	3049602
24503	3049630	3049747
24504	3049816	3049880
24505	3049978	3050002
24506	3050071	3050180
24507	3050232	3050251
24508	3050264	3050312
24509	3050386	3050417
24510	3050481	3050530
24511	3050588	3050636
24512	3050692	3050766
24513	3050844	3050928
24514	3050977	3051031
24515	3051068	3051104
24516	3051146	3051213
24517	3051284	3051308
24518	3051453	3051498
24519	3051508	3051552
24520	3051605	3051659
24521	3051726	3051809
24522	3051895	3052056
24523	3052170	3052198
24524	3052263	3052341
24525	3052399	3052445
24526	3052456	3052484
24527	3052512	3052528
24528	3052640	3052772
24529	3052810	3052883
24530	3052943	3053028
24531	3053095	3053176
24532	3053276	3053361
24533	3053474	3053597
24534	3053631	3053693
24535	3053794	3053902
24536	3053959	3054015
24537	3054056	3054119
24538	3054174	3054219
24539	3054230	3054292
24540	3054374	3054442
24541	3054553	3054570
24542	3054598	3054661
24543	3054748	3054799
24544	3054844	3054911
24545	3054960	3055081
24546	3055129	3055160
24547	3055187	3055277
24548	3055288	3055330
24549	3055343	3055382
24550	3055441	3055550
24551	3055667	3055696
24552	3055779	3055828
24553	3055868	3055903
24554	3055951	3056067
24555	3056114	3056230
24556	3056305	3056349
24557	3056395	3056491
24558	3056604	3056694
24559	3056733	3056776
24560	3056792	3056869
24561	3056978	3056991
24562	3057058	3057110
24563	3057158	3057167
24564	3057199	3057252
24565	3057273	3057392
24566	3057404	3057508
24567	3057542	3057591
24568	3057699	3057787
24569	3057838	3057873
24570	3057962	3058070
24571	3058150	3058234
24572	3058288	3058316
24573	3058370	3058421
24574	3058545	3058597
24575	3058666	3058720
24576	3058775	3058834
24577	3058895	3058931
24578	3058954	3059042
24579	3059153	3059186
24580	3059241	3059326
24581	3059363	3059377
24582	3059406	3059505
24583	3059606	3059676
24584	3059701	3059765
24585	3059824	3059833
24586	3059861	3059894
24587	3059927	3059978
24588	3060012	3060096
24589	3060120	3060179
24590	3060214	3060275
24591	3060291	3060317
24592	3060388	3060488
24593	3060594	3060694
24594	3060828	3060846
24595	3060933	3061019
24596	3061123	3061168
24597	3061288	3061336
24598	3061364	3061409
24599	3061431	3061471
24600	3061608	3061690
24601	3061716	3061753
24602	3061807	3061864
24603	3061955	3062026
24604	3062111	3062131
24605	3062152	3062182
24606	3062216	3062273
24607	3062370	3062409
24608	3062456	3062538
24609	3062568	3062581
24610	3062703	3062760
24611	3062791	3062838
24612	3062920	3062997
24613	3063058	3063209
24614	3063268	3063390
24615	3063488	3063543
24616	3063606	3063689
24617	3063788	3063814
24618	3063848	3063942
24619	3063994	3064012
24620	3064088	3064149
24621	3064200	3064221
24622	3064303	3064340
24623	3064439	3064463
24624	3064532	3064580
24625	3064693	3064792
24626	3064883	3064919
24627	3064973	3064998
24628	3065028	3065060
24629	3065103	3065148
24630	3065205	3065291
24631	3065366	3065518
24632	3065653	3065742
24633	3065823	3065887
24634	3065949	3066051
24635	3066106	3066116
24636	3066189	3066283
24637	3066367	3066407
24638	3066511	3066591
24639	3066706	3066732
24640	3066754	3066819
24641	3066875	3066925
24642	3067011	3067113
24643	3067176	3067244
24644	3067276	3067322
24645	3067345	3067371
24646	3067411	3067513
24647	3067553	3067634
24648	3067710	3067834
24649	3067876	3067963
24650	3068007	3068102
24651	3068136	3068193
24652	3068214	3068269
24653	3068371	3068389
24654	3068446	3068466
24655	3068530	3068541
24656	3068589	3068663
24657	3068695	3068696
24658	3068748	3068844
24659	3068867	3068897
24660	3068960	3068996
24661	3069088	3069151
24662	3069187	3069249
24663	3069306	3069314
24664	3069345	3069458
24665	3069530	3069565
24666	3069609	3069626
24667	3069646	3069778
24668	3069828	3069861
24669	3069967	3070038
24670	3070097	3070159
24671	3070231	3070339
24672	3070386	3070472
24673	3070497	3070511
24674	3070580	3070648
24675	3070748	3070801
24676	3070856	3070969
24677	3071028	3071111
24678	3071135	3071178
24679	3071246	3071330
24680	3071349	3071500
24681	3071514	3071592
24682	3071637	3071711
24683	3071766	3071822
24684	3071892	3071955
24685	3072059	3072175
24686	3072294	3072340
24687	3072380	3072478
24688	3072496	3072597
24689	3072663	3072708
24690	3072761	3072856
24691	3072969	3073072
24692	3073186	3073257
24693	3073362	3073459
24694	3073517	3073591
24695	3073678	3073739
24696	3073833	3073860
24697	3073899	3073946
24698	3074027	3074102
24699	3074156	3074191
24700	3074203	3074274
24701	3074387	3074439
24702	3074451	3074485
24703	3074569	3074613
24704	3074674	3074810
24705	3074904	3074935
24706	3074993	3075075
24707	3075166	3075301
24708	3075342	3075483
24709	3075510	3075599
24710	3075673	3075735
24711	3075861	3075897
24712	3075929	3076070
24713	3076165	3076225
24714	3076313	3076331
24715	3076370	3076397
24716	3076487	3076594
24717	3076618	3076628
24718	3076686	3076736
24719	3076807	3076842
24720	3076915	3077062
24721	3077079	3077154
24722	3077236	3077314
24723	3077357	3077390
24724	3077469	3077535
24725	3077568	3077641
24726	3077693	3077731
24727	3077782	3077848
24728	3077876	3077937
24729	3077973	3078021
24730	3078081	3078158
24731	3078189	3078238
24732	3078301	3078420
24733	3078432	3078501
24734	3078592	3078636
24735	3078666	3078712
24736	3078817	3078908
24737	3078955	3079040
24738	3079085	3079177
24739	3079255	3079372
24740	3079383	3079417
24741	3079466	3079557
24742	3079661	3079668
24743	3079715	3079795
24744	3079874	3079935
24745	3079967	3079983
24746	3080021	3080036
24747	3080047	3080083
24748	3080165	3080247
24749	3080286	3080375
24750	3080460	3080568
24751	3080598	3080637
24752	3080709	3080721
24753	3080794	3080815
24754	3080884	3080945
24755	3080995	3081046
24756	3081086	3081151
24757	3081225	3081305
24758	3081440	3081514
24759	3081580	3081614
24760	3081702	3081799
24761	3081845	3081868
24762	3081940	3081990
24763	3082081	3082150
24764	3082173	3082226
24765	3082274	3082375
24766	3082426	3082447
24767	3082537	3082626
24768	3082637	3082677
24769	3082732	3082800
24770	3082833	3082868
24771	3082960	3083011
24772	3083108	3083131
24773	3083189	3083219
24774	3083253	3083340
24775	3083431	3083488
24776	3083575	3083740
24777	3083753	3083802
24778	3083900	3083972
24779	3084025	3084090
24780	3084203	3084229
24781	3084332	3084350
24782	3084405	3084433
24783	3084464	3084507
24784	3084595	3084639
24785	3084678	3084722
24786	3084818	3084913
24787	3084960	3084983
24788	3085005	3085079
24789	3085252	3085311
24790	3085394	3085423
24791	3085466	3085559
24792	3085645	3085742
24793	3085803	3085863
24794	3085936	3086039
24795	3086078	3086159
24796	3086201	3086303
24797	3086395	3086500
24798	3086584	3086644
24799	3086708	3086737
24800	3086773	3086809
24801	3086875	3086919
24802	3086964	3087070
24803	3087132	3087195
24804	3087256	3087320
24805	3087361	3087391
24806	3087493	3087565
24807	3087608	3087617
24808	3087681	3087770
24809	3087806	3087861
24810	3087913	3087962
24811	3088021	3088028
24812	3088130	3088180
24813	3088204	3088233
24814	3088355	3088399
24815	3088448	3088521
24816	3088586	3088627
24817	3088653	3088700
24818	3088746	3088774
24819	3088885	3088940
24820	3089054	3089114
24821	3089192	3089269
24822	3089284	3089376
24823	3089386	3089428
24824	3089465	3089561
24825	3089619	3089655
24826	3089672	3089763
24827	3089820	3089861
24828	3089890	3089985
24829	3090078	3090158
24830	3090185	3090258
24831	3090268	3090359
24832	3090431	3090529
24833	3090625	3090645
24834	3090732	3090751
24835	3090819	3090902
24836	3090941	3091006
24837	3091025	3091079
24838	3091135	3091149
24839	3091186	3091210
24840	3091260	3091408
24841	3091472	3091562
24842	3091651	3091672
24843	3091774	3091842
24844	3091920	3091980
24845	3092093	3092142
24846	3092189	3092209
24847	3092281	3092398
24848	3092489	3092573
24849	3092591	3092660
24850	3092709	3092779
24851	3092827	3092851
24852	3092882	3092927
24853	3093012	3093122
24854	3093192	3093255
24855	3093276	3093373
24856	3093459	3093503
24857	3093536	3093648
24858	3093664	3093734
24859	3093757	3093821
24860	3093907	3093960
24861	3093977	3093994
24862	3094051	3094129
24863	3094215	3094225
24864	3094274	3094422
24865	3094548	3094616
24866	3094628	3094695
24867	3094757	3094774
24868	3094799	3094865
24869	3094915	3094966
24870	3095030	3095105
24871	3095138	3095226
24872	3095244	3095304
24873	3095343	3095376
24874	3095474	3095511
24875	3095579	3095669
24876	3095699	3095721
24877	3095813	3095886
24878	3095989	3096001
24879	3096033	3096151
24880	3096277	3096348
24881	3096355	3096387
24882	3096430	3096474
24883	3096526	3096559
24884	3096607	3096661
24885	3096720	3096738
24886	3096804	3096908
24887	3096965	3097056
24888	3097101	3097201
24889	3097265	3097362
24890	3097387	3097497
24891	3097535	3097604
24892	3097630	3097659
24893	3097791	3097865
24894	3097905	3097924
24895	3097952	3097977
24896	3098026	3098101
24897	3098177	3098238
24898	3098292	3098344
24899	3098420	3098481
24900	3098549	3098619
24901	3098631	3098743
24902	3098798	3098814
24903	3098845	3098935
24904	3098965	3099041
24905	3099087	3099127
24906	3099135	3099231
24907	3099249	3099308
24908	3099336	3099358
24909	3099467	3099554
24910	3099594	3099723
24911	3099844	3099864
24912	3099875	3099939
24913	3099951	3099958
24914	3100051	3100098
24915	3100216	3100327
24916	3100389	3100465
24917	3100488	3100533
24918	3100629	3100641
24919	3100690	3100746
24920	3100776	3100824
24921	3100846	3100951
24922	3101054	3101078
24923	3101132	3101205
24924	3101304	3101390
24925	3101453	3101527
24926	3101565	3101600
24927	3101688	3101763
24928	3101845	3101939
24929	3102018	3102052
24930	3102097	3102110
24931	3102241	3102328
24932	3102432	3102508
24933	3102570	3102606
24934	3102667	3102789
24935	3102850	3102987
24936	3103032	3103054
24937	3103087	3103093
24938	3103163	3103282
24939	3103336	3103384
24940	3103500	3103516
24941	3103541	3103602
24942	3103622	3103640
24943	3103674	3103753
24944	3103766	3103864
24945	3103901	3104008
24946	3104058	3104191
24947	3104292	3104376
24948	3104459	3104516
24949	3104619	3104637
24950	3104672	3104737
24951	3104826	3104923
24952	3104978	3104988
24953	3105044	3105064
24954	3105145	3105263
24955	3105372	3105462
24956	3105530	3105577
24957	3105662	3105693
24958	3105752	3105762
24959	3105874	3105970
24960	3106068	3106128
24961	3106255	3106334
24962	3106396	3106403
24963	3106481	3106519
24964	3106590	3106637
24965	3106728	3106809
24966	3106872	3106907
24967	3106911	3106980
24968	3107010	3107063
24969	3107112	3107138
24970	3107202	3107244
24971	3107378	3107435
24972	3107482	3107501
24973	3107527	3107561
24974	3107621	3107631
24975	3107685	3107719
24976	3107816	3107829
24977	3107867	3107966
24978	3108015	3108101
24979	3108163	3108286
24980	3108366	3108378
24981	3108428	3108547
24982	3108586	3108647
24983	3108708	3108750
24984	3108815	3108910
24985	3108933	3109017
24986	3109104	3109184
24987	3109278	3109310
24988	3109354	3109405
24989	3109486	3109561
24990	3109622	3109703
24991	3109733	3109764
24992	3109783	3109906
24993	3110017	3110113
24994	3110162	3110203
24995	3110255	3110298
24996	3110367	3110444
24997	3110536	3110627
24998	3110643	3110771
24999	3110866	3110956
25000	3111038	3111148
25001	3111175	3111201
25002	3111261	3111279
25003	3111343	3111395
25004	3111478	3111548
25005	3111589	3111600
25006	3111617	3111669
25007	3111695	3111781
25008	3111914	3111959
25009	3112036	3112107
25010	3112135	3112180
25011	3112224	3112289
25012	3112323	3112390
25013	3112471	3112541
25014	3112578	3112619
25015	3112758	3112823
25016	3112933	3113013
25017	3113039	3113106
25018	3113159	3113176
25019	3113280	3113333
25020	3113392	3113424
25021	3113517	3113590
25022	3113648	3113715
25023	3113745	3113760
25024	3113837	3113873
25025	3113889	3113967
25026	3114036	3114058
25027	3114139	3114240
25028	3114300	3114308
25029	3114326	3114405
25030	3114475	3114522
25031	3114556	3114663
25032	3114686	3114794
25033	3114858	3114911
25034	3114960	3115038
25035	3115169	3115330
25036	3115357	3115420
25037	3115433	3115469
25038	3115515	3115610
25039	3115667	3115748
25040	3115754	3115822
25041	3115835	3115894
25042	3115941	3116001
25043	3116087	3116167
25044	3116259	3116291
25045	3116375	3116386
25046	3116456	3116476
25047	3116505	3116590
25048	3116652	3116714
25049	3116748	3116843
25050	3116877	3116915
25051	3116971	3116984
25052	3117104	3117112
25053	3117126	3117191
25054	3117205	3117277
25055	3117343	3117453
25056	3117495	3117585
25057	3117671	3117686
25058	3117723	3117763
25059	3117804	3117876
25060	3117911	3117972
25061	3118031	3118126
25062	3118207	3118228
25063	3118342	3118388
25064	3118459	3118498
25065	3118607	3118671
25066	3118704	3118765
25067	3118835	3118857
25068	3118960	3118990
25069	3119043	3119163
25070	3119254	3119365
25071	3119399	3119413
25072	3119425	3119533
25073	3119580	3119646
25074	3119740	3119789
25075	3119809	3119920
25076	3119971	3120029
25077	3120051	3120116
25078	3120134	3120202
25079	3120316	3120413
25080	3120433	3120501
25081	3120537	3120639
25082	3120696	3120729
25083	3120792	3120806
25084	3120898	3120989
25085	3121048	3121101
25086	3121150	3121200
25087	3121284	3121303
25088	3121399	3121489
25089	3121594	3121651
25090	3121697	3121729
25091	3121775	3121880
25092	3121935	3122083
25093	3122103	3122200
25094	3122333	3122339
25095	3122371	3122399
25096	3122420	3122489
25097	3122543	3122577
25098	3122634	3122734
25099	3122766	3122824
25100	3122874	3122920
25101	3122938	3122979
25102	3123006	3123030
25103	3123131	3123221
25104	3123357	3123403
25105	3123465	3123553
25106	3123606	3123663
25107	3123730	3123744
25108	3123808	3123825
25109	3123840	3123918
25110	3123988	3124010
25111	3124035	3124059
25112	3124108	3124134
25113	3124237	3124254
25114	3124325	3124354
25115	3124428	3124516
25116	3124564	3124621
25117	3124658	3124744
25118	3124816	3124954
25119	3125003	3125075
25120	3125175	3125196
25121	3125281	3125314
25122	3125353	3125376
25123	3125453	3125487
25124	3125551	3125652
25125	3125665	3125732
25126	3125819	3125854
25127	3125880	3125947
25128	3125958	3126059
25129	3126131	3126194
25130	3126254	3126339
25131	3126374	3126392
25132	3126487	3126520
25133	3126593	3126649
25134	3126714	3126769
25135	3126831	3126947
25136	3126970	3127022
25137	3127043	3127124
25138	3127158	3127219
25139	3127259	3127276
25140	3127319	3127359
25141	3127401	3127436
25142	3127507	3127548
25143	3127600	3127643
25144	3127701	3127740
25145	3127754	3127776
25146	3127827	3127919
25147	3128060	3128108
25148	3128210	3128271
25149	3128303	3128344
25150	3128421	3128535
25151	3128579	3128659
25152	3128698	3128757
25153	3128838	3128869
25154	3128880	3128995
25155	3129003	3129066
25156	3129141	3129192
25157	3129321	3129434
25158	3129501	3129537
25159	3129596	3129609
25160	3129662	3129704
25161	3129778	3129856
25162	3129953	3130087
25163	3130167	3130176
25164	3130229	3130265
25165	3130279	3130382
25166	3130475	3130542
25167	3130633	3130699
25168	3130736	3130776
25169	3130872	3130895
25170	3131006	3131050
25171	3131112	3131154
25172	3131213	3131261
25173	3131364	3131445
25174	3131487	3131663
25175	3131738	3131789
25176	3131899	3131963
25177	3131987	3131989
25178	3132091	3132169
25179	3132251	3132289
25180	3132334	3132404
25181	3132493	3132520
25182	3132563	3132656
25183	3132742	3132858
25184	3132883	3132953
25185	3133055	3133095
25186	3133169	3133228
25187	3133330	3133379
25188	3133455	3133516
25189	3133537	3133621
25190	3133744	3133805
25191	3133899	3133914
25192	3133949	3133970
25193	3133988	3134077
25194	3134124	3134125
25195	3134186	3134220
25196	3134361	3134428
25197	3134499	3134530
25198	3134579	3134632
25199	3134676	3134710
25200	3134747	3134883
25201	3134940	3134952
25202	3134981	3135035
25203	3135136	3135207
25204	3135312	3135376
25205	3135481	3135508
25206	3135604	3135651
25207	3135751	3135846
25208	3135967	3135995
25209	3136112	3136182
25210	3136201	3136215
25211	3136323	3136348
25212	3136472	3136526
25213	3136595	3136630
25214	3136654	3136684
25215	3136732	3136773
25216	3136788	3136845
25217	3136950	3137018
25218	3137035	3137068
25219	3137105	3137161
25220	3137191	3137222
25221	3137332	3137401
25222	3137507	3137545
25223	3137582	3137623
25224	3137702	3137772
25225	3137798	3137840
25226	3137954	3138018
25227	3138064	3138097
25228	3138170	3138198
25229	3138241	3138328
25230	3138394	3138508
25231	3138516	3138586
25232	3138651	3138753
25233	3138769	3138793
25234	3138870	3138964
25235	3139066	3139117
25236	3139197	3139330
25237	3139379	3139443
25238	3139474	3139551
25239	3139582	3139598
25240	3139616	3139652
25241	3139730	3139775
25242	3139813	3139940
25243	3139976	3139997
25244	3140112	3140187
25245	3140272	3140326
25246	3140394	3140437
25247	3140516	3140569
25248	3140619	3140646
25249	3140753	3140828
25250	3140890	3140961
25251	3141016	3141093
25252	3141113	3141136
25253	3141158	3141254
25254	3141289	3141341
25255	3141378	3141394
25256	3141408	3141452
25257	3141466	3141551
25258	3141578	3141634
25259	3141706	3141810
25260	3141870	3141913
25261	3141942	3142086
25262	3142157	3142270
25263	3142332	3142343
25264	3142414	3142467
25265	3142526	3142544
25266	3142670	3142700
25267	3142729	3142761
25268	3142813	3142840
25269	3142957	3143026
25270	3143094	3143201
25271	3143297	3143386
25272	3143419	3143470
25273	3143557	3143647
25274	3143698	3143789
25275	3143842	3143898
25276	3143964	3144042
25277	3144104	3144170
25278	3144234	3144300
25279	3144415	3144520
25280	3144574	3144718
25281	3144815	3144888
25282	3144942	3145034
25283	3145157	3145256
25284	3145359	3145402
25285	3145488	3145611
25286	3145630	3145671
25287	3145711	3145798
25288	3145835	3145883
25289	3145901	3145975
25290	3146045	3146119
25291	3146130	3146198
25292	3146241	3146306
25293	3146340	3146419
25294	3146476	3146602
25295	3146690	3146758
25296	3146773	3146840
25297	3146980	3147009
25298	3147092	3147164
25299	3147177	3147205
25300	3147275	3147354
25301	3147404	3147446
25302	3147549	3147605
25303	3147707	3147817
25304	3147851	3147924
25305	3148026	3148092
25306	3148228	3148284
25307	3148366	3148405
25308	3148505	3148515
25309	3148624	3148658
25310	3148719	3148785
25311	3148808	3148865
25312	3148975	3149063
25313	3149130	3149177
25314	3149195	3149251
25315	3149286	3149329
25316	3149367	3149387
25317	3149411	3149546
25318	3149604	3149702
25319	3149730	3149813
25320	3149896	3149969
25321	3150039	3150095
25322	3150131	3150193
25323	3150233	3150283
25324	3150295	3150343
25325	3150365	3150403
25326	3150479	3150510
25327	3150557	3150575
25328	3150590	3150631
25329	3150658	3150680
25330	3150719	3150794
25331	3150938	3151044
25332	3151093	3151208
25333	3151248	3151299
25334	3151340	3151371
25335	3151463	3151491
25336	3151571	3151581
25337	3151733	3151794
25338	3151875	3151931
25339	3152012	3152080
25340	3152103	3152116
25341	3152129	3152169
25342	3152242	3152325
25343	3152332	3152388
25344	3152415	3152475
25345	3152506	3152572
25346	3152640	3152681
25347	3152767	3152815
25348	3152876	3152943
25349	3152986	3153100
25350	3153177	3153326
25351	3153362	3153471
25352	3153477	3153500
25353	3153574	3153641
25354	3153689	3153709
25355	3153824	3153940
25356	3153988	3154085
25357	3154111	3154170
25358	3154215	3154258
25359	3154270	3154380
25360	3154494	3154560
25361	3154602	3154635
25362	3154699	3154725
25363	3154807	3154903
25364	3154945	3154980
25365	3154994	3155013
25366	3155117	3155125
25367	3155207	3155346
25368	3155414	3155518
25369	3155586	3155671
25370	3155708	3155748
25371	3155858	3155995
25372	3156028	3156120
25373	3156185	3156262
25374	3156332	3156398
25375	3156431	3156443
25376	3156478	3156539
25377	3156599	3156661
25378	3156754	3156817
25379	3156962	3157003
25380	3157060	3157169
25381	3157247	3157343
25382	3157409	3157487
25383	3157520	3157580
25384	3157641	3157673
25385	3157766	3157819
25386	3157820	3157877
25387	3157976	3158010
25388	3158107	3158195
25389	3158262	3158342
25390	3158372	3158468
25391	3158488	3158619
25392	3158735	3158771
25393	3158802	3158868
25394	3158937	3158975
25395	3158994	3159060
25396	3159101	3159111
25397	3159155	3159202
25398	3159279	3159364
25399	3159419	3159462
25400	3159502	3159509
25401	3159577	3159628
25402	3159650	3159728
25403	3159793	3159836
25404	3159891	3160035
25405	3160100	3160180
25406	3160216	3160253
25407	3160351	3160375
25408	3160418	3160452
25409	3160508	3160590
25410	3160676	3160766
25411	3160807	3160865
25412	3160931	3161006
25413	3161054	3161074
25414	3161116	3161143
25415	3161175	3161236
25416	3161337	3161365
25417	3161391	3161445
25418	3161455	3161557
25419	3161571	3161617
25420	3161687	3161718
25421	3161819	3161935
25422	3161997	3162015
25423	3162138	3162215
25424	3162271	3162313
25425	3162356	3162443
25426	3162487	3162512
25427	3162617	3162707
25428	3162812	3162850
25429	3162904	3162945
25430	3163003	3163064
25431	3163141	3163241
25432	3163264	3163297
25433	3163353	3163412
25434	3163494	3163548
25435	3163627	3163674
25436	3163685	3163703
25437	3163721	3163787
25438	3163830	3163922
25439	3163987	3164000
25440	3164115	3164174
25441	3164269	3164277
25442	3164349	3164370
25443	3164417	3164435
25444	3164505	3164564
25445	3164652	3164666
25446	3164734	3164821
25447	3164920	3164981
25448	3165049	3165169
25449	3165224	3165235
25450	3165333	3165459
25451	3165558	3165625
25452	3165722	3165773
25453	3165821	3165912
25454	3165959	3165969
25455	3165988	3166076
25456	3166184	3166197
25457	3166253	3166322
25458	3166420	3166452
25459	3166528	3166548
25460	3166592	3166621
25461	3166714	3166731
25462	3166789	3166799
25463	3166834	3166928
25464	3167011	3167049
25465	3167150	3167177
25466	3167244	3167320
25467	3167450	3167512
25468	3167533	3167560
25469	3167670	3167686
25470	3167770	3167839
25471	3167940	3168005
25472	3168129	3168195
25473	3168261	3168267
25474	3168319	3168419
25475	3168450	3168573
25476	3168620	3168714
25477	3168796	3168907
25478	3168988	3169009
25479	3169018	3169129
25480	3169138	3169302
25481	3169334	3169375
25482	3169452	3169516
25483	3169534	3169577
25484	3169632	3169675
25485	3169750	3169782
25486	3169800	3169985
25487	3170103	3170129
25488	3170196	3170288
25489	3170421	3170465
25490	3170475	3170525
25491	3170567	3170657
25492	3170766	3170793
25493	3170847	3170912
25494	3170960	3171026
25495	3171084	3171127
25496	3171170	3171246
25497	3171357	3171435
25498	3171486	3171579
25499	3171712	3171733
25500	3171807	3171824
25501	3171922	3171976
25502	3171985	3172027
25503	3172122	3172248
25504	3172261	3172360
25505	3172400	3172495
25506	3172563	3172626
25507	3172702	3172844
25508	3172904	3172960
25509	3173019	3173105
25510	3173217	3173311
25511	3173328	3173371
25512	3173446	3173511
25513	3173576	3173710
25514	3173751	3173841
25515	3173915	3173989
25516	3174071	3174084
25517	3174112	3174159
25518	3174245	3174272
25519	3174298	3174357
25520	3174490	3174537
25521	3174593	3174622
25522	3174654	3174705
25523	3174774	3174830
25524	3174898	3174935
25525	3174949	3174997
25526	3175114	3175168
25527	3175240	3175264
25528	3175371	3175418
25529	3175490	3175524
25530	3175534	3175608
25531	3175653	3175716
25532	3175783	3175920
25533	3175951	3176100
25534	3176127	3176155
25535	3176173	3176262
25536	3176386	3176433
25537	3176481	3176501
25538	3176569	3176695
25539	3176834	3176906
25540	3176967	3177092
25541	3177232	3177270
25542	3177337	3177424
25543	3177579	3177726
25544	3177756	3177883
25545	3177967	3178084
25546	3178138	3178204
25547	3178258	3178342
25548	3178392	3178528
25549	3178601	3178654
25550	3178739	3178818
25551	3178907	3179026
25552	3179042	3179094
25553	3179151	3179213
25554	3179258	3179350
25555	3179479	3179538
25556	3179671	3179717
25557	3179759	3179878
25558	3179905	3179986
25559	3180041	3180049
25560	3180092	3180130
25561	3180140	3180278
25562	3180300	3180377
25563	3180442	3180501
25564	3180573	3180713
25565	3180741	3180885
25566	3180930	3180953
25567	3180996	3181118
25568	3181182	3181341
25569	3181424	3181509
25570	3181662	3181698
25571	3181766	3181800
25572	3181874	3181950
25573	3181966	3182016
25574	3182055	3182151
25575	3182229	3182315
25576	3182355	3182437
25577	3182509	3182510
25578	3182589	3182640
25579	3182654	3182698
25580	3182814	3182887
25581	3182932	3183010
25582	3183086	3183113
25583	3183184	3183299
25584	3183319	3183394
25585	3183442	3183589
25586	3183660	3183763
25587	3183855	3183971
25588	3184004	3184062
25589	3184140	3184182
25590	3184295	3184404
25591	3184482	3184501
25592	3184528	3184608
25593	3184656	3184767
25594	3184781	3184931
25595	3184996	3185031
25596	3185121	3185178
25597	3185233	3185273
25598	3185319	3185343
25599	3185390	3185431
25600	3185490	3185564
25601	3185598	3185665
25602	3185718	3185751
25603	3185837	3185881
25604	3185926	3186039
25605	3186095	3186150
25606	3186227	3186334
25607	3186465	3186528
25608	3186652	3186715
25609	3186728	3186748
25610	3186817	3186894
25611	3186969	3187012
25612	3187081	3187168
25613	3187264	3187354
25614	3187431	3187473
25615	3187489	3187615
25616	3187673	3187731
25617	3187750	3187840
25618	3187884	3187915
25619	3188016	3188121
25620	3188209	3188317
25621	3188386	3188435
25622	3188516	3188546
25623	3188670	3188707
25624	3188768	3188842
25625	3188868	3188954
25626	3189064	3189085
25627	3189098	3189131
25628	3189258	3189280
25629	3189315	3189379
25630	3189483	3189587
25631	3189700	3189776
25632	3189808	3189907
25633	3189924	3189990
25634	3190042	3190094
25635	3190179	3190203
25636	3190315	3190338
25637	3190346	3190468
25638	3190560	3190634
25639	3190704	3190830
25640	3190892	3190922
25641	3191002	3191026
25642	3191086	3191149
25643	3191177	3191189
25644	3191215	3191293
25645	3191314	3191402
25646	3191462	3191543
25647	3191572	3191652
25648	3191661	3191685
25649	3191766	3191881
25650	3191965	3192052
25651	3192114	3192127
25652	3192204	3192215
25653	3192243	3192313
25654	3192437	3192460
25655	3192506	3192553
25656	3192646	3192784
25657	3192842	3192887
25658	3192933	3193051
25659	3193110	3193178
25660	3193222	3193275
25661	3193421	3193475
25662	3193545	3193583
25663	3193629	3193712
25664	3193744	3193808
25665	3193963	3194000
25666	3194027	3194102
25667	3194141	3194235
25668	3194356	3194452
25669	3194471	3194566
25670	3194597	3194652
25671	3194687	3194771
25672	3194854	3194887
25673	3194913	3194976
25674	3195024	3195116
25675	3195196	3195226
25676	3195338	3195386
25677	3195497	3195587
25678	3195642	3195686
25679	3195697	3195811
25680	3195893	3195908
25681	3195984	3196049
25682	3196097	3196163
25683	3196238	3196312
25684	3196359	3196462
25685	3196486	3196527
25686	3196595	3196633
25687	3196668	3196803
25688	3196937	3197030
25689	3197054	3197069
25690	3197092	3197145
25691	3197216	3197336
25692	3197377	3197487
25693	3197540	3197585
25694	3197678	3197714
25695	3197834	3197950
25696	3198044	3198099
25697	3198197	3198244
25698	3198302	3198309
25699	3198384	3198490
25700	3198553	3198627
25701	3198689	3198794
25702	3198818	3198936
25703	3199025	3199050
25704	3199065	3199139
25705	3199166	3199271
25706	3199420	3199526
25707	3199539	3199638
25708	3199774	3199832
25709	3199845	3199891
25710	3199965	3200004
25711	3200032	3200072
25712	3200099	3200155
25713	3200283	3200311
25714	3200382	3200401
25715	3200445	3200478
25716	3200494	3200554
25717	3200609	3200626
25718	3200692	3200803
25719	3200831	3200865
25720	3200949	3201015
25721	3201071	3201130
25722	3201245	3201300
25723	3201334	3201449
25724	3201511	3201547
25725	3201713	3201794
25726	3201826	3201944
25727	3202049	3202144
25728	3202221	3202275
25729	3202300	3202321
25730	3202378	3202443
25731	3202506	3202529
25732	3202588	3202697
25733	3202749	3202878
25734	3202965	3203072
25735	3203119	3203217
25736	3203294	3203348
25737	3203465	3203532
25738	3203557	3203615
25739	3203668	3203807
25740	3203893	3203911
25741	3203951	3203969
25742	3203995	3204101
25743	3204175	3204254
25744	3204310	3204383
25745	3204486	3204518
25746	3204551	3204624
25747	3204695	3204751
25748	3204784	3204828
25749	3204856	3204940
25750	3204991	3205071
25751	3205171	3205263
25752	3205279	3205338
25753	3205403	3205492
25754	3205517	3205573
25755	3205661	3205691
25756	3205800	3205903
25757	3206000	3206056
25758	3206157	3206225
25759	3206257	3206324
25760	3206411	3206482
25761	3206520	3206634
25762	3206709	3206741
25763	3206783	3206878
25764	3206892	3206965
25765	3207034	3207164
25766	3207203	3207266
25767	3207292	3207340
25768	3207471	3207513
25769	3207594	3207660
25770	3207734	3207840
25771	3207892	3207980
25772	3208045	3208056
25773	3208152	3208262
25774	3208309	3208407
25775	3208447	3208481
25776	3208503	3208600
25777	3208677	3208710
25778	3208829	3208891
25779	3208968	3209087
25780	3209135	3209191
25781	3209254	3209286
25782	3209363	3209422
25783	3209453	3209497
25784	3209615	3209651
25785	3209708	3209799
25786	3209840	3209921
25787	3209932	3209991
25788	3210079	3210147
25789	3210257	3210308
25790	3210378	3210472
25791	3210628	3210703
25792	3210821	3210877
25793	3210972	3211025
25794	3211108	3211154
25795	3211232	3211300
25796	3211335	3211413
25797	3211436	3211584
25798	3211646	3211759
25799	3211771	3211853
25800	3211944	3211981
25801	3212033	3212068
25802	3212122	3212220
25803	3212352	3212426
25804	3212522	3212544
25805	3212563	3212575
25806	3212700	3212809
25807	3212911	3213012
25808	3213061	3213106
25809	3213186	3213259
25810	3213389	3213430
25811	3213478	3213486
25812	3213584	3213665
25813	3213751	3213793
25814	3213858	3213908
25815	3213915	3213953
25816	3214080	3214150
25817	3214296	3214356
25818	3214473	3214566
25819	3214686	3214733
25820	3214773	3214847
25821	3214889	3214925
25822	3214998	3215094
25823	3215182	3215223
25824	3215284	3215322
25825	3215362	3215401
25826	3215461	3215472
25827	3215523	3215534
25828	3215582	3215590
25829	3215712	3215734
25830	3215802	3215827
25831	3215905	3216010
25832	3216081	3216110
25833	3216228	3216321
25834	3216336	3216368
25835	3216390	3216440
25836	3216512	3216700
25837	3216730	3216795
25838	3216894	3216996
25839	3217037	3217170
25840	3217225	3217254
25841	3217377	3217446
25842	3217486	3217531
25843	3217619	3217687
25844	3217733	3217810
25845	3217842	3217854
25846	3217913	3218036
25847	3218155	3218177
25848	3218248	3218277
25849	3218326	3218438
25850	3218501	3218521
25851	3218582	3218613
25852	3218684	3218780
25853	3218883	3218979
25854	3218999	3219103
25855	3219117	3219165
25856	3219211	3219242
25857	3219299	3219391
25858	3219463	3219513
25859	3219630	3219662
25860	3219676	3219719
25861	3219763	3219813
25862	3219917	3219949
25863	3220038	3220121
25864	3220244	3220263
25865	3220350	3220422
25866	3220493	3220578
25867	3220620	3220646
25868	3220708	3220782
25869	3220881	3220897
25870	3220958	3220982
25871	3221022	3221055
25872	3221126	3221167
25873	3221286	3221346
25874	3221364	3221409
25875	3221433	3221450
25876	3221462	3221563
25877	3221585	3221626
25878	3221729	3221830
25879	3221840	3221931
25880	3222000	3222046
25881	3222137	3222280
25882	3222295	3222339
25883	3222417	3222517
25884	3222584	3222732
25885	3222806	3222836
25886	3222875	3222904
25887	3222994	3223059
25888	3223138	3223180
25889	3223222	3223279
25890	3223358	3223422
25891	3223508	3223600
25892	3223702	3223739
25893	3223828	3223879
25894	3223996	3224086
25895	3224121	3224143
25896	3224247	3224331
25897	3224404	3224481
25898	3224571	3224607
25899	3224627	3224672
25900	3224714	3224724
25901	3224808	3224858
25902	3224942	3224982
25903	3225033	3225151
25904	3225289	3225352
25905	3225407	3225488
25906	3225496	3225551
25907	3225650	3225687
25908	3225715	3225773
25909	3225852	3225855
25910	3225938	3225961
25911	3226067	3226106
25912	3226186	3226226
25913	3226276	3226316
25914	3226443	3226507
25915	3226561	3226583
25916	3226602	3226616
25917	3226641	3226702
25918	3226774	3226851
25919	3226884	3226925
25920	3226941	3227063
25921	3227126	3227243
25922	3227313	3227385
25923	3227422	3227488
25924	3227600	3227660
25925	3227699	3227721
25926	3227790	3227819
25927	3227864	3227954
25928	3228006	3228074
25929	3228103	3228253
25930	3228306	3228361
25931	3228437	3228473
25932	3228524	3228548
25933	3228651	3228701
25934	3228748	3228783
25935	3228834	3228918
25936	3229043	3229067
25937	3229104	3229132
25938	3229191	3229240
25939	3229321	3229331
25940	3229470	3229509
25941	3229628	3229675
25942	3229730	3229812
25943	3229833	3229849
25944	3229923	3229976
25945	3230063	3230180
25946	3230214	3230230
25947	3230288	3230329
25948	3230411	3230446
25949	3230498	3230566
25950	3230661	3230725
25951	3230746	3230760
25952	3230858	3230985
25953	3231024	3231055
25954	3231133	3231155
25955	3231196	3231258
25956	3231334	3231430
25957	3231459	3231555
25958	3231587	3231693
25959	3231721	3231861
25960	3231878	3231895
25961	3231973	3232054
25962	3232095	3232127
25963	3232212	3232262
25964	3232386	3232479
25965	3232514	3232564
25966	3232650	3232689
25967	3232801	3232885
25968	3232894	3232935
25969	3233045	3233068
25970	3233100	3233169
25971	3233263	3233410
25972	3233435	3233481
25973	3233533	3233554
25974	3233572	3233600
25975	3233762	3233816
25976	3233881	3233986
25977	3234033	3234065
25978	3234134	3234179
25979	3234274	3234347
25980	3234411	3234449
25981	3234461	3234489
25982	3234567	3234574
25983	3234671	3234780
25984	3234803	3234875
25985	3234971	3235076
25986	3235105	3235195
25987	3235225	3235258
25988	3235336	3235426
25989	3235538	3235560
25990	3235602	3235646
25991	3235702	3235774
25992	3235851	3235934
25993	3235962	3236049
25994	3236145	3236172
25995	3236233	3236290
25996	3236360	3236453
25997	3236487	3236542
25998	3236599	3236654
25999	3236689	3236759
26000	3236834	3236887
26001	3236927	3237032
26002	3237062	3237150
26003	3237229	3237301
26004	3237319	3237359
26005	3237421	3237516
26006	3237549	3237579
26007	3237645	3237752
26008	3237797	3237877
26009	3237901	3237981
26010	3238072	3238171
26011	3238222	3238275
26012	3238312	3238326
26013	3238333	3238415
26014	3238444	3238469
26015	3238543	3238589
26016	3238624	3238653
26017	3238765	3238793
26018	3238848	3238862
26019	3238943	3238985
26020	3239036	3239146
26021	3239266	3239380
26022	3239435	3239466
26023	3239515	3239571
26024	3239644	3239743
26025	3239789	3239848
26026	3239861	3239897
26027	3239927	3240009
26028	3240100	3240126
26029	3240249	3240357
26030	3240416	3240448
26031	3240462	3240530
26032	3240631	3240752
26033	3240797	3240847
26034	3240903	3240995
26035	3241059	3241082
26036	3241132	3241237
26037	3241275	3241350
26038	3241389	3241442
26039	3241488	3241585
26040	3241644	3241650
26041	3241723	3241828
26042	3241923	3241991
26043	3242062	3242142
26044	3242189	3242294
26045	3242347	3242496
26046	3242526	3242567
26047	3242626	3242674
26048	3242751	3242837
26049	3242957	3243029
26050	3243113	3243249
26051	3243344	3243397
26052	3243450	3243466
26053	3243570	3243633
26054	3243706	3243794
26055	3243813	3243824
26056	3243946	3243974
26057	3244016	3244049
26058	3244140	3244181
26059	3244299	3244383
26060	3244461	3244599
26061	3244681	3244836
26062	3244854	3244915
26063	3244990	3245127
26064	3245212	3245325
26065	3245413	3245454
26066	3245478	3245547
26067	3245560	3245627
26068	3245739	3245770
26069	3245814	3245820
26070	3245886	3245938
26071	3246013	3246031
26072	3246147	3246159
26073	3246211	3246282
26074	3246297	3246358
26075	3246424	3246474
26076	3246502	3246543
26077	3246607	3246661
26078	3246789	3246859
26079	3246923	3246943
26080	3246957	3247027
26081	3247108	3247166
26082	3247268	3247360
26083	3247393	3247433
26084	3247487	3247528
26085	3247575	3247675
26086	3247778	3247872
26087	3247884	3247926
26088	3248031	3248065
26089	3248159	3248221
26090	3248264	3248313
26091	3248349	3248479
26092	3248538	3248557
26093	3248610	3248694
26094	3248734	3248836
26095	3248927	3248951
26096	3249030	3249110
26097	3249142	3249186
26098	3249253	3249345
26099	3249438	3249510
26100	3249586	3249648
26101	3249695	3249756
26102	3249839	3249879
26103	3249956	3249970
26104	3250008	3250037
26105	3250073	3250173
26106	3250243	3250273
26107	3250339	3250414
26108	3250429	3250489
26109	3250512	3250576
26110	3250668	3250714
26111	3250737	3250821
26112	3250938	3251052
26113	3251097	3251252
26114	3251279	3251344
26115	3251366	3251472
26116	3251590	3251660
26117	3251744	3251828
26118	3251834	3251851
26119	3251857	3251934
26120	3251999	3252074
26121	3252143	3252220
26122	3252230	3252261
26123	3252347	3252398
26124	3252441	3252510
26125	3252537	3252652
26126	3252779	3252813
26127	3252887	3252927
26128	3252985	3253038
26129	3253078	3253161
26130	3253225	3253323
26131	3253383	3253498
26132	3253506	3253557
26133	3253606	3253631
26134	3253650	3253738
26135	3253767	3253821
26136	3253866	3253887
26137	3253910	3253984
26138	3254038	3254073
26139	3254082	3254114
26140	3254156	3254265
26141	3254313	3254369
26142	3254486	3254498
26143	3254505	3254573
26144	3254616	3254660
26145	3254757	3254788
26146	3254843	3254866
26147	3254922	3254979
26148	3255042	3255155
26149	3255253	3255269
26150	3255352	3255436
26151	3255503	3255548
26152	3255649	3255743
26153	3255822	3255892
26154	3255927	3256032
26155	3256054	3256114
26156	3256226	3256244
26157	3256252	3256372
26158	3256444	3256544
26159	3256591	3256620
26160	3256683	3256718
26161	3256738	3256789
26162	3256861	3256882
26163	3256995	3257058
26164	3257092	3257141
26165	3257208	3257231
26166	3257288	3257362
26167	3257507	3257547
26168	3257608	3257648
26169	3257690	3257761
26170	3257828	3257891
26171	3257897	3258048
26172	3258120	3258159
26173	3258266	3258317
26174	3258325	3258356
26175	3258383	3258447
26176	3258503	3258664
26177	3258709	3258766
26178	3258786	3258888
26179	3258931	3258966
26180	3259018	3259074
26181	3259194	3259348
26182	3259410	3259481
26183	3259534	3259560
26184	3259596	3259668
26185	3259770	3259827
26186	3259910	3259992
26187	3260031	3260140
26188	3260249	3260259
26189	3260363	3260400
26190	3260436	3260486
26191	3260528	3260542
26192	3260574	3260632
26193	3260665	3260712
26194	3260754	3260849
26195	3260929	3261030
26196	3261149	3261182
26197	3261264	3261316
26198	3261401	3261515
26199	3261589	3261599
26200	3261665	3261715
26201	3261763	3261818
26202	3261905	3261968
26203	3262052	3262118
26204	3262202	3262236
26205	3262301	3262347
26206	3262411	3262508
26207	3262580	3262652
26208	3262776	3262839
26209	3262869	3262915
26210	3262982	3262992
26211	3263070	3263101
26212	3263170	3263207
26213	3263272	3263374
26214	3263426	3263529
26215	3263596	3263675
26216	3263676	3263715
26217	3263795	3263897
26218	3263965	3264068
26219	3264192	3264245
26220	3264302	3264352
26221	3264412	3264505
26222	3264591	3264679
26223	3264737	3264790
26224	3264849	3264930
26225	3264993	3265032
26226	3265087	3265103
26227	3265151	3265163
26228	3265251	3265331
26229	3265370	3265436
26230	3265510	3265624
26231	3265709	3265777
26232	3265813	3265909
26233	3265958	3266050
26234	3266081	3266089
26235	3266152	3266223
26236	3266250	3266270
26237	3266293	3266313
26238	3266338	3266364
26239	3266402	3266460
26240	3266509	3266555
26241	3266567	3266647
26242	3266747	3266758
26243	3266864	3266865
26244	3266934	3266978
26245	3267057	3267129
26246	3267203	3267248
26247	3267320	3267472
26248	3267493	3267552
26249	3267572	3267627
26250	3267667	3267719
26251	3267740	3267835
26252	3267900	3268023
26253	3268124	3268208
26254	3268222	3268344
26255	3268399	3268434
26256	3268457	3268503
26257	3268525	3268554
26258	3268597	3268700
26259	3268772	3268834
26260	3268848	3268918
26261	3268964	3268970
26262	3269077	3269124
26263	3269168	3269185
26264	3269224	3269261
26265	3269288	3269328
26266	3269419	3269528
26267	3269613	3269722
26268	3269777	3269880
26269	3269918	3270006
26270	3270059	3270129
26271	3270180	3270290
26272	3270303	3270353
26273	3270415	3270532
26274	3270588	3270601
26275	3270695	3270799
26276	3270883	3270922
26277	3270953	3271041
26278	3271145	3271256
26279	3271309	3271315
26280	3271425	3271495
26281	3271537	3271581
26282	3271678	3271720
26283	3271779	3271849
26284	3271878	3271960
26285	3272016	3272134
26286	3272196	3272273
26287	3272364	3272377
26288	3272422	3272435
26289	3272508	3272537
26290	3272620	3272684
26291	3272778	3272846
26292	3272883	3272994
26293	3273083	3273165
26294	3273226	3273267
26295	3273393	3273503
26296	3273525	3273609
26297	3273630	3273646
26298	3273712	3273761
26299	3273851	3273857
26300	3273959	3274043
26301	3274105	3274114
26302	3274151	3274218
26303	3274327	3274348
26304	3274373	3274424
26305	3274482	3274499
26306	3274576	3274594
26307	3274669	3274810
26308	3274861	3274927
26309	3274945	3275026
26310	3275036	3275116
26311	3275124	3275229
26312	3275317	3275365
26313	3275407	3275463
26314	3275539	3275576
26315	3275591	3275716
26316	3275722	3275754
26317	3275764	3275831
26318	3275910	3275972
26319	3276013	3276069
26320	3276171	3276270
26321	3276317	3276339
26322	3276441	3276505
26323	3276559	3276631
26324	3276659	3276719
26325	3276783	3276835
26326	3276884	3276970
26327	3277024	3277076
26328	3277168	3277217
26329	3277290	3277373
26330	3277485	3277522
26331	3277606	3277656
26332	3277740	3277792
26333	3277850	3277930
26334	3278083	3278109
26335	3278217	3278303
26336	3278317	3278395
26337	3278446	3278463
26338	3278564	3278647
26339	3278746	3278811
26340	3278907	3278933
26341	3278955	3278974
26342	3279001	3279084
26343	3279192	3279215
26344	3279260	3279305
26345	3279440	3279528
26346	3279591	3279690
26347	3279768	3279815
26348	3279935	3279947
26349	3279960	3280057
26350	3280090	3280112
26351	3280147	3280169
26352	3280237	3280272
26353	3280318	3280375
26354	3280424	3280492
26355	3280527	3280607
26356	3280663	3280703
26357	3280721	3280851
26358	3280879	3280964
26359	3281028	3281066
26360	3281079	3281150
26361	3281226	3281252
26362	3281274	3281345
26363	3281364	3281416
26364	3281509	3281531
26365	3281626	3281638
26366	3281695	3281809
26367	3281887	3281965
26368	3282028	3282084
26369	3282113	3282131
26370	3282216	3282304
26371	3282326	3282390
26372	3282457	3282504
26373	3282554	3282691
26374	3282734	3282829
26375	3282857	3282916
26376	3282959	3282974
26377	3283056	3283090
26378	3283165	3283186
26379	3283268	3283304
26380	3283347	3283392
26381	3283412	3283491
26382	3283605	3283676
26383	3283716	3283768
26384	3283810	3283870
26385	3283971	3284031
26386	3284056	3284140
26387	3284151	3284229
26388	3284276	3284277
26389	3284308	3284361
26390	3284381	3284414
26391	3284424	3284482
26392	3284496	3284537
26393	3284627	3284704
26394	3284723	3284741
26395	3284756	3284801
26396	3284882	3284934
26397	3284959	3284980
26398	3285117	3285192
26399	3285250	3285322
26400	3285334	3285381
26401	3285508	3285564
26402	3285603	3285674
26403	3285733	3285828
26404	3285864	3285920
26405	3285963	3286055
26406	3286119	3286230
26407	3286365	3286390
26408	3286469	3286511
26409	3286543	3286627
26410	3286777	3286866
26411	3286999	3287056
26412	3287083	3287114
26413	3287181	3287251
26414	3287298	3287379
26415	3287437	3287577
26416	3287623	3287679
26417	3287690	3287779
26418	3287806	3287883
26419	3287938	3288043
26420	3288161	3288221
26421	3288334	3288429
26422	3288526	3288664
26423	3288702	3288759
26424	3288852	3288915
26425	3288972	3288995
26426	3289048	3289133
26427	3289221	3289324
26428	3289354	3289366
26429	3289424	3289452
26430	3289600	3289662
26431	3289720	3289756
26432	3289825	3289892
26433	3289966	3289983
26434	3290106	3290216
26435	3290261	3290278
26436	3290300	3290366
26437	3290438	3290521
26438	3290563	3290598
26439	3290625	3290703
26440	3290811	3290855
26441	3290874	3290950
26442	3290997	3291063
26443	3291125	3291168
26444	3291263	3291316
26445	3291395	3291505
26446	3291627	3291645
26447	3291736	3291804
26448	3291912	3291944
26449	3291961	3292064
26450	3292110	3292152
26451	3292196	3292262
26452	3292330	3292368
26453	3292449	3292491
26454	3292546	3292619
26455	3292739	3292812
26456	3292867	3292947
26457	3292996	3293136
26458	3293267	3293273
26459	3293300	3293430
26460	3293506	3293580
26461	3293621	3293705
26462	3293750	3293840
26463	3293859	3293879
26464	3293968	3294036
26465	3294094	3294133
26466	3294195	3294301
26467	3294342	3294362
26468	3294373	3294431
26469	3294473	3294535
26470	3294596	3294663
26471	3294723	3294733
26472	3294772	3294822
26473	3294914	3294944
26474	3294954	3295034
26475	3295071	3295120
26476	3295190	3295258
26477	3295404	3295429
26478	3295488	3295501
26479	3295583	3295616
26480	3295652	3295667
26481	3295805	3295813
26482	3295923	3295925
26483	3295938	3295970
26484	3296016	3296042
26485	3296095	3296203
26486	3296262	3296310
26487	3296331	3296344
26488	3296437	3296469
26489	3296483	3296512
26490	3296539	3296628
26491	3296665	3296705
26492	3296802	3296813
26493	3296924	3297007
26494	3297148	3297182
26495	3297282	3297300
26496	3297323	3297330
26497	3297403	3297489
26498	3297503	3297583
26499	3297616	3297672
26500	3297759	3297794
26501	3297840	3297948
26502	3298073	3298193
26503	3298247	3298299
26504	3298372	3298446
26505	3298539	3298605
26506	3298682	3298703
26507	3298832	3298853
26508	3298957	3299020
26509	3299185	3299246
26510	3299307	3299395
26511	3299463	3299505
26512	3299618	3299627
26513	3299715	3299731
26514	3299876	3299904
26515	3299978	3300109
26516	3300148	3300223
26517	3300273	3300346
26518	3300459	3300552
26519	3300667	3300692
26520	3300727	3300831
26521	3300899	3300941
26522	3300981	3301042
26523	3301086	3301208
26524	3301234	3301291
26525	3301349	3301440
26526	3301459	3301569
26527	3301715	3301791
26528	3301868	3301900
26529	3301963	3302032
26530	3302049	3302062
26531	3302094	3302140
26532	3302180	3302286
26533	3302375	3302392
26534	3302451	3302461
26535	3302547	3302602
26536	3302698	3302739
26537	3302767	3302793
26538	3302926	3302952
26539	3303042	3303139
26540	3303240	3303312
26541	3303365	3303405
26542	3303532	3303576
26543	3303615	3303684
26544	3303783	3303897
26545	3303922	3303984
26546	3304064	3304155
26547	3304175	3304190
26548	3304335	3304449
26549	3304534	3304621
26550	3304702	3304784
26551	3304878	3304892
26552	3304948	3304969
26553	3304980	3305049
26554	3305103	3305209
26555	3305247	3305292
26556	3305360	3305408
26557	3305464	3305550
26558	3305563	3305594
26559	3305646	3305706
26560	3305750	3305783
26561	3305844	3305894
26562	3305974	3306086
26563	3306196	3306296
26564	3306374	3306386
26565	3306473	3306605
26566	3306656	3306704
26567	3306804	3306866
26568	3306965	3307012
26569	3307063	3307123
26570	3307208	3307247
26571	3307409	3307489
26572	3307537	3307560
26573	3307622	3307712
26574	3307762	3307824
26575	3307837	3307910
26576	3307954	3308007
26577	3308139	3308208
26578	3308261	3308315
26579	3308379	3308466
26580	3308534	3308540
26581	3308643	3308710
26582	3308826	3308917
26583	3308952	3309012
26584	3309048	3309075
26585	3309126	3309254
26586	3309298	3309385
26587	3309473	3309498
26588	3309617	3309696
26589	3309736	3309788
26590	3309795	3309878
26591	3309924	3309988
26592	3310025	3310052
26593	3310067	3310193
26594	3310249	3310305
26595	3310380	3310499
26596	3310554	3310606
26597	3310681	3310805
26598	3310860	3310943
26599	3311047	3311172
26600	3311231	3311280
26601	3311374	3311477
26602	3311615	3311670
26603	3311732	3311834
26604	3311867	3311934
26605	3312049	3312105
26606	3312157	3312221
26607	3312251	3312339
26608	3312480	3312524
26609	3312574	3312670
26610	3312728	3312832
26611	3312915	3312978
26612	3313015	3313071
26613	3313121	3313161
26614	3313173	3313209
26615	3313280	3313311
26616	3313358	3313421
26617	3313449	3313466
26618	3313549	3313637
26619	3313672	3313716
26620	3313779	3313890
26621	3313977	3314036
26622	3314046	3314073
26623	3314116	3314150
26624	3314174	3314245
26625	3314306	3314373
26626	3314459	3314489
26627	3314619	3314662
26628	3314695	3314718
26629	3314789	3314864
26630	3314950	3315054
26631	3315126	3315137
26632	3315162	3315242
26633	3315276	3315376
26634	3315407	3315506
26635	3315531	3315610
26636	3315699	3315730
26637	3315776	3315876
26638	3315945	3316005
26639	3316038	3316143
26640	3316155	3316250
26641	3316265	3316359
26642	3316369	3316450
26643	3316544	3316582
26644	3316618	3316675
26645	3316703	3316728
26646	3316776	3316874
26647	3316905	3316938
26648	3317064	3317137
26649	3317230	3317272
26650	3317288	3317323
26651	3317368	3317442
26652	3317483	3317519
26653	3317541	3317618
26654	3317666	3317733
26655	3317823	3317860
26656	3317942	3318024
26657	3318089	3318137
26658	3318227	3318256
26659	3318278	3318295
26660	3318327	3318464
26661	3318515	3318583
26662	3318722	3318771
26663	3318789	3318883
26664	3318973	3319027
26665	3319095	3319153
26666	3319187	3319215
26667	3319325	3319410
26668	3319434	3319476
26669	3319582	3319710
26670	3319757	3319850
26671	3319906	3319946
26672	3320040	3320058
26673	3320182	3320242
26674	3320285	3320385
26675	3320425	3320482
26676	3320563	3320614
26677	3320727	3320774
26678	3320837	3320969
26679	3321052	3321081
26680	3321153	3321312
26681	3321402	3321494
26682	3321515	3321591
26683	3321673	3321709
26684	3321730	3321800
26685	3321814	3321853
26686	3321963	3321989
26687	3322057	3322130
26688	3322152	3322197
26689	3322295	3322296
26690	3322358	3322384
26691	3322437	3322539
26692	3322603	3322678
26693	3322709	3322752
26694	3322795	3322926
26695	3323036	3323108
26696	3323205	3323282
26697	3323366	3323500
26698	3323524	3323575
26699	3323624	3323690
26700	3323750	3323855
26701	3323940	3323975
26702	3324103	3324145
26703	3324163	3324251
26704	3324309	3324397
26705	3324430	3324482
26706	3324562	3324599
26707	3324622	3324672
26708	3324744	3324764
26709	3324793	3324839
26710	3324984	3325031
26711	3325139	3325202
26712	3325309	3325374
26713	3325444	3325493
26714	3325533	3325552
26715	3325575	3325618
26716	3325650	3325699
26717	3325811	3325907
26718	3325933	3325958
26719	3325982	3326038
26720	3326110	3326174
26721	3326246	3326275
26722	3326382	3326478
26723	3326547	3326616
26724	3326651	3326751
26725	3326807	3326821
26726	3326854	3326937
26727	3326949	3327043
26728	3327052	3327072
26729	3327094	3327115
26730	3327133	3327194
26731	3327272	3327404
26732	3327458	3327506
26733	3327560	3327608
26734	3327643	3327664
26735	3327823	3327830
26736	3327880	3327970
26737	3328029	3328085
26738	3328104	3328149
26739	3328162	3328210
26740	3328259	3328298
26741	3328363	3328384
26742	3328414	3328606
26743	3328620	3328711
26744	3328770	3328829
26745	3328917	3329007
26746	3329077	3329115
26747	3329162	3329263
26748	3329351	3329385
26749	3329413	3329480
26750	3329507	3329603
26751	3329665	3329690
26752	3329772	3329818
26753	3329836	3329882
26754	3329982	3330018
26755	3330083	3330147
26756	3330203	3330298
26757	3330406	3330494
26758	3330562	3330618
26759	3330685	3330786
26760	3330852	3330913
26761	3331001	3331041
26762	3331086	3331175
26763	3331208	3331333
26764	3331357	3331378
26765	3331404	3331468
26766	3331614	3331648
26767	3331722	3331836
26768	3331849	3331941
26769	3332010	3332046
26770	3332125	3332162
26771	3332235	3332267
26772	3332357	3332433
26773	3332478	3332513
26774	3332607	3332647
26775	3332689	3332736
26776	3332871	3332929
26777	3332954	3333035
26778	3333075	3333102
26779	3333209	3333304
26780	3333396	3333418
26781	3333474	3333520
26782	3333630	3333661
26783	3333679	3333744
26784	3333843	3333910
26785	3333968	3334018
26786	3334152	3334219
26787	3334262	3334338
26788	3334374	3334417
26789	3334443	3334487
26790	3334621	3334704
26791	3334742	3334793
26792	3334850	3334943
26793	3335014	3335052
26794	3335134	3335168
26795	3335281	3335327
26796	3335335	3335449
26797	3335504	3335528
26798	3335559	3335601
26799	3335642	3335652
26800	3335720	3335806
26801	3335889	3335950
26802	3335985	3336057
26803	3336166	3336228
26804	3336337	3336401
26805	3336484	3336527
26806	3336529	3336598
26807	3336647	3336704
26808	3336764	3336841
26809	3336858	3336939
26810	3336973	3337077
26811	3337092	3337192
26812	3337234	3337248
26813	3337268	3337313
26814	3337337	3337356
26815	3337416	3337486
26816	3337498	3337510
26817	3337562	3337654
26818	3337795	3337842
26819	3337893	3337965
26820	3338024	3338081
26821	3338159	3338218
26822	3338324	3338383
26823	3338437	3338523
26824	3338544	3338628
26825	3338667	3338673
26826	3338703	3338744
26827	3338781	3338907
26828	3339019	3339037
26829	3339149	3339196
26830	3339272	3339317
26831	3339355	3339364
26832	3339465	3339579
26833	3339580	3339667
26834	3339727	3339813
26835	3339896	3339927
26836	3339977	3340070
26837	3340076	3340142
26838	3340189	3340257
26839	3340263	3340336
26840	3340403	3340452
26841	3340554	3340632
26842	3340685	3340723
26843	3340809	3340847
26844	3340877	3340920
26845	3340992	3341048
26846	3341074	3341138
26847	3341229	3341350
26848	3341379	3341433
26849	3341468	3341494
26850	3341614	3341679
26851	3341741	3341770
26852	3341848	3341868
26853	3341922	3342073
26854	3342102	3342199
26855	3342206	3342217
26856	3342247	3342334
26857	3342387	3342419
26858	3342456	3342477
26859	3342544	3342621
26860	3342657	3342694
26861	3342759	3342855
26862	3342906	3342958
26863	3342990	3343076
26864	3343125	3343191
26865	3343313	3343334
26866	3343383	3343409
26867	3343552	3343571
26868	3343627	3343705
26869	3343733	3343802
26870	3343874	3343960
26871	3344010	3344127
26872	3344170	3344244
26873	3344258	3344313
26874	3344413	3344502
26875	3344539	3344590
26876	3344624	3344641
26877	3344697	3344807
26878	3344856	3344984
26879	3345009	3345024
26880	3345070	3345125
26881	3345180	3345265
26882	3345292	3345378
26883	3345477	3345574
26884	3345598	3345663
26885	3345749	3345852
26886	3345952	3346062
26887	3346092	3346182
26888	3346194	3346241
26889	3346341	3346389
26890	3346451	3346452
26891	3346501	3346541
26892	3346610	3346659
26893	3346729	3346752
26894	3346813	3346890
26895	3346919	3347021
26896	3347029	3347156
26897	3347235	3347245
26898	3347256	3347313
26899	3347442	3347526
26900	3347581	3347654
26901	3347738	3347871
26902	3347975	3348034
26903	3348189	3348261
26904	3348287	3348327
26905	3348393	3348490
26906	3348540	3348600
26907	3348697	3348715
26908	3348760	3348811
26909	3348839	3348881
26910	3348904	3348936
26911	3349083	3349162
26912	3349222	3349299
26913	3349354	3349410
26914	3349486	3349570
26915	3349648	3349672
26916	3349697	3349748
26917	3349876	3349936
26918	3349974	3350016
26919	3350051	3350092
26920	3350127	3350197
26921	3350227	3350257
26922	3350310	3350355
26923	3350383	3350425
26924	3350559	3350592
26925	3350656	3350684
26926	3350751	3350826
26927	3350925	3350938
26928	3351047	3351076
26929	3351128	3351158
26930	3351238	3351290
26931	3351390	3351434
26932	3351501	3351597
26933	3351695	3351705
26934	3351723	3351775
26935	3351831	3351858
26936	3351933	3351965
26937	3351984	3352020
26938	3352166	3352230
26939	3352236	3352250
26940	3352354	3352385
26941	3352499	3352598
26942	3352664	3352749
26943	3352814	3352907
26944	3352996	3353037
26945	3353096	3353129
26946	3353176	3353228
26947	3353260	3353273
26948	3353354	3353477
26949	3353508	3353602
26950	3353688	3353751
26951	3353830	3353920
26952	3353974	3354021
26953	3354115	3354159
26954	3354215	3354347
26955	3354376	3354474
26956	3354572	3354603
26957	3354732	3354764
26958	3354856	3354924
26959	3354999	3355124
26960	3355140	3355164
26961	3355256	3355317
26962	3355373	3355437
26963	3355461	3355474
26964	3355508	3355556
26965	3355630	3355783
26966	3355904	3356008
26967	3356071	3356180
26968	3356240	3356343
26969	3356402	3356417
26970	3356475	3356518
26971	3356624	3356769
26972	3356836	3356912
26973	3356960	3356980
26974	3357057	3357103
26975	3357183	3357282
26976	3357380	3357437
26977	3357520	3357547
26978	3357644	3357740
26979	3357769	3357848
26980	3357868	3357927
26981	3358010	3358036
26982	3358049	3358130
26983	3358221	3358266
26984	3358368	3358455
26985	3358462	3358495
26986	3358517	3358581
26987	3358647	3358704
26988	3358714	3358879
26989	3358992	3359058
26990	3359143	3359182
26991	3359322	3359341
26992	3359380	3359455
26993	3359567	3359623
26994	3359735	3359787
26995	3359866	3359872
26996	3359918	3360025
26997	3360047	3360117
26998	3360212	3360281
26999	3360360	3360449
27000	3360600	3360653
27001	3360687	3360769
27002	3360859	3360917
27003	3361012	3361023
27004	3361113	3361144
27005	3361265	3361355
27006	3361397	3361479
27007	3361520	3361559
27008	3361634	3361690
27009	3361766	3361797
27010	3361924	3361972
27011	3362019	3362067
27012	3362156	3362177
27013	3362278	3362352
27014	3362382	3362396
27015	3362520	3362563
27016	3362624	3362661
27017	3362712	3362787
27018	3362863	3362941
27019	3362985	3363024
27020	3363065	3363125
27021	3363187	3363237
27022	3363283	3363326
27023	3363375	3363424
27024	3363479	3363575
27025	3363652	3363747
27026	3363801	3363835
27027	3363931	3363942
27028	3364074	3364117
27029	3364237	3364292
27030	3364380	3364483
27031	3364504	3364639
27032	3364687	3364756
27033	3364807	3364891
27034	3364955	3364966
27035	3365004	3365038
27036	3365127	3365194
27037	3365287	3365369
27038	3365390	3365512
27039	3365540	3365654
27040	3365733	3365796
27041	3365823	3365881
27042	3365902	3365917
27043	3365940	3365988
27044	3366069	3366195
27045	3366297	3366394
27046	3366492	3366582
27047	3366672	3366711
27048	3366739	3366789
27049	3366854	3366931
27050	3366995	3367006
27051	3367042	3367173
27052	3367275	3367389
27053	3367444	3367491
27054	3367590	3367664
27055	3367754	3367797
27056	3367898	3368049
27057	3368146	3368189
27058	3368246	3368283
27059	3368368	3368432
27060	3368459	3368518
27061	3368576	3368627
27062	3368749	3368761
27063	3368806	3368833
27064	3368910	3368929
27065	3369043	3369116
27066	3369183	3369238
27067	3369334	3369345
27068	3369353	3369376
27069	3369469	3369511
27070	3369567	3369683
27071	3369724	3369832
27072	3369865	3369927
27073	3369985	3370011
27074	3370082	3370222
27075	3370265	3370339
27076	3370420	3370474
27077	3370551	3370580
27078	3370616	3370669
27079	3370731	3370797
27080	3370880	3370935
27081	3371027	3371141
27082	3371220	3371344
27083	3371361	3371434
27084	3371555	3371643
27085	3371754	3371790
27086	3371823	3371952
27087	3371998	3372055
27088	3372156	3372252
27089	3372274	3372285
27090	3372357	3372510
27091	3372567	3372602
27092	3372746	3372767
27093	3372823	3372896
27094	3372939	3372970
27095	3373021	3373042
27096	3373052	3373120
27097	3373138	3373206
27098	3373260	3373299
27099	3373329	3373374
27100	3373475	3373623
27101	3373729	3373742
27102	3373792	3373878
27103	3373934	3373946
27104	3373963	3374015
27105	3374168	3374212
27106	3374271	3374314
27107	3374361	3374430
27108	3374484	3374554
27109	3374598	3374680
27110	3374720	3374751
27111	3374818	3374862
27112	3374916	3375008
27113	3375044	3375167
27114	3375247	3375310
27115	3375322	3375415
27116	3375533	3375547
27117	3375635	3375727
27118	3375781	3375847
27119	3375972	3376016
27120	3376099	3376171
27121	3376247	3376337
27122	3376382	3376444
27123	3376480	3376626
27124	3376727	3376756
27125	3376804	3376876
27126	3376979	3377027
27127	3377064	3377124
27128	3377194	3377234
27129	3377256	3377292
27130	3377365	3377451
27131	3377483	3377514
27132	3377537	3377566
27133	3377627	3377657
27134	3377784	3377842
27135	3377893	3378003
27136	3378082	3378129
27137	3378178	3378248
27138	3378390	3378406
27139	3378418	3378450
27140	3378592	3378646
27141	3378751	3378847
27142	3378937	3378985
27143	3379028	3379098
27144	3379129	3379147
27145	3379250	3379281
27146	3379315	3379430
27147	3379498	3379565
27148	3379631	3379637
27149	3379710	3379777
27150	3379828	3379897
27151	3379941	3379967
27152	3380049	3380111
27153	3380189	3380215
27154	3380251	3380323
27155	3380350	3380380
27156	3380435	3380498
27157	3380530	3380562
27158	3380568	3380675
27159	3380723	3380735
27160	3380784	3380795
27161	3380825	3380837
27162	3380847	3380892
27163	3380963	3381016
27164	3381082	3381102
27165	3381130	3381192
27166	3381219	3381327
27167	3381351	3381372
27168	3381429	3381508
27169	3381625	3381691
27170	3381714	3381732
27171	3381790	3381839
27172	3381941	3381987
27173	3382086	3382135
27174	3382208	3382231
27175	3382325	3382411
27176	3382442	3382476
27177	3382559	3382589
27178	3382618	3382649
27179	3382693	3382720
27180	3382754	3382786
27181	3382885	3382978
27182	3383046	3383058
27183	3383151	3383178
27184	3383219	3383259
27185	3383387	3383461
27186	3383500	3383619
27187	3383717	3383763
27188	3383831	3383912
27189	3383942	3384000
27190	3384072	3384132
27191	3384177	3384192
27192	3384296	3384357
27193	3384463	3384556
27194	3384671	3384690
27195	3384812	3384869
27196	3384923	3384986
27197	3385084	3385112
27198	3385135	3385190
27199	3385236	3385320
27200	3385400	3385422
27201	3385462	3385557
27202	3385637	3385671
27203	3385721	3385824
27204	3385904	3386000
27205	3386148	3386196
27206	3386291	3386328
27207	3386398	3386472
27208	3386555	3386583
27209	3386621	3386683
27210	3386753	3386777
27211	3386879	3386926
27212	3387009	3387117
27213	3387131	3387227
27214	3387339	3387391
27215	3387502	3387527
27216	3387538	3387566
27217	3387580	3387591
27218	3387623	3387629
27219	3387682	3387728
27220	3387860	3387899
27221	3387997	3388068
27222	3388080	3388104
27223	3388166	3388181
27224	3388198	3388247
27225	3388357	3388389
27226	3388493	3388536
27227	3388561	3388627
27228	3388666	3388720
27229	3388776	3388789
27230	3388854	3388891
27231	3388983	3389043
27232	3389107	3389219
27233	3389324	3389407
27234	3389471	3389547
27235	3389616	3389656
27236	3389685	3389716
27237	3389773	3389828
27238	3389843	3389873
27239	3389962	3390044
27240	3390072	3390131
27241	3390173	3390227
27242	3390338	3390354
27243	3390445	3390495
27244	3390580	3390619
27245	3390701	3390760
27246	3390806	3390929
27247	3391047	3391108
27248	3391172	3391241
27249	3391260	3391268
27250	3391301	3391319
27251	3391380	3391404
27252	3391430	3391546
27253	3391610	3391676
27254	3391765	3391785
27255	3391819	3391847
27256	3391865	3391975
27257	3392056	3392116
27258	3392138	3392173
27259	3392225	3392279
27260	3392369	3392414
27261	3392522	3392550
27262	3392651	3392782
27263	3392793	3392880
27264	3393013	3393093
27265	3393116	3393170
27266	3393277	3393328
27267	3393407	3393524
27268	3393556	3393608
27269	3393632	3393710
27270	3393758	3393777
27271	3393818	3393877
27272	3393939	3394048
27273	3394136	3394186
27274	3394282	3394359
27275	3394379	3394439
27276	3394509	3394556
27277	3394614	3394711
27278	3394760	3394822
27279	3394895	3394936
27280	3394985	3395060
27281	3395071	3395121
27282	3395180	3395241
27283	3395338	3395363
27284	3395380	3395429
27285	3395475	3395505
27286	3395573	3395613
27287	3395728	3395741
27288	3395764	3395786
27289	3395852	3395887
27290	3395987	3396066
27291	3396090	3396148
27292	3396173	3396287
27293	3396320	3396396
27294	3396415	3396480
27295	3396491	3396536
27296	3396581	3396652
27297	3396708	3396789
27298	3396869	3396971
27299	3396990	3397078
27300	3397092	3397135
27301	3397265	3397310
27302	3397380	3397477
27303	3397526	3397583
27304	3397674	3397774
27305	3397820	3397885
27306	3397936	3398052
27307	3398103	3398171
27308	3398291	3398461
27309	3398583	3398632
27310	3398670	3398733
27311	3398784	3398853
27312	3398948	3399029
27313	3399057	3399157
27314	3399257	3399371
27315	3399400	3399490
27316	3399562	3399664
27317	3399670	3399715
27318	3399769	3399792
27319	3399890	3399945
27320	3399978	3400005
27321	3400051	3400086
27322	3400155	3400177
27323	3400270	3400341
27324	3400400	3400410
27325	3400472	3400534
27326	3400606	3400687
27327	3400781	3400876
27328	3400904	3400941
27329	3401011	3401099
27330	3401169	3401263
27331	3401307	3401378
27332	3401438	3401545
27333	3401556	3401571
27334	3401641	3401698
27335	3401772	3401850
27336	3401933	3402017
27337	3402038	3402109
27338	3402158	3402233
27339	3402332	3402377
27340	3402466	3402536
27341	3402583	3402645
27342	3402749	3402773
27343	3402799	3402832
27344	3402927	3403025
27345	3403060	3403129
27346	3403208	3403228
27347	3403295	3403402
27348	3403476	3403542
27349	3403616	3403693
27350	3403725	3403734
27351	3403848	3403920
27352	3403989	3404034
27353	3404059	3404090
27354	3404151	3404197
27355	3404269	3404288
27356	3404380	3404448
27357	3404516	3404649
27358	3404723	3404782
27359	3404792	3404872
27360	3405002	3405050
27361	3405090	3405144
27362	3405185	3405265
27363	3405309	3405340
27364	3405360	3405367
27365	3405433	3405448
27366	3405566	3405629
27367	3405732	3405805
27368	3405872	3405938
27369	3405957	3406070
27370	3406118	3406195
27371	3406342	3406378
27372	3406399	3406460
27373	3406524	3406577
27374	3406596	3406662
27375	3406741	3406860
27376	3406917	3406973
27377	3407017	3407086
27378	3407166	3407234
27379	3407262	3407284
27380	3407317	3407407
27381	3407431	3407527
27382	3407538	3407569
27383	3407630	3407744
27384	3407770	3407806
27385	3407861	3407884
27386	3407953	3407972
27387	3408022	3408143
27388	3408217	3408252
27389	3408306	3408364
27390	3408390	3408438
27391	3408464	3408550
27392	3408558	3408615
27393	3408730	3408803
27394	3408825	3408918
27395	3409015	3409095
27396	3409133	3409223
27397	3409286	3409349
27398	3409384	3409448
27399	3409565	3409632
27400	3409662	3409694
27401	3409751	3409857
27402	3409943	3410029
27403	3410148	3410223
27404	3410359	3410408
27405	3410474	3410496
27406	3410624	3410654
27407	3410698	3410763
27408	3410839	3410864
27409	3410893	3410963
27410	3411094	3411153
27411	3411247	3411333
27412	3411411	3411504
27413	3411556	3411641
27414	3411798	3411917
27415	3412028	3412084
27416	3412159	3412198
27417	3412237	3412277
27418	3412358	3412420
27419	3412495	3412580
27420	3412641	3412702
27421	3412758	3412826
27422	3412852	3412987
27423	3413000	3413029
27424	3413085	3413175
27425	3413225	3413296
27426	3413361	3413410
27427	3413483	3413508
27428	3413532	3413603
27429	3413661	3413708
27430	3413823	3413916
27431	3413945	3414025
27432	3414046	3414071
27433	3414147	3414257
27434	3414353	3414374
27435	3414385	3414405
27436	3414428	3414454
27437	3414468	3414549
27438	3414620	3414658
27439	3414754	3414795
27440	3414900	3414936
27441	3414982	3415049
27442	3415080	3415190
27443	3415292	3415363
27444	3415435	3415522
27445	3415591	3415686
27446	3415699	3415792
27447	3415842	3415889
27448	3415921	3416058
27449	3416064	3416090
27450	3416191	3416197
27451	3416229	3416307
27452	3416408	3416444
27453	3416472	3416532
27454	3416596	3416680
27455	3416730	3416855
27456	3416895	3416928
27457	3417066	3417125
27458	3417137	3417179
27459	3417198	3417304
27460	3417331	3417413
27461	3417457	3417464
27462	3417494	3417579
27463	3417618	3417707
27464	3417747	3417781
27465	3417859	3417890
27466	3417986	3418043
27467	3418080	3418151
27468	3418240	3418278
27469	3418326	3418363
27470	3418477	3418529
27471	3418555	3418658
27472	3418673	3418740
27473	3418841	3418861
27474	3418893	3418970
27475	3419086	3419168
27476	3419255	3419315
27477	3419388	3419447
27478	3419493	3419548
27479	3419681	3419782
27480	3419841	3419866
27481	3419947	3420037
27482	3420073	3420108
27483	3420162	3420222
27484	3420260	3420296
27485	3420416	3420479
27486	3420549	3420587
27487	3420653	3420690
27488	3420748	3420788
27489	3420882	3420954
27490	3420968	3421014
27491	3421076	3421142
27492	3421260	3421300
27493	3421324	3421381
27494	3421464	3421480
27495	3421492	3421505
27496	3421539	3421652
27497	3421683	3421708
27498	3421805	3421845
27499	3421967	3421984
27500	3422035	3422097
27501	3422129	3422186
27502	3422310	3422352
27503	3422420	3422495
27504	3422583	3422634
27505	3422743	3422820
27506	3422864	3422924
27507	3423019	3423030
27508	3423159	3423196
27509	3423280	3423354
27510	3423494	3423560
27511	3423593	3423693
27512	3423719	3423806
27513	3423902	3423990
27514	3424035	3424077
27515	3424088	3424167
27516	3424194	3424243
27517	3424276	3424310
27518	3424422	3424499
27519	3424507	3424517
27520	3424560	3424589
27521	3424659	3424761
27522	3424831	3424915
27523	3424990	3425085
27524	3425092	3425132
27525	3425191	3425215
27526	3425271	3425292
27527	3425331	3425359
27528	3425406	3425441
27529	3425535	3425540
27530	3425607	3425637
27531	3425665	3425720
27532	3425793	3425836
27533	3425898	3425936
27534	3425949	3425985
27535	3426102	3426154
27536	3426264	3426287
27537	3426318	3426392
27538	3426406	3426458
27539	3426547	3426561
27540	3426607	3426653
27541	3426673	3426769
27542	3426784	3426832
27543	3426843	3426887
27544	3426986	3426998
27545	3427058	3427110
27546	3427186	3427256
27547	3427271	3427345
27548	3427423	3427467
27549	3427552	3427582
27550	3427667	3427702
27551	3427755	3427779
27552	3427819	3427861
27553	3427946	3428037
27554	3428129	3428237
27555	3428301	3428344
27556	3428378	3428433
27557	3428534	3428560
27558	3428650	3428719
27559	3428795	3428872
27560	3428897	3428964
27561	3428998	3429176
27562	3429246	3429316
27563	3429361	3429394
27564	3429450	3429546
27565	3429652	3429723
27566	3429777	3429864
27567	3429953	3429972
27568	3430068	3430118
27569	3430167	3430192
27570	3430260	3430353
27571	3430418	3430508
27572	3430612	3430651
27573	3430727	3430802
27574	3430873	3430899
27575	3430986	3431109
27576	3431206	3431244
27577	3431341	3431376
27578	3431406	3431518
27579	3431615	3431670
27580	3431773	3431842
27581	3431874	3431915
27582	3431942	3432030
27583	3432056	3432155
27584	3432212	3432255
27585	3432334	3432405
27586	3432445	3432504
27587	3432597	3432733
27588	3432763	3432798
27589	3432884	3432999
27590	3433102	3433164
27591	3433204	3433301
27592	3433325	3433377
27593	3433435	3433501
27594	3433524	3433614
27595	3433762	3433904
27596	3433970	3434094
27597	3434122	3434153
27598	3434222	3434319
27599	3434433	3434487
27600	3434590	3434629
27601	3434638	3434686
27602	3434792	3434840
27603	3434907	3434934
27604	3435006	3435060
27605	3435109	3435175
27606	3435216	3435306
27607	3435383	3435428
27608	3435430	3435497
27609	3435553	3435638
27610	3435691	3435714
27611	3435753	3435786
27612	3435874	3435924
27613	3435992	3436035
27614	3436052	3436134
27615	3436194	3436206
27616	3436245	3436385
27617	3436459	3436517
27618	3436602	3436654
27619	3436694	3436712
27620	3436796	3436837
27621	3436902	3436963
27622	3437023	3437077
27623	3437115	3437239
27624	3437307	3437339
27625	3437427	3437502
27626	3437585	3437634
27627	3437657	3437707
27628	3437739	3437798
27629	3437911	3437921
27630	3438023	3438088
27631	3438152	3438210
27632	3438259	3438332
27633	3438409	3438502
27634	3438639	3438676
27635	3438704	3438762
27636	3438820	3438897
27637	3438920	3438929
27638	3438978	3439054
27639	3439087	3439119
27640	3439230	3439318
27641	3439413	3439452
27642	3439536	3439578
27643	3439617	3439687
27644	3439753	3439781
27645	3439846	3439852
27646	3439879	3439998
27647	3440141	3440184
27648	3440240	3440311
27649	3440339	3440374
27650	3440420	3440469
27651	3440531	3440634
27652	3440717	3440784
27653	3440846	3440871
27654	3440903	3440937
27655	3441024	3441116
27656	3441248	3441292
27657	3441325	3441365
27658	3441409	3441421
27659	3441466	3441539
27660	3441635	3441769
27661	3441857	3441923
27662	3441948	3441993
27663	3442053	3442150
27664	3442199	3442378
27665	3442395	3442397
27666	3442421	3442474
27667	3442575	3442654
27668	3442753	3442812
27669	3442848	3442933
27670	3442999	3443100
27671	3443206	3443246
27672	3443293	3443399
27673	3443502	3443587
27674	3443639	3443724
27675	3443742	3443850
27676	3443873	3443888
27677	3443958	3444012
27678	3444103	3444206
27679	3444248	3444278
27680	3444384	3444412
27681	3444427	3444484
27682	3444513	3444614
27683	3444672	3444720
27684	3444793	3444883
27685	3445011	3445061
27686	3445169	3445279
27687	3445368	3445401
27688	3445516	3445612
27689	3445646	3445702
27690	3445711	3445819
27691	3445910	3445941
27692	3445963	3446030
27693	3446131	3446151
27694	3446197	3446246
27695	3446366	3446453
27696	3446583	3446640
27697	3446711	3446809
27698	3446862	3446915
27699	3446923	3447007
27700	3447054	3447075
27701	3447163	3447263
27702	3447311	3447375
27703	3447422	3447521
27704	3447589	3447664
27705	3447710	3447773
27706	3447876	3447902
27707	3447931	3447994
27708	3448099	3448141
27709	3448157	3448188
27710	3448285	3448327
27711	3448393	3448447
27712	3448479	3448532
27713	3448672	3448721
27714	3448784	3448806
27715	3448830	3448928
27716	3448941	3448989
27717	3449026	3449110
27718	3449169	3449185
27719	3449234	3449244
27720	3449304	3449419
27721	3449447	3449483
27722	3449502	3449608
27723	3449640	3449681
27724	3449769	3449801
27725	3449831	3449845
27726	3449907	3449914
27727	3449949	3450007
27728	3450107	3450198
27729	3450293	3450376
27730	3450464	3450594
27731	3450666	3450729
27732	3450824	3450908
27733	3450973	3451024
27734	3451052	3451056
27735	3451107	3451131
27736	3451197	3451303
27737	3451387	3451409
27738	3451490	3451533
27739	3451587	3451640
27740	3451691	3451777
27741	3451843	3451875
27742	3451938	3451977
27743	3452104	3452181
27744	3452286	3452409
27745	3452479	3452575
27746	3452602	3452638
27747	3452704	3452790
27748	3452901	3452981
27749	3453028	3453081
27750	3453163	3453253
27751	3453380	3453445
27752	3453560	3453685
27753	3453760	3453880
27754	3453943	3454010
27755	3454119	3454200
27756	3454246	3454376
27757	3454520	3454527
27758	3454571	3454669
27759	3454693	3454796
27760	3454851	3454952
27761	3455041	3455110
27762	3455184	3455278
27763	3455349	3455404
27764	3455433	3455485
27765	3455586	3455703
27766	3455738	3455777
27767	3455824	3455886
27768	3456001	3456089
27769	3456168	3456213
27770	3456238	3456275
27771	3456337	3456374
27772	3456484	3456536
27773	3456563	3456585
27774	3456661	3456700
27775	3456751	3456765
27776	3456798	3456845
27777	3456891	3456978
27778	3457044	3457086
27779	3457148	3457217
27780	3457261	3457267
27781	3457310	3457369
27782	3457452	3457540
27783	3457617	3457709
27784	3457830	3457884
27785	3457967	3458038
27786	3458141	3458170
27787	3458292	3458345
27788	3458417	3458478
27789	3458590	3458668
27790	3458753	3458841
27791	3458869	3458952
27792	3458998	3459091
27793	3459178	3459188
27794	3459285	3459301
27795	3459370	3459471
27796	3459520	3459621
27797	3459677	3459702
27798	3459758	3459796
27799	3459868	3459914
27800	3459951	3459957
27801	3459998	3460076
27802	3460120	3460142
27803	3460229	3460259
27804	3460346	3460392
27805	3460442	3460570
27806	3460698	3460722
27807	3460837	3460851
27808	3460934	3461007
27809	3461042	3461069
27810	3461111	3461131
27811	3461150	3461208
27812	3461313	3461430
27813	3461512	3461571
27814	3461580	3461677
27815	3461760	3461789
27816	3461799	3461923
27817	3461966	3462064
27818	3462139	3462212
27819	3462309	3462317
27820	3462403	3462446
27821	3462524	3462596
27822	3462656	3462717
27823	3462827	3462874
27824	3462986	3463019
27825	3463054	3463090
27826	3463204	3463253
27827	3463404	3463473
27828	3463528	3463559
27829	3463639	3463742
27830	3463770	3463794
27831	3463912	3464040
27832	3464062	3464118
27833	3464136	3464284
27834	3464345	3464387
27835	3464505	3464554
27836	3464587	3464663
27837	3464717	3464831
27838	3464906	3464941
27839	3464981	3465042
27840	3465100	3465223
27841	3465342	3465419
27842	3465462	3465540
27843	3465585	3465598
27844	3465627	3465762
27845	3465845	3465922
27846	3465977	3466051
27847	3466089	3466128
27848	3466199	3466248
27849	3466263	3466285
27850	3466338	3466370
27851	3466398	3466408
27852	3466441	3466487
27853	3466569	3466630
27854	3466717	3466791
27855	3466873	3466909
27856	3466921	3466961
27857	3467070	3467109
27858	3467127	3467192
27859	3467238	3467293
27860	3467310	3467329
27861	3467398	3467413
27862	3467459	3467539
27863	3467592	3467720
27864	3467823	3467902
27865	3467935	3467997
27866	3468108	3468149
27867	3468201	3468228
27868	3468302	3468380
27869	3468390	3468491
27870	3468556	3468582
27871	3468699	3468803
27872	3468888	3468924
27873	3468968	3469015
27874	3469126	3469152
27875	3469219	3469303
27876	3469337	3469420
27877	3469432	3469473
27878	3469548	3469631
27879	3469713	3469774
27880	3469825	3469855
27881	3469949	3469985
27882	3470083	3470138
27883	3470252	3470296
27884	3470393	3470429
27885	3470527	3470547
27886	3470557	3470600
27887	3470665	3470716
27888	3470782	3470868
27889	3470901	3470973
27890	3471039	3471128
27891	3471182	3471273
27892	3471309	3471406
27893	3471427	3471520
27894	3471602	3471638
27895	3471648	3471677
27896	3471726	3471801
27897	3471879	3471906
27898	3471934	3471943
27899	3472075	3472157
27900	3472177	3472258
27901	3472315	3472350
27902	3472391	3472420
27903	3472453	3472491
27904	3472543	3472573
27905	3472704	3472800
27906	3472884	3472972
27907	3473032	3473097
27908	3473127	3473172
27909	3473221	3473279
27910	3473332	3473379
27911	3473428	3473561
27912	3473606	3473671
27913	3473777	3473862
27914	3473900	3474034
27915	3474058	3474142
27916	3474255	3474287
27917	3474338	3474375
27918	3474483	3474659
27919	3474764	3474804
27920	3474888	3474943
27921	3475012	3475067
27922	3475189	3475201
27923	3475222	3475276
27924	3475286	3475308
27925	3475352	3475397
27926	3475421	3475507
27927	3475575	3475644
27928	3475676	3475767
27929	3475815	3475873
27930	3475906	3475945
27931	3475992	3476102
27932	3476167	3476177
27933	3476314	3476390
27934	3476441	3476513
27935	3476596	3476673
27936	3476747	3476835
27937	3476974	3477006
27938	3477125	3477173
27939	3477234	3477288
27940	3477367	3477463
27941	3477490	3477539
27942	3477598	3477729
27943	3477750	3477773
27944	3477844	3477911
27945	3477942	3477959
27946	3478002	3478065
27947	3478111	3478131
27948	3478154	3478212
27949	3478218	3478278
27950	3478365	3478426
27951	3478450	3478485
27952	3478509	3478542
27953	3478659	3478692
27954	3478726	3478766
27955	3478854	3478936
27956	3479030	3479096
27957	3479139	3479195
27958	3479271	3479346
27959	3479407	3479550
27960	3479628	3479648
27961	3479740	3479806
27962	3479844	3479977
27963	3480046	3480093
27964	3480112	3480175
27965	3480230	3480261
27966	3480288	3480296
27967	3480397	3480423
27968	3480539	3480565
27969	3480637	3480703
27970	3480718	3480764
27971	3480815	3480829
27972	3480853	3480889
27973	3480995	3481102
27974	3481179	3481191
27975	3481226	3481356
27976	3481387	3481410
27977	3481496	3481571
27978	3481695	3481794
27979	3481809	3481835
27980	3481933	3482034
27981	3482081	3482144
27982	3482189	3482220
27983	3482253	3482269
27984	3482297	3482313
27985	3482340	3482397
27986	3482515	3482537
27987	3482656	3482777
27988	3482829	3482855
27989	3482892	3482979
27990	3483069	3483143
27991	3483161	3483199
27992	3483268	3483335
27993	3483370	3483489
27994	3483590	3483632
27995	3483747	3483779
27996	3483860	3483926
27997	3484054	3484128
27998	3484157	3484196
27999	3484272	3484312
28000	3484365	3484471
28001	3484493	3484621
28002	3484637	3484677
28003	3484716	3484760
28004	3484840	3484870
28005	3484894	3484943
28006	3484990	3485092
28007	3485225	3485246
28008	3485302	3485366
28009	3485429	3485493
28010	3485536	3485546
28011	3485633	3485641
28012	3485707	3485778
28013	3485873	3485893
28014	3485956	3486022
28015	3486064	3486157
28016	3486164	3486226
28017	3486280	3486303
28018	3486346	3486473
28019	3486553	3486691
28020	3486701	3486751
28021	3486850	3486895
28022	3487048	3487082
28023	3487201	3487248
28024	3487278	3487303
28025	3487371	3487422
28026	3487473	3487544
28027	3487650	3487728
28028	3487777	3487894
28029	3487917	3488021
28030	3488137	3488162
28031	3488175	3488255
28032	3488273	3488313
28033	3488351	3488397
28034	3488466	3488521
28035	3488537	3488582
28036	3488688	3488756
28037	3488866	3488893
28038	3488954	3489005
28039	3489063	3489127
28040	3489186	3489228
28041	3489330	3489387
28042	3489465	3489546
28043	3489605	3489646
28044	3489686	3489709
28045	3489759	3489821
28046	3489858	3489869
28047	3489961	3490092
28048	3490128	3490227
28049	3490329	3490409
28050	3490523	3490633
28051	3490708	3490743
28052	3490764	3490844
28053	3490917	3490965
28054	3490977	3490978
28055	3491043	3491159
28056	3491197	3491307
28057	3491382	3491393
28058	3491454	3491570
28059	3491593	3491602
28060	3491688	3491756
28061	3491775	3491828
28062	3491890	3491944
28063	3491977	3491999
28064	3492059	3492149
28065	3492260	3492307
28066	3492342	3492378
28067	3492407	3492488
28068	3492535	3492554
28069	3492586	3492592
28070	3492684	3492707
28071	3492758	3492813
28072	3492932	3493029
28073	3493057	3493158
28074	3493168	3493199
28075	3493223	3493304
28076	3493423	3493488
28077	3493530	3493593
28078	3493613	3493627
28079	3493674	3493742
28080	3493796	3493869
28081	3493929	3494038
28082	3494083	3494139
28083	3494185	3494212
28084	3494276	3494406
28085	3494488	3494579
28086	3494651	3494684
28087	3494742	3494818
28088	3494863	3494950
28089	3494956	3495005
28090	3495040	3495140
28091	3495163	3495164
28092	3495215	3495226
28093	3495295	3495338
28094	3495353	3495381
28095	3495430	3495535
28096	3495612	3495627
28097	3495696	3495759
28098	3495792	3495840
28099	3495955	3496027
28100	3496044	3496064
28101	3496177	3496312
28102	3496362	3496383
28103	3496435	3496486
28104	3496604	3496758
28105	3496843	3496920
28106	3496969	3497052
28107	3497150	3497190
28108	3497271	3497313
28109	3497431	3497461
28110	3497478	3497516
28111	3497557	3497605
28112	3497635	3497688
28113	3497706	3497737
28114	3497817	3497855
28115	3497978	3497985
28116	3498108	3498162
28117	3498250	3498338
28118	3498401	3498482
28119	3498518	3498541
28120	3498579	3498611
28121	3498618	3498690
28122	3498715	3498741
28123	3498825	3498938
28124	3499067	3499105
28125	3499142	3499167
28126	3499249	3499344
28127	3499377	3499413
28128	3499475	3499528
28129	3499544	3499617
28130	3499631	3499659
28131	3499732	3499770
28132	3499817	3499861
28133	3499899	3499956
28134	3499974	3500007
28135	3500023	3500072
28136	3500171	3500219
28137	3500296	3500365
28138	3500446	3500543
28139	3500692	3500780
28140	3500890	3500947
28141	3500993	3501032
28142	3501063	3501129
28143	3501206	3501296
28144	3501313	3501344
28145	3501412	3501461
28146	3501515	3501559
28147	3501642	3501665
28148	3501729	3501813
28149	3501826	3501885
28150	3502008	3502027
28151	3502096	3502126
28152	3502127	3502199
28153	3502237	3502269
28154	3502339	3502368
28155	3502424	3502523
28156	3502637	3502697
28157	3502821	3502830
28158	3502914	3503048
28159	3503120	3503160
28160	3503202	3503263
28161	3503302	3503388
28162	3503412	3503440
28163	3503504	3503598
28164	3503662	3503678
28165	3503760	3503888
28166	3503946	3503998
28167	3504009	3504030
28168	3504108	3504145
28169	3504158	3504202
28170	3504227	3504280
28171	3504302	3504354
28172	3504381	3504465
28173	3504605	3504635
28174	3504700	3504760
28175	3504794	3504902
28176	3504941	3504971
28177	3504984	3505005
28178	3505041	3505088
28179	3505134	3505216
28180	3505254	3505311
28181	3505337	3505394
28182	3505509	3505549
28183	3505605	3505696
28184	3505753	3505823
28185	3505899	3505936
28186	3506016	3506033
28187	3506137	3506181
28188	3506286	3506363
28189	3506393	3506409
28190	3506453	3506517
28191	3506551	3506578
28192	3506606	3506651
28193	3506740	3506764
28194	3506850	3506960
28195	3507028	3507112
28196	3507176	3507252
28197	3507363	3507431
28198	3507490	3507591
28199	3507653	3507740
28200	3507823	3507925
28201	3507967	3508014
28202	3508148	3508198
28203	3508307	3508360
28204	3508446	3508567
28205	3508577	3508635
28206	3508663	3508779
28207	3508858	3508974
28208	3509012	3509073
28209	3509137	3509167
28210	3509267	3509326
28211	3509412	3509465
28212	3509498	3509550
28213	3509648	3509693
28214	3509739	3509822
28215	3509865	3509994
28216	3510031	3510081
28217	3510111	3510206
28218	3510285	3510324
28219	3510379	3510435
28220	3510453	3510487
28221	3510537	3510691
28222	3510864	3510886
28223	3510934	3510976
28224	3511106	3511139
28225	3511215	3511233
28226	3511244	3511292
28227	3511404	3511429
28228	3511463	3511479
28229	3511620	3511682
28230	3511705	3511715
28231	3511738	3511801
28232	3511861	3511906
28233	3511947	3512012
28234	3512080	3512156
28235	3512168	3512188
28236	3512224	3512302
28237	3512356	3512365
28238	3512478	3512535
28239	3512552	3512573
28240	3512617	3512691
28241	3512784	3512861
28242	3512879	3512970
28243	3513008	3513014
28244	3513061	3513171
28245	3513230	3513310
28246	3513401	3513420
28247	3513486	3513507
28248	3513543	3513576
28249	3513603	3513647
28250	3513691	3513720
28251	3513735	3513822
28252	3513913	3513947
28253	3513989	3514046
28254	3514140	3514268
28255	3514303	3514477
28256	3514547	3514561
28257	3514666	3514747
28258	3514857	3514903
28259	3515003	3515050
28260	3515097	3515145
28261	3515174	3515206
28262	3515222	3515324
28263	3515377	3515436
28264	3515460	3515522
28265	3515596	3515662
28266	3515702	3515772
28267	3515814	3515850
28268	3515880	3515982
28269	3516063	3516130
28270	3516222	3516263
28271	3516292	3516401
28272	3516418	3516516
28273	3516583	3516638
28274	3516715	3516737
28275	3516786	3516797
28276	3516856	3516900
28277	3517030	3517056
28278	3517175	3517252
28279	3517356	3517409
28280	3517436	3517488
28281	3517539	3517562
28282	3517570	3517582
28283	3517619	3517668
28284	3517698	3517764
28285	3517825	3517839
28286	3517898	3517990
28287	3518026	3518114
28288	3518139	3518193
28289	3518283	3518340
28290	3518396	3518476
28291	3518522	3518615
28292	3518651	3518705
28293	3518753	3518820
28294	3518876	3519023
28295	3519079	3519088
28296	3519168	3519186
28297	3519307	3519414
28298	3519496	3519554
28299	3519624	3519633
28300	3519766	3519849
28301	3519867	3519891
28302	3519982	3519994
28303	3520098	3520248
28304	3520312	3520429
28305	3520491	3520553
28306	3520630	3520673
28307	3520781	3520815
28308	3520855	3521010
28309	3521054	3521164
28310	3521218	3521232
28311	3521256	3521305
28312	3521415	3521490
28313	3521561	3521598
28314	3521634	3521640
28315	3521743	3521776
28316	3521806	3521900
28317	3521991	3522045
28318	3522091	3522187
28319	3522203	3522281
28320	3522349	3522407
28321	3522499	3522590
28322	3522742	3522873
28323	3522922	3522994
28324	3523042	3523070
28325	3523094	3523191
28326	3523239	3523299
28327	3523320	3523345
28328	3523376	3523390
28329	3523402	3523424
28330	3523490	3523606
28331	3523699	3523736
28332	3523823	3523866
28333	3523967	3524030
28334	3524101	3524153
28335	3524174	3524264
28336	3524275	3524301
28337	3524358	3524463
28338	3524564	3524606
28339	3524653	3524721
28340	3524807	3524843
28341	3524859	3524907
28342	3525049	3525092
28343	3525188	3525219
28344	3525285	3525341
28345	3525364	3525385
28346	3525453	3525515
28347	3525538	3525602
28348	3525668	3525774
28349	3525843	3525919
28350	3525957	3525973
28351	3526001	3526095
28352	3526119	3526152
28353	3526258	3526267
28354	3526277	3526332
28355	3526442	3526484
28356	3526514	3526607
28357	3526693	3526750
28358	3526831	3526845
28359	3526965	3526997
28360	3527067	3527108
28361	3527232	3527304
28362	3527361	3527495
28363	3527545	3527614
28364	3527638	3527686
28365	3527732	3527801
28366	3527835	3527875
28367	3527975	3528003
28368	3528036	3528068
28369	3528162	3528197
28370	3528211	3528270
28371	3528343	3528392
28372	3528494	3528539
28373	3528602	3528692
28374	3528729	3528834
28375	3528901	3528965
28376	3529036	3529069
28377	3529123	3529171
28378	3529236	3529245
28379	3529309	3529385
28380	3529440	3529559
28381	3529648	3529687
28382	3529738	3529797
28383	3529933	3529983
28384	3530050	3530094
28385	3530153	3530234
28386	3530302	3530350
28387	3530416	3530461
28388	3530513	3530530
28389	3530574	3530665
28390	3530714	3530799
28391	3530870	3531000
28392	3531059	3531149
28393	3531181	3531211
28394	3531267	3531319
28395	3531342	3531424
28396	3531523	3531614
28397	3531708	3531837
28398	3531931	3531957
28399	3532023	3532089
28400	3532123	3532181
28401	3532221	3532310
28402	3532389	3532448
28403	3532540	3532561
28404	3532569	3532575
28405	3532652	3532681
28406	3532723	3532731
28407	3532823	3532914
28408	3532945	3532993
28409	3533065	3533195
28410	3533274	3533363
28411	3533391	3533544
28412	3533558	3533566
28413	3533632	3533694
28414	3533749	3533798
28415	3533813	3533916
28416	3534012	3534029
28417	3534105	3534152
28418	3534253	3534353
28419	3534416	3534458
28420	3534486	3534555
28421	3534632	3534643
28422	3534744	3534762
28423	3534838	3534883
28424	3534933	3535019
28425	3535156	3535222
28426	3535313	3535361
28427	3535423	3535506
28428	3535609	3535634
28429	3535670	3535710
28430	3535817	3535874
28431	3535882	3535944
28432	3535987	3536062
28433	3536110	3536176
28434	3536200	3536228
28435	3536294	3536329
28436	3536429	3536512
28437	3536554	3536572
28438	3536598	3536679
28439	3536792	3536846
28440	3536861	3536879
28441	3536923	3536967
28442	3537004	3537082
28443	3537148	3537224
28444	3537285	3537316
28445	3537420	3537427
28446	3537496	3537577
28447	3537697	3537813
28448	3537837	3537890
28449	3537946	3537969
28450	3537993	3538058
28451	3538127	3538196
28452	3538266	3538360
28453	3538406	3538452
28454	3538526	3538624
28455	3538672	3538769
28456	3538834	3538888
28457	3538920	3538988
28458	3539008	3539058
28459	3539142	3539183
28460	3539222	3539322
28461	3539343	3539413
28462	3539426	3539446
28463	3539530	3539608
28464	3539690	3539765
28465	3539825	3539890
28466	3539984	3540063
28467	3540106	3540160
28468	3540253	3540301
28469	3540376	3540405
28470	3540488	3540616
28471	3540649	3540707
28472	3540722	3540835
28473	3540862	3540886
28474	3540976	3541034
28475	3541050	3541122
28476	3541132	3541167
28477	3541187	3541218
28478	3541273	3541354
28479	3541440	3541530
28480	3541560	3541601
28481	3541697	3541725
28482	3541736	3541829
28483	3541910	3541978
28484	3542029	3542060
28485	3542101	3542232
28486	3542252	3542340
28487	3542435	3542453
28488	3542511	3542545
28489	3542556	3542587
28490	3542676	3542803
28491	3542872	3542920
28492	3543030	3543150
28493	3543255	3543305
28494	3543314	3543462
28495	3543490	3543549
28496	3543579	3543608
28497	3543668	3543686
28498	3543722	3543760
28499	3543781	3543858
28500	3543927	3543989
28501	3544065	3544120
28502	3544145	3544190
28503	3544244	3544272
28504	3544306	3544394
28505	3544498	3544520
28506	3544592	3544611
28507	3544674	3544752
28508	3544867	3544980
28509	3545037	3545086
28510	3545163	3545304
28511	3545375	3545420
28512	3545476	3545527
28513	3545567	3545646
28514	3545699	3545788
28515	3545824	3545850
28516	3545928	3545983
28517	3546055	3546101
28518	3546126	3546197
28519	3546328	3546397
28520	3546408	3546497
28521	3546591	3546692
28522	3546712	3546761
28523	3546856	3546908
28524	3546999	3547026
28525	3547033	3547093
28526	3547138	3547162
28527	3547282	3547342
28528	3547381	3547425
28529	3547483	3547591
28530	3547673	3547693
28531	3547766	3547805
28532	3547919	3547952
28533	3548051	3548160
28534	3548209	3548229
28535	3548321	3548379
28536	3548472	3548517
28537	3548555	3548590
28538	3548632	3548694
28539	3548743	3548836
28540	3548920	3548965
28541	3549001	3549081
28542	3549161	3549263
28543	3549330	3549360
28544	3549445	3549503
28545	3549524	3549572
28546	3549598	3549630
28547	3549661	3549744
28548	3549806	3549826
28549	3549864	3549972
28550	3550005	3550116
28551	3550156	3550189
28552	3550338	3550381
28553	3550422	3550522
28554	3550622	3550744
28555	3550815	3550892
28556	3550920	3550931
28557	3550991	3551037
28558	3551048	3551172
28559	3551215	3551226
28560	3551232	3551267
28561	3551341	3551472
28562	3551560	3551664
28563	3551760	3551808
28564	3551930	3552009
28565	3552072	3552152
28566	3552235	3552273
28567	3552331	3552355
28568	3552382	3552457
28569	3552492	3552558
28570	3552588	3552629
28571	3552654	3552681
28572	3552712	3552734
28573	3552767	3552840
28574	3552890	3552988
28575	3553035	3553054
28576	3553105	3553131
28577	3553188	3553215
28578	3553226	3553288
28579	3553355	3553451
28580	3553513	3553584
28581	3553677	3553694
28582	3553723	3553802
28583	3553820	3553913
28584	3554045	3554184
28585	3554282	3554296
28586	3554349	3554410
28587	3554465	3554598
28588	3554676	3554695
28589	3554802	3554852
28590	3554892	3554924
28591	3554942	3555013
28592	3555110	3555152
28593	3555212	3555312
28594	3555373	3555476
28595	3555630	3555679
28596	3555690	3555802
28597	3555927	3556004
28598	3556083	3556129
28599	3556189	3556253
28600	3556287	3556337
28601	3556384	3556465
28602	3556487	3556551
28603	3556671	3556715
28604	3556766	3556832
28605	3556924	3557012
28606	3557053	3557071
28607	3557077	3557103
28608	3557161	3557275
28609	3557331	3557358
28610	3557414	3557479
28611	3557562	3557667
28612	3557696	3557767
28613	3557806	3557868
28614	3557899	3558016
28615	3558064	3558132
28616	3558148	3558189
28617	3558264	3558289
28618	3558393	3558449
28619	3558506	3558686
28620	3558740	3558805
28621	3558850	3558852
28622	3558872	3558919
28623	3558951	3558973
28624	3559010	3559080
28625	3559193	3559233
28626	3559347	3559355
28627	3559422	3559485
28628	3559524	3559599
28629	3559716	3559787
28630	3559878	3559910
28631	3559980	3560025
28632	3560100	3560114
28633	3560178	3560216
28634	3560304	3560385
28635	3560468	3560548
28636	3560574	3560694
28637	3560810	3560881
28638	3560925	3560957
28639	3560981	3561020
28640	3561061	3561109
28641	3561195	3561226
28642	3561395	3561465
28643	3561551	3561573
28644	3561635	3561692
28645	3561726	3561766
28646	3561804	3561849
28647	3561907	3562010
28648	3562037	3562046
28649	3562127	3562229
28650	3562314	3562327
28651	3562444	3562494
28652	3562533	3562617
28653	3562707	3562731
28654	3562793	3562864
28655	3562939	3562986
28656	3563055	3563130
28657	3563165	3563211
28658	3563287	3563339
28659	3563494	3563555
28660	3563570	3563667
28661	3563684	3563719
28662	3563748	3563859
28663	3563893	3563952
28664	3563979	3564023
28665	3564135	3564176
28666	3564188	3564254
28667	3564310	3564411
28668	3564470	3564539
28669	3564658	3564719
28670	3564784	3564904
28671	3564918	3564983
28672	3565108	3565171
28673	3565210	3565390
28674	3565414	3565461
28675	3565487	3565510
28676	3565544	3565560
28677	3565674	3565709
28678	3565743	3565823
28679	3565852	3565864
28680	3565932	3566060
28681	3566198	3566306
28682	3566347	3566390
28683	3566437	3566534
28684	3566594	3566718
28685	3566813	3566877
28686	3566913	3567009
28687	3567055	3567099
28688	3567192	3567223
28689	3567275	3567297
28690	3567307	3567348
28691	3567432	3567501
28692	3567538	3567569
28693	3567585	3567652
28694	3567727	3567769
28695	3567781	3567843
28696	3567844	3567950
28697	3567969	3568028
28698	3568083	3568140
28699	3568201	3568300
28700	3568395	3568483
28701	3568523	3568573
28702	3568599	3568638
28703	3568691	3568747
28704	3568799	3568810
28705	3568873	3568996
28706	3569071	3569085
28707	3569172	3569254
28708	3569362	3569410
28709	3569426	3569457
28710	3569568	3569637
28711	3569748	3569832
28712	3569861	3569964
28713	3570010	3570141
28714	3570191	3570265
28715	3570369	3570406
28716	3570428	3570512
28717	3570539	3570640
28718	3570657	3570734
28719	3570762	3570867
28720	3570942	3570957
28721	3570971	3571078
28722	3571126	3571174
28723	3571216	3571245
28724	3571272	3571375
28725	3571388	3571458
28726	3571528	3571538
28727	3571622	3571648
28728	3571674	3571738
28729	3571814	3571854
28730	3571984	3572014
28731	3572117	3572129
28732	3572169	3572195
28733	3572259	3572358
28734	3572429	3572521
28735	3572588	3572635
28736	3572636	3572663
28737	3572690	3572782
28738	3572813	3572928
28739	3572978	3573028
28740	3573058	3573160
28741	3573243	3573326
28742	3573345	3573371
28743	3573473	3573484
28744	3573501	3573547
28745	3573608	3573619
28746	3573643	3573663
28747	3573745	3573802
28748	3573900	3574047
28749	3574125	3574193
28750	3574276	3574409
28751	3574518	3574597
28752	3574624	3574728
28753	3574760	3574817
28754	3574861	3574886
28755	3574924	3574991
28756	3575029	3575079
28757	3575123	3575233
28758	3575282	3575326
28759	3575418	3575538
28760	3575569	3575639
28761	3575691	3575722
28762	3575810	3575896
28763	3575904	3575929
28764	3575971	3576047
28765	3576073	3576163
28766	3576203	3576215
28767	3576246	3576303
28768	3576362	3576374
28769	3576404	3576482
28770	3576513	3576627
28771	3576690	3576773
28772	3576837	3576891
28773	3576943	3576980
28774	3577104	3577180
28775	3577289	3577375
28776	3577493	3577529
28777	3577608	3577676
28778	3577802	3577869
28779	3577896	3577956
28780	3578010	3578108
28781	3578123	3578180
28782	3578248	3578361
28783	3578511	3578587
28784	3578741	3578775
28785	3578911	3579085
28786	3579173	3579216
28787	3579257	3579338
28788	3579446	3579484
28789	3579531	3579606
28790	3579656	3579678
28791	3579691	3579731
28792	3579770	3579836
28793	3579881	3579943
28794	3580000	3580018
28795	3580055	3580075
28796	3580181	3580200
28797	3580278	3580296
28798	3580394	3580402
28799	3580486	3580532
28800	3580635	3580702
28801	3580778	3580829
28802	3580865	3580976
28803	3581026	3581060
28804	3581118	3581209
28805	3581253	3581364
28806	3581410	3581493
28807	3581588	3581618
28808	3581705	3581726
28809	3581823	3581890
28810	3581924	3582020
28811	3582136	3582221
28812	3582243	3582311
28813	3582373	3582468
28814	3582523	3582628
28815	3582652	3582747
28816	3582870	3582961
28817	3583052	3583156
28818	3583202	3583251
28819	3583273	3583326
28820	3583427	3583459
28821	3583473	3583582
28822	3583689	3583793
28823	3583845	3583867
28824	3583915	3583922
28825	3583965	3584050
28826	3584075	3584131
28827	3584177	3584216
28828	3584243	3584345
28829	3584394	3584490
28830	3584535	3584576
28831	3584620	3584678
28832	3584729	3584800
28833	3584872	3584931
28834	3584985	3585127
28835	3585195	3585269
28836	3585331	3585389
28837	3585470	3585598
28838	3585669	3585704
28839	3585793	3585876
28840	3585890	3585974
28841	3586037	3586086
28842	3586099	3586138
28843	3586183	3586256
28844	3586317	3586426
28845	3586437	3586515
28846	3586634	3586654
28847	3586737	3586872
28848	3586914	3586975
28849	3587057	3587129
28850	3587171	3587215
28851	3587248	3587255
28852	3587301	3587310
28853	3587386	3587395
28854	3587489	3587524
28855	3587545	3587634
28856	3587717	3587747
28857	3587803	3587861
28858	3587890	3587935
28859	3587978	3588029
28860	3588123	3588154
28861	3588206	3588258
28862	3588322	3588330
28863	3588367	3588414
28864	3588438	3588541
28865	3588577	3588606
28866	3588669	3588726
28867	3588781	3588794
28868	3588926	3589013
28869	3589050	3589196
28870	3589224	3589341
28871	3589399	3589452
28872	3589532	3589549
28873	3589622	3589635
28874	3589648	3589765
28875	3589804	3589894
28876	3589975	3590069
28877	3590129	3590188
28878	3590206	3590244
28879	3590294	3590327
28880	3590445	3590483
28881	3590577	3590719
28882	3590743	3590794
28883	3590875	3590971
28884	3591029	3591041
28885	3591114	3591146
28886	3591281	3591364
28887	3591472	3591591
28888	3591633	3591651
28889	3591681	3591693
28890	3591803	3591895
28891	3591992	3592063
28892	3592133	3592226
28893	3592315	3592381
28894	3592442	3592526
28895	3592628	3592711
28896	3592795	3592834
28897	3592886	3592977
28898	3593105	3593173
28899	3593292	3593321
28900	3593451	3593494
28901	3593591	3593651
28902	3593680	3593727
28903	3593760	3593835
28904	3593877	3593893
28905	3593984	3594057
28906	3594178	3594283
28907	3594308	3594359
28908	3594408	3594498
28909	3594521	3594565
28910	3594617	3594687
28911	3594773	3594799
28912	3594871	3594906
28913	3594946	3594960
28914	3595011	3595051
28915	3595078	3595140
28916	3595177	3595224
28917	3595319	3595398
28918	3595470	3595577
28919	3595641	3595748
28920	3595792	3595831
28921	3595963	3595987
28922	3596033	3596055
28923	3596108	3596181
28924	3596224	3596310
28925	3596419	3596452
28926	3596514	3596541
28927	3596552	3596587
28928	3596715	3596776
28929	3596799	3596937
28930	3596960	3597004
28931	3597107	3597160
28932	3597237	3597270
28933	3597346	3597365
28934	3597463	3597486
28935	3597496	3597517
28936	3597557	3597609
28937	3597633	3597666
28938	3597717	3597775
28939	3597794	3597876
28940	3597966	3598012
28941	3598041	3598146
28942	3598162	3598239
28943	3598294	3598372
28944	3598423	3598450
28945	3598477	3598512
28946	3598586	3598657
28947	3598691	3598710
28948	3598779	3598845
28949	3598946	3599033
28950	3599134	3599161
28951	3599232	3599263
28952	3599390	3599447
28953	3599526	3599614
28954	3599697	3599756
28955	3599854	3599908
28956	3599990	3600051
28957	3600099	3600218
28958	3600261	3600337
28959	3600367	3600409
28960	3600475	3600522
28961	3600543	3600681
28962	3600771	3600789
28963	3600818	3600833
28964	3600861	3600893
28965	3600907	3600997
28966	3601045	3601068
28967	3601117	3601221
28968	3601267	3601346
28969	3601373	3601443
28970	3601517	3601553
28971	3601573	3601620
28972	3601702	3601756
28973	3601788	3601870
28974	3601927	3602010
28975	3602119	3602146
28976	3602256	3602348
28977	3602408	3602496
28978	3602530	3602573
28979	3602607	3602637
28980	3602695	3602826
28981	3602860	3602892
28982	3602987	3603024
28983	3603061	3603072
28984	3603093	3603163
28985	3603184	3603272
28986	3603317	3603387
28987	3603454	3603473
28988	3603504	3603547
28989	3603589	3603657
28990	3603769	3603852
28991	3603954	3604004
28992	3604055	3604067
28993	3604126	3604138
28994	3604235	3604319
28995	3604438	3604455
28996	3604532	3604616
28997	3604699	3604743
28998	3604849	3604860
28999	3604920	3604941
29000	3604999	3605035
29001	3605053	3605132
29002	3605178	3605205
29003	3605290	3605339
29004	3605413	3605481
29005	3605544	3605593
29006	3605651	3605669
29007	3605756	3605779
29008	3605798	3605895
29009	3605919	3605949
29010	3605996	3606100
29011	3606165	3606236
29012	3606338	3606466
29013	3606603	3606630
29014	3606753	3606809
29015	3606862	3606950
29016	3607004	3607090
29017	3607117	3607127
29018	3607220	3607304
29019	3607351	3607394
29020	3607484	3607523
29021	3607594	3607658
29022	3607718	3607830
29023	3607891	3608004
29024	3608031	3608086
29025	3608139	3608262
29026	3608396	3608428
29027	3608454	3608488
29028	3608506	3608563
29029	3608691	3608710
29030	3608772	3608796
29031	3608839	3608932
29032	3609025	3609077
29033	3609126	3609188
29034	3609289	3609335
29035	3609472	3609547
29036	3609629	3609697
29037	3609740	3609796
29038	3609817	3609936
29039	3609943	3609969
29040	3610053	3610132
29041	3610177	3610215
29042	3610315	3610393
29043	3610439	3610539
29044	3610565	3610612
29045	3610634	3610683
29046	3610722	3610742
29047	3610775	3610853
29048	3610956	3611059
29049	3611149	3611193
29050	3611299	3611321
29051	3611347	3611361
29052	3611462	3611569
29053	3611594	3611691
29054	3611842	3611950
29055	3612016	3612066
29056	3612090	3612157
29057	3612179	3612227
29058	3612292	3612333
29059	3612376	3612398
29060	3612484	3612511
29061	3612549	3612645
29062	3612659	3612701
29063	3612736	3612762
29064	3612829	3612856
29065	3612964	3612993
29066	3613005	3613051
29067	3613113	3613186
29068	3613211	3613241
29069	3613351	3613457
29070	3613506	3613523
29071	3613617	3613630
29072	3613660	3613741
29073	3613763	3613854
29074	3613901	3613915
29075	3613950	3614010
29076	3614058	3614182
29077	3614282	3614342
29078	3614456	3614486
29079	3614563	3614612
29080	3614735	3614760
29081	3614777	3614901
29082	3614973	3615045
29083	3615127	3615274
29084	3615306	3615347
29085	3615470	3615482
29086	3615561	3615674
29087	3615726	3615790
29088	3615826	3615857
29089	3615964	3616028
29090	3616088	3616171
29091	3616214	3616259
29092	3616298	3616392
29093	3616481	3616523
29094	3616567	3616677
29095	3616735	3616801
29096	3616829	3616894
29097	3616924	3616952
29098	3617052	3617097
29099	3617185	3617243
29100	3617329	3617472
29101	3617491	3617569
29102	3617649	3617728
29103	3617742	3617810
29104	3617894	3617920
29105	3617994	3618002
29106	3618105	3618222
29107	3618333	3618405
29108	3618415	3618559
29109	3618618	3618683
29110	3618734	3618832
29111	3618863	3618879
29112	3618885	3618905
29113	3618967	3619020
29114	3619070	3619110
29115	3619173	3619216
29116	3619293	3619301
29117	3619360	3619387
29118	3619465	3619481
29119	3619579	3619650
29120	3619699	3619722
29121	3619748	3619755
29122	3619793	3619825
29123	3619908	3619919
29124	3619966	3620020
29125	3620095	3620187
29126	3620220	3620273
29127	3620369	3620447
29128	3620535	3620554
29129	3620715	3620815
29130	3620840	3620912
29131	3620974	3621022
29132	3621079	3621185
29133	3621260	3621285
29134	3621301	3621341
29135	3621409	3621460
29136	3621596	3621649
29137	3621655	3621688
29138	3621705	3621733
29139	3621787	3621899
29140	3621941	3621989
29141	3622096	3622171
29142	3622264	3622299
29143	3622372	3622448
29144	3622509	3622580
29145	3622671	3622710
29146	3622754	3622786
29147	3622917	3622924
29148	3623011	3623153
29149	3623225	3623229
29150	3623332	3623411
29151	3623532	3623641
29152	3623721	3623788
29153	3623840	3623904
29154	3623918	3623966
29155	3624030	3624067
29156	3624101	3624185
29157	3624215	3624237
29158	3624313	3624331
29159	3624354	3624393
29160	3624448	3624530
29161	3624620	3624642
29162	3624676	3624683
29163	3624715	3624799
29164	3624810	3624828
29165	3624844	3624915
29166	3624971	3625003
29167	3625047	3625109
29168	3625163	3625251
29169	3625316	3625341
29170	3625475	3625536
29171	3625559	3625604
29172	3625690	3625777
29173	3625825	3625890
29174	3625905	3626022
29175	3626036	3626148
29176	3626185	3626213
29177	3626230	3626301
29178	3626397	3626439
29179	3626505	3626535
29180	3626643	3626742
29181	3626817	3626921
29182	3626959	3627045
29183	3627112	3627160
29184	3627252	3627342
29185	3627413	3627440
29186	3627472	3627520
29187	3627536	3627603
29188	3627717	3627753
29189	3627804	3627890
29190	3627975	3628035
29191	3628053	3628100
29192	3628125	3628168
29193	3628260	3628275
29194	3628367	3628392
29195	3628418	3628473
29196	3628568	3628655
29197	3628682	3628711
29198	3628727	3628786
29199	3628865	3628993
29200	3629066	3629191
29201	3629271	3629346
29202	3629431	3629494
29203	3629569	3629615
29204	3629692	3629780
29205	3629809	3629840
29206	3629859	3629900
29207	3629946	3630038
29208	3630079	3630171
29209	3630195	3630257
29210	3630345	3630374
29211	3630406	3630442
29212	3630502	3630580
29213	3630607	3630637
29214	3630650	3630658
29215	3630728	3630769
29216	3630856	3630972
29217	3631043	3631119
29218	3631152	3631179
29219	3631274	3631347
29220	3631405	3631486
29221	3631533	3631555
29222	3631625	3631702
29223	3631735	3631854
29224	3631911	3632024
29225	3632117	3632176
29226	3632221	3632271
29227	3632358	3632453
29228	3632553	3632603
29229	3632625	3632674
29230	3632743	3632819
29231	3632884	3632918
29232	3632966	3633091
29233	3633162	3633203
29234	3633210	3633335
29235	3633427	3633456
29236	3633551	3633608
29237	3633679	3633778
29238	3633788	3633881
29239	3633942	3634014
29240	3634055	3634113
29241	3634194	3634322
29242	3634463	3634556
29243	3634572	3634609
29244	3634663	3634712
29245	3634788	3634838
29246	3634925	3634957
29247	3635000	3635093
29248	3635164	3635182
29249	3635201	3635308
29250	3635366	3635452
29251	3635463	3635510
29252	3635608	3635696
29253	3635794	3635860
29254	3635982	3636066
29255	3636105	3636217
29256	3636280	3636372
29257	3636436	3636524
29258	3636577	3636643
29259	3636721	3636773
29260	3636821	3636884
29261	3636915	3636950
29262	3636962	3636998
29263	3637063	3637110
29264	3637137	3637190
29265	3637249	3637354
29266	3637372	3637488
29267	3637529	3637590
29268	3637638	3637660
29269	3637715	3637779
29270	3637814	3637826
29271	3637927	3637958
29272	3637987	3638119
29273	3638136	3638199
29274	3638319	3638418
29275	3638431	3638580
29276	3638614	3638638
29277	3638671	3638764
29278	3638818	3638928
29279	3639005	3639064
29280	3639087	3639131
29281	3639287	3639308
29282	3639334	3639391
29283	3639422	3639499
29284	3639579	3639711
29285	3639737	3639757
29286	3639801	3639833
29287	3639918	3640015
29288	3640043	3640063
29289	3640092	3640189
29290	3640200	3640256
29291	3640295	3640382
29292	3640463	3640488
29293	3640533	3640579
29294	3640636	3640728
29295	3640774	3640822
29296	3640879	3640961
29297	3641016	3641102
29298	3641176	3641225
29299	3641310	3641320
29300	3641336	3641360
29301	3641393	3641451
29302	3641538	3641593
29303	3641657	3641736
29304	3641827	3641888
29305	3641941	3641970
29306	3642082	3642120
29307	3642134	3642165
29308	3642182	3642202
29309	3642282	3642331
29310	3642379	3642398
29311	3642469	3642563
29312	3642620	3642735
29313	3642823	3642879
29314	3642985	3643019
29315	3643080	3643140
29316	3643269	3643363
29317	3643397	3643483
29318	3643553	3643626
29319	3643765	3643849
29320	3643911	3643944
29321	3643970	3644066
29322	3644190	3644219
29323	3644375	3644417
29324	3644487	3644543
29325	3644595	3644676
29326	3644700	3644748
29327	3644768	3644803
29328	3644895	3644971
29329	3645033	3645095
29330	3645155	3645176
29331	3645209	3645244
29332	3645280	3645317
29333	3645371	3645421
29334	3645461	3645534
29335	3645555	3645561
29336	3645652	3645694
29337	3645759	3645842
29338	3645912	3645949
29339	3646023	3646095
29340	3646142	3646204
29341	3646272	3646308
29342	3646370	3646463
29343	3646486	3646663
29344	3646760	3646779
29345	3646800	3646809
29346	3646925	3647004
29347	3647062	3647116
29348	3647143	3647191
29349	3647218	3647359
29350	3647370	3647456
29351	3647538	3647638
29352	3647680	3647780
29353	3647862	3647922
29354	3647974	3648103
29355	3648164	3648191
29356	3648262	3648326
29357	3648417	3648489
29358	3648506	3648518
29359	3648606	3648633
29360	3648700	3648724
29361	3648873	3648940
29362	3649011	3649097
29363	3649119	3649161
29364	3649271	3649280
29365	3649342	3649392
29366	3649501	3649523
29367	3649548	3649649
29368	3649709	3649838
29369	3649881	3649943
29370	3649970	3650005
29371	3650118	3650146
29372	3650217	3650240
29373	3650345	3650440
29374	3650466	3650532
29375	3650581	3650657
29376	3650670	3650756
29377	3650782	3650932
29378	3651016	3651152
29379	3651265	3651312
29380	3651399	3651428
29381	3651478	3651560
29382	3651577	3651601
29383	3651682	3651739
29384	3651795	3651814
29385	3651845	3651910
29386	3651918	3652009
29387	3652101	3652130
29388	3652166	3652196
29389	3652240	3652255
29390	3652336	3652375
29391	3652401	3652423
29392	3652484	3652535
29393	3652591	3652641
29394	3652700	3652825
29395	3652856	3652886
29396	3652966	3653014
29397	3653112	3653150
29398	3653175	3653238
29399	3653264	3653341
29400	3653421	3653435
29401	3653494	3653561
29402	3653579	3653627
29403	3653682	3653788
29404	3653852	3653865
29405	3653900	3653909
29406	3653965	3654057
29407	3654150	3654242
29408	3654363	3654379
29409	3654448	3654484
29410	3654579	3654625
29411	3654677	3654702
29412	3654777	3654891
29413	3654952	3654981
29414	3655067	3655198
29415	3655299	3655381
29416	3655532	3655548
29417	3655605	3655669
29418	3655681	3655832
29419	3655860	3655928
29420	3655956	3655973
29421	3655983	3656013
29422	3656053	3656125
29423	3656175	3656199
29424	3656296	3656419
29425	3656478	3656536
29426	3656676	3656751
29427	3656811	3656897
29428	3657020	3657154
29429	3657171	3657194
29430	3657216	3657270
29431	3657341	3657471
29432	3657557	3657649
29433	3657717	3657790
29434	3657855	3657898
29435	3657918	3658073
29436	3658117	3658220
29437	3658248	3658325
29438	3658420	3658449
29439	3658485	3658505
29440	3658533	3658606
29441	3658722	3658798
29442	3658897	3658934
29443	3658955	3659027
29444	3659135	3659227
29445	3659288	3659407
29446	3659487	3659568
29447	3659650	3659692
29448	3659822	3659866
29449	3659905	3659990
29450	3660013	3660140
29451	3660176	3660203
29452	3660291	3660298
29453	3660334	3660390
29454	3660517	3660610
29455	3660712	3660719
29456	3660835	3660849
29457	3660927	3661016
29458	3661054	3661112
29459	3661154	3661234
29460	3661310	3661360
29461	3661434	3661466
29462	3661554	3661620
29463	3661696	3661763
29464	3661807	3661909
29465	3661932	3662009
29466	3662142	3662196
29467	3662260	3662273
29468	3662362	3662375
29469	3662493	3662559
29470	3662575	3662607
29471	3662658	3662674
29472	3662791	3662899
29473	3662957	3663016
29474	3663055	3663131
29475	3663209	3663226
29476	3663273	3663351
29477	3663387	3663425
29478	3663505	3663591
29479	3663632	3663747
29480	3663836	3663993
29481	3664041	3664112
29482	3664126	3664255
29483	3664382	3664413
29484	3664463	3664473
29485	3664501	3664558
29486	3664601	3664618
29487	3664719	3664733
29488	3664826	3664879
29489	3664894	3664951
29490	3664971	3664989
29491	3665023	3665073
29492	3665157	3665177
29493	3665200	3665216
29494	3665240	3665260
29495	3665295	3665350
29496	3665387	3665442
29497	3665478	3665569
29498	3665620	3665672
29499	3665797	3665850
29500	3665990	3665997
29501	3666123	3666191
29502	3666220	3666311
29503	3666405	3666420
29504	3666460	3666565
29505	3666618	3666683
29506	3666776	3666826
29507	3666832	3666843
29508	3666910	3666958
29509	3667005	3667057
29510	3667148	3667167
29511	3667254	3667320
29512	3667396	3667462
29513	3667519	3667568
29514	3667617	3667662
29515	3667761	3667826
29516	3667926	3668032
29517	3668150	3668198
29518	3668228	3668334
29519	3668380	3668419
29520	3668512	3668522
29521	3668544	3668645
29522	3668661	3668693
29523	3668725	3668732
29524	3668808	3668895
29525	3668943	3669013
29526	3669057	3669118
29527	3669172	3669230
29528	3669350	3669444
29529	3669553	3669668
29530	3669780	3669834
29531	3669875	3669916
29532	3670008	3670059
29533	3670165	3670248
29534	3670375	3670424
29535	3670526	3670590
29536	3670618	3670683
29537	3670774	3670874
29538	3670892	3670937
29539	3671031	3671078
29540	3671112	3671158
29541	3671279	3671350
29542	3671456	3671483
29543	3671562	3671597
29544	3671649	3671692
29545	3671768	3671780
29546	3671819	3671912
29547	3671960	3672050
29548	3672063	3672097
29549	3672133	3672216
29550	3672250	3672270
29551	3672376	3672424
29552	3672466	3672523
29553	3672612	3672687
29554	3672754	3672830
29555	3672844	3672945
29556	3673006	3673031
29557	3673083	3673165
29558	3673232	3673282
29559	3673348	3673361
29560	3673410	3673447
29561	3673500	3673569
29562	3673646	3673673
29563	3673706	3673721
29564	3673779	3673830
29565	3673901	3674024
29566	3674084	3674159
29567	3674194	3674249
29568	3674320	3674418
29569	3674441	3674523
29570	3674561	3674626
29571	3674667	3674714
29572	3674763	3674798
29573	3674847	3674958
29574	3674976	3675014
29575	3675039	3675114
29576	3675136	3675183
29577	3675268	3675333
29578	3675388	3675478
29579	3675562	3675579
29580	3675670	3675700
29581	3675776	3675844
29582	3675891	3675948
29583	3676042	3676171
29584	3676253	3676311
29585	3676363	3676415
29586	3676458	3676581
29587	3676633	3676658
29588	3676764	3676835
29589	3676938	3676984
29590	3677048	3677067
29591	3677125	3677174
29592	3677271	3677308
29593	3677341	3677397
29594	3677437	3677543
29595	3677603	3677678
29596	3677693	3677746
29597	3677809	3677904
29598	3677994	3678040
29599	3678109	3678163
29600	3678292	3678351
29601	3678424	3678516
29602	3678583	3678646
29603	3678676	3678761
29604	3678795	3678868
29605	3678921	3678975
29606	3679050	3679086
29607	3679100	3679138
29608	3679198	3679232
29609	3679336	3679447
29610	3679504	3679516
29611	3679580	3679628
29612	3679753	3679858
29613	3679907	3679966
29614	3680025	3680116
29615	3680176	3680285
29616	3680324	3680387
29617	3680465	3680545
29618	3680613	3680691
29619	3680717	3680752
29620	3680822	3680956
29621	3681029	3681095
29622	3681126	3681221
29623	3681289	3681391
29624	3681528	3681567
29625	3681610	3681645
29626	3681685	3681718
29627	3681796	3681873
29628	3681990	3682028
29629	3682050	3682061
29630	3682094	3682205
29631	3682334	3682415
29632	3682421	3682521
29633	3682621	3682628
29634	3682718	3682822
29635	3682891	3682936
29636	3682961	3682977
29637	3683059	3683082
29638	3683122	3683180
29639	3683233	3683307
29640	3683402	3683451
29641	3683483	3683558
29642	3683640	3683699
29643	3683745	3683840
29644	3683865	3683886
29645	3683960	3684053
29646	3684172	3684195
29647	3684277	3684310
29648	3684392	3684466
29649	3684516	3684631
29650	3684693	3684737
29651	3684776	3684832
29652	3684889	3684986
29653	3685007	3685021
29654	3685097	3685152
29655	3685290	3685383
29656	3685493	3685513
29657	3685527	3685588
29658	3685618	3685700
29659	3685771	3685819
29660	3685964	3685991
29661	3686078	3686147
29662	3686165	3686269
29663	3686325	3686356
29664	3686425	3686515
29665	3686601	3686645
29666	3686703	3686752
29667	3686779	3686849
29668	3686939	3686989
29669	3687058	3687120
29670	3687153	3687210
29671	3687305	3687432
29672	3687441	3687457
29673	3687494	3687535
29674	3687664	3687757
29675	3687788	3687847
29676	3687951	3688018
29677	3688120	3688207
29678	3688301	3688353
29679	3688400	3688444
29680	3688551	3688640
29681	3688713	3688745
29682	3688830	3688880
29683	3688930	3688978
29684	3688990	3689107
29685	3689208	3689323
29686	3689361	3689392
29687	3689490	3689519
29688	3689539	3689546
29689	3689573	3689594
29690	3689665	3689733
29691	3689837	3689912
29692	3689955	3690060
29693	3690077	3690187
29694	3690269	3690321
29695	3690345	3690425
29696	3690531	3690636
29697	3690731	3690820
29698	3690910	3690952
29699	3691023	3691108
29700	3691153	3691205
29701	3691228	3691310
29702	3691351	3691427
29703	3691440	3691542
29704	3691610	3691715
29705	3691752	3691813
29706	3691881	3691935
29707	3691984	3692083
29708	3692218	3692234
29709	3692299	3692326
29710	3692383	3692477
29711	3692576	3692688
29712	3692736	3692768
29713	3692806	3692877
29714	3692974	3693050
29715	3693069	3693117
29716	3693123	3693199
29717	3693225	3693226
29718	3693297	3693350
29719	3693452	3693470
29720	3693550	3693595
29721	3693616	3693667
29722	3693747	3693864
29723	3693956	3693975
29724	3694046	3694092
29725	3694231	3694247
29726	3694355	3694459
29727	3694469	3694564
29728	3694594	3694661
29729	3694709	3694764
29730	3694876	3694896
29731	3694909	3695010
29732	3695034	3695067
29733	3695167	3695279
29734	3695354	3695389
29735	3695433	3695473
29736	3695542	3695565
29737	3695612	3695725
29738	3695742	3695774
29739	3695866	3695904
29740	3695940	3695995
29741	3696028	3696102
29742	3696205	3696266
29743	3696327	3696385
29744	3696512	3696564
29745	3696653	3696711
29746	3696763	3696868
29747	3696943	3696966
29748	3697007	3697080
29749	3697103	3697121
29750	3697176	3697223
29751	3697279	3697345
29752	3697414	3697428
29753	3697535	3697556
29754	3697568	3697725
29755	3697749	3697778
29756	3697851	3697913
29757	3697937	3698019
29758	3698111	3698124
29759	3698238	3698287
29760	3698345	3698449
29761	3698481	3698536
29762	3698639	3698811
29763	3698875	3698905
29764	3698945	3699010
29765	3699067	3699187
29766	3699267	3699374
29767	3699505	3699546
29768	3699632	3699707
29769	3699804	3699864
29770	3699915	3699975
29771	3700016	3700083
29772	3700123	3700178
29773	3700194	3700221
29774	3700259	3700293
29775	3700360	3700414
29776	3700469	3700516
29777	3700529	3700630
29778	3700674	3700685
29779	3700810	3700827
29780	3700908	3701049
29781	3701098	3701190
29782	3701224	3701318
29783	3701409	3701432
29784	3701500	3701548
29785	3701598	3701659
29786	3701715	3701740
29787	3701775	3701808
29788	3701861	3701979
29789	3702067	3702105
29790	3702121	3702249
29791	3702323	3702342
29792	3702386	3702456
29793	3702486	3702548
29794	3702611	3702680
29795	3702751	3702770
29796	3702803	3702874
29797	3702930	3703044
29798	3703094	3703130
29799	3703191	3703222
29800	3703302	3703313
29801	3703349	3703407
29802	3703433	3703491
29803	3703536	3703601
29804	3703708	3703736
29805	3703856	3703894
29806	3703961	3704091
29807	3704216	3704297
29808	3704380	3704407
29809	3704531	3704584
29810	3704620	3704667
29811	3704687	3704724
29812	3704744	3704750
29813	3704871	3704881
29814	3704962	3705021
29815	3705058	3705083
29816	3705187	3705207
29817	3705231	3705310
29818	3705426	3705466
29819	3705568	3705621
29820	3705746	3705821
29821	3705914	3706006
29822	3706127	3706144
29823	3706207	3706252
29824	3706331	3706420
29825	3706445	3706494
29826	3706534	3706613
29827	3706683	3706705
29828	3706768	3706826
29829	3706953	3707070
29830	3707166	3707205
29831	3707299	3707376
29832	3707438	3707456
29833	3707473	3707520
29834	3707544	3707583
29835	3707615	3707706
29836	3707806	3707855
29837	3707967	3707983
29838	3708068	3708137
29839	3708219	3708284
29840	3708302	3708382
29841	3708451	3708544
29842	3708606	3708652
29843	3708732	3708769
29844	3708794	3708839
29845	3708913	3708949
29846	3709052	3709099
29847	3709127	3709203
29848	3709247	3709279
29849	3709390	3709407
29850	3709418	3709450
29851	3709495	3709608
29852	3709623	3709720
29853	3709791	3709935
29854	3709952	3709992
29855	3710062	3710120
29856	3710141	3710187
29857	3710272	3710280
29858	3710303	3710435
29859	3710547	3710597
29860	3710737	3710750
29861	3710772	3710833
29862	3710913	3710965
29863	3710966	3711025
29864	3711078	3711226
29865	3711320	3711342
29866	3711355	3711434
29867	3711518	3711569
29868	3711682	3711803
29869	3711858	3711953
29870	3712077	3712162
29871	3712177	3712238
29872	3712303	3712340
29873	3712400	3712424
29874	3712454	3712588
29875	3712666	3712730
29876	3712789	3712812
29877	3712906	3712976
29878	3713092	3713156
29879	3713214	3713263
29880	3713282	3713367
29881	3713424	3713494
29882	3713559	3713643
29883	3713785	3713881
29884	3713911	3713926
29885	3713941	3714025
29886	3714085	3714112
29887	3714228	3714324
29888	3714398	3714452
29889	3714483	3714567
29890	3714645	3714688
29891	3714743	3714781
29892	3714802	3714839
29893	3714894	3714895
29894	3714986	3715039
29895	3715059	3715106
29896	3715192	3715237
29897	3715314	3715322
29898	3715412	3715428
29899	3715504	3715572
29900	3715630	3715736
29901	3715827	3715874
29902	3715948	3716048
29903	3716129	3716164
29904	3716256	3716376
29905	3716466	3716523
29906	3716577	3716595
29907	3716644	3716775
29908	3716816	3716851
29909	3716931	3717000
29910	3717054	3717131
29911	3717145	3717263
29912	3717313	3717369
29913	3717418	3717452
29914	3717462	3717546
29915	3717629	3717745
29916	3717859	3717912
29917	3717962	3718016
29918	3718034	3718103
29919	3718213	3718251
29920	3718279	3718361
29921	3718405	3718467
29922	3718510	3718537
29923	3718567	3718587
29924	3718678	3718828
29925	3718950	3719072
29926	3719187	3719278
29927	3719289	3719331
29928	3719365	3719426
29929	3719447	3719578
29930	3719623	3719684
29931	3719729	3719751
29932	3719840	3719977
29933	3720043	3720075
29934	3720198	3720232
29935	3720279	3720352
29936	3720387	3720460
29937	3720549	3720639
29938	3720703	3720757
29939	3720792	3720878
29940	3720930	3721004
29941	3721089	3721172
29942	3721198	3721284
29943	3721330	3721401
29944	3721493	3721535
29945	3721613	3721665
29946	3721694	3721719
29947	3721741	3721758
29948	3721824	3721891
29949	3721937	3721955
29950	3722002	3722093
29951	3722194	3722268
29952	3722327	3722425
29953	3722490	3722502
29954	3722604	3722645
29955	3722770	3722860
29956	3722896	3722917
29957	3722991	3723087
29958	3723129	3723177
29959	3723224	3723252
29960	3723310	3723405
29961	3723514	3723635
29962	3723686	3723800
29963	3723876	3723959
29964	3724034	3724143
29965	3724171	3724190
29966	3724292	3724370
29967	3724399	3724444
29968	3724473	3724619
29969	3724679	3724787
29970	3724902	3724998
29971	3725100	3725112
29972	3725172	3725249
29973	3725333	3725437
29974	3725494	3725505
29975	3725643	3725749
29976	3725866	3725973
29977	3726071	3726165
29978	3726203	3726239
29979	3726273	3726341
29980	3726405	3726542
29981	3726576	3726668
29982	3726707	3726767
29983	3726854	3726954
29984	3727006	3727059
29985	3727183	3727202
29986	3727242	3727312
29987	3727353	3727375
29988	3727468	3727582
29989	3727621	3727656
29990	3727692	3727799
29991	3727890	3727926
29992	3728040	3728193
29993	3728223	3728256
29994	3728300	3728312
29995	3728327	3728339
29996	3728389	3728485
29997	3728554	3728613
29998	3728737	3728776
29999	3728808	3728926
